Return,Risk,Sharpe
0.24762014332223903,0.3088451417859595,0.8017614973326939
0.4345487066789953,0.376575425309336,1.153948658019937
0.28948880169551366,0.32478820631854344,0.8913156206527737
0.3553859347952888,0.336876988060379,1.0549427458416731
0.34425710971738793,0.3317624149061066,1.03766157421665
0.28857923694603527,0.3088706453603156,0.9343045099329228
0.48326727259640456,0.4128629851441408,1.1705270028692056
0.383760572589467,0.3633635840394831,1.0561338269598517
0.35600234091689864,0.34582348737306146,1.02943366750812
0.48115844356945214,0.42430768636114624,1.133984745117056
0.2787649631472277,0.3087243215135988,0.9029575699786535
0.25504732053092327,0.31456337621364305,0.8107978862666515
0.39895462717471897,0.36487757311556,1.0933931175001717
0.3939858687359808,0.3555336877610319,1.1081534107698794
0.3091011319289087,0.3162061571780531,0.9775304019613267
0.4167139996079173,0.36790159484418167,1.1326778830203474
0.31768193484458274,0.3167361967961604,1.002985885598137
0.37173550787665754,0.3439089100678324,1.0809126980843171
0.26509588250666727,0.3019327280454997,0.8779965134045312
0.41976007385476477,0.38499093712695387,1.0903115719743437
0.3192597489428232,0.3207043540275751,0.9954955239409452
0.2831366959049049,0.3049324622409931,0.9285226434210779
0.35660451051764563,0.3358937536716586,1.0616586543202948
0.359003729118814,0.3446472591399487,1.0416555466440998
0.34095765682065127,0.3383111675588604,1.0078226482468404
0.36666241885259093,0.35696505859158595,1.027166133008273
0.4088935628735519,0.3617593835551774,1.1302915182328237
0.4072582154397253,0.358750404942125,1.1352132564294268
0.35224579450323645,0.3422916915486237,1.0290807612348918
0.28475487089210655,0.30901918134892087,0.9214795976389022
0.4041535822945218,0.3559010496825299,1.135578506034287
0.2715848447908764,0.3161206658724977,0.8591176538278452
0.2539625624271555,0.3161081409026777,0.8034040556562085
0.3237801683580877,0.34015411189701317,0.95186316153108
0.2589980265888853,0.3051220393788357,0.8488342143889404
0.23190381421128772,0.31283455659472037,0.7412985852190266
0.291602903255331,0.31725119416042097,0.9191546276981997
0.48903724652360614,0.41474985832862116,1.1791137156606921
0.2747652420364772,0.30865236047830646,0.8902094304760354
0.35832527413585963,0.34430707453012277,1.040714236339371
0.3397213822423988,0.32058217765557123,1.0597013992692708
0.3706524130744885,0.3430701221632156,1.0803984058342178
0.36842314215678545,0.3443996095616004,1.0697548194835806
0.4457492988654917,0.3820132306502734,1.1668425674857517
0.4030443083053493,0.35957257170918344,1.120898366606575
0.4917741455723418,0.44911806970833834,1.0949774207297085
0.3204463008377293,0.3211456229400905,0.9978224143428799
0.2837704062870707,0.31264054985056483,0.9076570727076401
0.431675818781223,0.3706855289211383,1.1645337762107786
0.454911227203482,0.3936775452867261,1.1555427345294935
0.26757378208042765,0.3125170660441563,0.8561893450088306
0.45296614943340635,0.4063814142948517,1.1146330356160308
0.24720506566782513,0.308475077512865,0.8013777568708622
0.2744897773191767,0.30593608632632313,0.8972128153146189
0.3108614421086333,0.31666192962243306,0.9816823969944355
0.34991527585388577,0.3332844701300221,1.049899731953834
0.26645533432017265,0.3033754638980491,0.8783021899546772
0.38798882955516917,0.34435742202217684,1.1267038395071456
0.3717375371308683,0.3488336596992791,1.065658450080001
0.3357266130579803,0.3433006524781724,0.9779375909555731
0.32450371435512376,0.33729639908807446,0.9620728689439395
0.34317232691857047,0.3331427059153087,1.0301060801427586
0.25575839876551293,0.30363758677059266,0.8423146866818768
0.39182542932927056,0.35519067036621543,1.1031411070715436
0.2531372101115934,0.311625385131453,0.8123125463761962
0.3800795668106155,0.3527091531960014,1.0776005197670737
0.3847220135926778,0.3596471119666975,1.0697208479969726
0.39875136879321055,0.3544000685753328,1.1251447280926534
0.3501090089466502,0.33572335499602807,1.0428497265279395
0.35831554913975844,0.3349913623107408,1.0696262335486189
0.4256332406690095,0.36779482177902467,1.1572572952773512
0.38183668565806134,0.3614824181175449,1.0563077663542069
0.3252116521000675,0.3343567664585069,0.9726486338072231
0.33719491939876534,0.32601338005324254,1.034297792758373
0.36427357361989554,0.34517361024109217,1.0553343674374838
0.2860687945188099,0.31270068962736436,0.9148326307169617
0.3823966749964854,0.3557636514733539,1.07486156444829
0.4081780722521469,0.36014043011836455,1.1333858631700813
0.371491938090099,0.3432108333924198,1.0824015501437951
0.2729965377696661,0.3129139085515788,0.8724333764303321
0.3908792961728854,0.35536583084932183,1.0999349465836
0.27416934550530264,0.3204102622914572,0.8556821605667172
0.46527306384703854,0.40640390199059684,1.1448538303104279
0.4492169870295224,0.3987070412840415,1.1266843584773747
0.3523721348011959,0.3342992700637969,1.054061932991807
0.29896750299768393,0.312899063778196,0.9554758630074148
0.4025651686567439,0.3572382858657991,1.1268813690590052
0.3288766033080687,0.3176010784799158,1.035502161649196
0.3730297533856169,0.34317109327076756,1.0870080863462774
0.289597689550436,0.30597490997774884,0.9464752831253261
0.2660968125301936,0.3054707910050904,0.8711039495941835
0.35685119925789577,0.3425702747356242,1.0416875764638154
0.27227815764256497,0.30924701507493774,0.8804552489426152
0.33884426344890667,0.33706180573010186,1.0052882221850792
0.5369420192463158,0.45028744128794324,1.1924428043351978
0.3481585220758959,0.32581127935555226,1.06858953061584
0.2530046229543533,0.3095389233799894,0.8173596399176115
0.45002216624629315,0.3965871491844862,1.1347371370244521
0.3490122894455936,0.3371154670608692,1.035290052065681
0.4389319417847482,0.37761557243702515,1.1623777561714534
0.3719140149899848,0.34704282560853184,1.0716660525623656
0.31186487261743084,0.3402072378218944,0.9166908811643174
0.31031185050908217,0.3122841809845968,0.9936841806418241
0.3973221169621298,0.3602256987278944,1.1029810431772031
0.3024387639862333,0.3203221193090049,0.9441707136511542
0.36213826461669735,0.3324162253164459,1.0894121196158744
0.3291319969950967,0.3224165613582767,1.020828445066622
0.29524255509207514,0.3150523071006552,0.9371223394905942
0.32286134369995456,0.31831855080541455,1.0142712163116028
0.2961740906871748,0.32523905934360353,0.9106350611298423
0.4364690145233657,0.37343374811308805,1.1687990620258255
0.3515206200252604,0.3427930288852782,1.0254602351989575
0.3651544789246577,0.33759292563758253,1.0816413828430262
0.3711135747168435,0.3494191105710728,1.0620872284584388
0.4239311914802624,0.36862621979954896,1.1500299455388363
0.34805628489832796,0.33859265682233197,1.027949891662777
0.40705282349146654,0.35940646089670814,1.1325695772855118
0.2969551687421978,0.32757045375947713,0.9065383197235517
0.3261495987294875,0.3244424747523503,1.0052617154348866
0.452361963559495,0.3861319688166561,1.1715216560436785
0.42566526285455075,0.36756903862299806,1.1580552716006633
0.2805030362717074,0.3091417847833916,0.9073604736682532
0.3314224213028708,0.3285421937071437,1.0087666900961112
0.40268938531289067,0.36901194156320843,1.0912638317530263
0.4206165622464652,0.36633714285139535,1.148167938889801
0.4485863172415002,0.4033434759795223,1.1121695129742841
0.4536797737164345,0.39134473321573504,1.1592842197938467
0.2953525294495706,0.31938756926967476,0.9247464769055861
0.3619173189000079,0.33837472862977985,1.0695754980449095
0.40434657216145037,0.35503605750363043,1.1388887512004768
0.3869321762933692,0.34662761823211724,1.1162762455767798
0.39216810081860415,0.35081330433036284,1.1178826343749417
0.34655540706042104,0.32989562031213265,1.050500175578341
0.2745209785739011,0.3128465682278649,0.8774939745349901
0.43397668031024145,0.3699026821076728,1.1732185282828465
0.3582345317335055,0.348428623718906,1.028143233210686
0.3313303755855764,0.3282580010724582,1.0093596332856483
0.28371059880477156,0.3086659927273703,0.9191508150862586
0.4171678403739222,0.3772541169006061,1.1058006306232888
0.4244673043259003,0.3768802699338,1.1262656556695287
0.24846017896094164,0.30237123047028347,0.8217057508232745
0.4756052405622301,0.4190947890835984,1.1348393083154258
0.2705147156231568,0.32274484288641353,0.8381689795686726
0.41521673309871143,0.36114025230741204,1.1497381708236392
0.3010487325787562,0.3081839696309866,0.9768474750300153
0.4435580647547323,0.4048713498948056,1.0955531056222634
0.3294555001860147,0.33248059583164413,0.9909014370054811
0.35411151929068363,0.33697742730030655,1.0508464086975997
0.45798722293289923,0.4009477368526602,1.1422616486826556
0.27666453364306953,0.3069526465970992,0.9013264316505949
0.39937863208184543,0.3591937554269199,1.111875209543005
0.4563766054587819,0.39024864268345777,1.1694508463132887
0.3465508094307496,0.33318276389009904,1.040122260181082
0.24182020063570042,0.31401089432769036,0.7701013085977382
0.3226147312332143,0.3148802747604103,1.0245631660436307
0.4309899909108931,0.38769777916996884,1.1116648432539633
0.3416950896118738,0.32857965889803753,1.0399155284226105
0.321627182745479,0.3178968307110586,1.0117344738105016
0.3214607594222542,0.31678263468670065,1.0147676173606557
0.26777415253568887,0.308379388485741,0.8683270106039216
0.3643044314186503,0.34887530002212913,1.0442253475541046
0.4224793153735961,0.3698586380743884,1.1422724032434908
0.34086517482972456,0.32062483063451874,1.0631278125126804
0.3625199840804994,0.3346732750688274,1.083205654846343
0.3467581897270722,0.33593755672301984,1.0322102509454576
0.3124655364301572,0.31473843453639255,0.9927784539260883
0.37928011263244904,0.35202882815111247,1.0774120819151738
0.34970046836768764,0.33130134356950824,1.055535919655331
0.2587244481858608,0.3037543191403308,0.8517556192059718
0.2963790636137234,0.32987054067777966,0.8984708455770501
0.3504960027899327,0.33798846102301905,1.0370058247818756
0.3013055448949312,0.3258812413278165,0.9245869558715605
0.351061895388682,0.3365998839973013,1.0429649922027207
0.3121813533807422,0.3241012022697199,0.9632218306951609
0.29829195833191424,0.321676189411256,0.9273050606507729
0.27927522422736073,0.3032971159675243,0.920797493693492
0.34310441708625866,0.32173231266345026,1.06642821868242
0.26471015599693093,0.31438403445287033,0.841996179792056
0.36728915252217875,0.3394747428742452,1.0819336643793767
0.49841346492727556,0.43471009192120247,1.1465421994795102
0.33923901187323924,0.33807748352188355,1.0034356868113652
0.28112736231264646,0.30733967702037346,0.9147122331816943
0.3616911700666459,0.3433425338254236,1.0534411977356464
0.3078880016689487,0.3196838959522162,0.9631013809809468
0.29856552761904526,0.31014250170963187,0.9626720812956315
0.3343338587170414,0.32752424334245717,1.0207911796241116
0.40606068137710294,0.38019499308782834,1.0680326904865352
0.2438851850264031,0.30720458617743085,0.7938852347912
0.25027554853744244,0.32833937285856435,0.7622465327825648
0.37757350241803345,0.3446942501398246,1.0953867152262373
0.2746356412337715,0.31044011148632317,0.8846654509910873
0.267188276657058,0.30319776848432056,0.8812343111650417
0.40178394389755845,0.3636310973375207,1.104921847552066
0.2969026529166832,0.30869552996537974,0.9617977071128335
0.23186113843796466,0.3092200786371238,0.7498256240664712
0.3535417353448742,0.3402142681525851,1.0391737456064358
0.3422926592558203,0.34061173138282197,1.0049350263602903
0.33535855710864954,0.3277534510083197,1.0232037407292982
0.25240880848348707,0.3155797179273392,0.7998258257572911
0.2575189220667679,0.3051686123943267,0.8438578268135002
0.4159696030887444,0.3580162283025425,1.1618735973533252
0.3795666585915581,0.3416081390883714,1.1111171402545743
0.4237837983223714,0.38112099108436787,1.1119403240336332
0.2507653926343136,0.30514595830509067,0.8217883468854391
0.4183593548762176,0.3658487756374695,1.1435308322332134
0.3852669736345144,0.3591606454324185,1.072687051140207
0.24450529938166596,0.30900666340148786,0.7912622229248946
0.32277422936319716,0.33120567119042255,0.9745431840073239
0.3471432780598887,0.34290556516618337,1.012358250562809
0.3281167767420609,0.33075209486198615,0.9920323463982144
0.3588228306290774,0.34361875276109555,1.044246938637114
0.43081801693197513,0.37056661340896885,1.1625926387936922
0.27992159027933344,0.31514706256765646,0.8882252875805855
0.24497809919961075,0.3208332190942399,0.7635683732850997
0.2844960412725305,0.32013338882892756,0.8886796916536535
0.2654358341843487,0.30700955086108883,0.8645849402400162
0.27629041449949354,0.30803886076603476,0.8969336330241295
0.322136759365423,0.3250014259126041,0.9911856800654425
0.39075871420529495,0.36187144922585057,1.0798274222551758
0.3420777492910973,0.32858927119838693,1.0410496607010844
0.29916070331712163,0.31928593094116325,0.9369680099441957
0.34339334022499424,0.33312922950433776,1.0308111982125627
0.3707651262980066,0.3427766763000147,1.0816521424389305
0.3513538166516916,0.3375402041104649,1.0409243473014727
0.2855415407478933,0.3049334848914216,0.9364059865369222
0.4594839301328052,0.3891876316359498,1.1806231565000278
0.2905657451892079,0.31910397899162424,0.910567602783902
0.32758541602675006,0.32627730805555616,1.0040091907677844
0.3462481282868839,0.3281648026041118,1.0551044034560504
0.31442222985987955,0.3118988065767721,1.0080905192001315
0.2758126393059417,0.30957487678324624,0.8909399954281699
0.30349883433022,0.3103442716278336,0.9779424403044156
0.3047922671477339,0.3165608742897851,0.9628235574959968
0.4027359559976599,0.3577419966303232,1.1257720921534178
0.2644575673453674,0.3126510881574568,0.8458552596246899
0.3291233996904994,0.3398389947267114,0.9684686124827165
0.3583171606815636,0.3430468080102368,1.0445139039768332
0.4231663104715687,0.37327707302077606,1.1336520270239472
0.3807248769822023,0.34728013861370877,1.0963047829397905
0.3440723981756462,0.32491233126374125,1.0589699591806263
0.3913545334233544,0.34744328266995367,1.1263839393179844
0.35391867854938325,0.34199683768178285,1.0348595061533676
0.38827632480724156,0.34258965272993286,1.1333568358333461
0.43778769383069716,0.3749682574275345,1.1675326781902413
0.35259267844243375,0.3430249976877825,1.0278920802248928
0.3309584097240579,0.32457993959173326,1.0196514613329082
0.3846318645675894,0.34288586137732885,1.1217489779910206
0.30925370730895413,0.3143979709639152,0.983637732650789
0.3257805545874019,0.31993854163677526,1.0182597973996488
0.2599048543455413,0.32519861956408375,0.799218811856993
0.37896151205432205,0.35795077746304144,1.0586972732401734
0.24717315429051018,0.3093706021132546,0.7989548864763332
0.3467739355853918,0.33194483284016507,1.044673395330022
0.35730153010841065,0.3394023683223094,1.0527372919481326
0.3751241899428114,0.34404306398949785,1.0903408009244515
0.2728504044797839,0.3091074919935883,0.8827039510431652
0.3962525152014985,0.3587371641457952,1.1045761487941534
0.3275696457834786,0.33279918600849695,0.9842861988704358
0.3640456898804409,0.34228934074547923,1.0635612814806854
0.374854702101704,0.35223534155623615,1.0642166128064596
0.3349112710360891,0.3316677356416443,1.0097794721822122
0.33449063445087857,0.32550819300101486,1.0275951316833236
0.34834313957837487,0.33169790954398537,1.0501818961032139
0.2656864916703873,0.3019457268798776,0.8799147264504419
0.317218614284835,0.3275947390837372,0.9683263387320455
0.26113739866621605,0.3084334657717873,0.8466571486099175
0.37330939187958345,0.3391706981673293,1.1006534287800176
0.2770139912209903,0.3248698409670315,0.8526922363627539
0.43881620778331526,0.4085384314754084,1.0741124309861394
0.2755423429811594,0.3089063554255955,0.891993117466072
0.4056493651705731,0.35516063320308994,1.1421574556620762
0.40425210416379215,0.35853511542898486,1.1275104913506373
0.24383013922059874,0.3061731484268994,0.7963798931205575
0.3127462983868649,0.3418891741139324,0.9147592906309581
0.44675812093234946,0.3833379126485015,1.1654420452328194
0.4237432093950372,0.3642721825503446,1.1632598636226452
0.2666837675339192,0.3114029030163578,0.8563946095258799
0.35619670535193804,0.33281670849439393,1.0702488675022093
0.3697758969828908,0.33816327076116304,1.0934833228652294
0.4014588250225032,0.3581656047386123,1.1208748682484073
0.27238754917446883,0.31092545382426967,0.8760541982787236
0.36891365522798947,0.36779840500837413,1.0030322323436665
0.38434785055136744,0.36626214922061195,1.0493791164859405
0.39539323225848727,0.3657563363550836,1.0810290703334025
0.45582731152246236,0.3905097506353899,1.1672623046692066
0.3024334315228423,0.3214696939028522,0.9407836485334053
0.3123226430770794,0.3159035972228451,0.9886644084548375
0.4224895053824807,0.3727277430860232,1.1335069986592676
0.295274468639143,0.3141308588954556,0.9399728179440399
0.35784126680193196,0.3376118929124283,1.0599190203727533
0.3567219516303778,0.32789299261490373,1.08792185153323
0.3465159053598833,0.33184156213705035,1.044220932207318
0.3752230161431679,0.34901321149812836,1.0750968839618842
0.3683205129551591,0.33587274913034787,1.0966073130637302
0.40179139050499113,0.36931437201337214,1.0879386803025446
0.36031249034339596,0.3447906642523416,1.045018115918865
0.35644672618829554,0.3430129736965777,1.0391639778138568
0.36587973601995355,0.33768983553395887,1.0834786763463593
0.37585113041117646,0.3587924053133481,1.0475448332941448
0.42159892471404026,0.36896302534490943,1.14265900850072
0.3629326301767597,0.34020369338797374,1.0668097884606607
0.3001996163054121,0.31513511677423106,0.9526060420631604
0.4124631338372544,0.38467517771312676,1.0722374557394776
0.2835223867484972,0.31391233511187316,0.9031896967268092
0.46665699200404076,0.3982602077750179,1.1717389357353547
0.39904587609031383,0.36229559741396666,1.1014372764633833
0.32688682105546263,0.3161505017023816,1.033959520213534
0.3855745705368836,0.3429304508943758,1.1243520939341791
0.3416078235763998,0.33043087690156675,1.0338253700127502
0.4059370403437545,0.361815195366355,1.1219458042184327
0.2957923273804784,0.32529463040245643,0.909305902204787
0.41310475005573166,0.36282348282119536,1.138583277034788
0.3584298370396599,0.33250088774602204,1.0779815941828206
0.28609062451086903,0.3117973466522664,0.9175531080767442
0.3968503227809624,0.3550947919477398,1.1175898148327894
0.36536981692180964,0.3409409550830066,1.071651297606225
0.38887875866241584,0.34646537081924783,1.1224173941045763
0.3002399666761503,0.3172575446406535,0.9463603679345802
0.26175293261180443,0.3118428926172608,0.8393743734703806
0.3387169353170236,0.3317662744443524,1.0209504744998938
0.38361745050559487,0.3452669120843649,1.1110750468085953
0.2620142855750641,0.30387305865809444,0.862249146838226
0.31073527969397124,0.3111306010468435,0.998729403820961
0.28282235708122244,0.31869647809349894,0.8874348369744087
0.2484147529611979,0.3186637635490669,0.779551305722741
0.26631780521303006,0.309241190527017,0.8611977103023185
0.3384052222510254,0.3287361615342048,1.0294128296433689
0.39467705000238956,0.3702337980023084,1.0660211253860967
0.29524087766655593,0.31985105771675726,0.9230573748110136
0.43982414926157765,0.39231240225770636,1.1211069207357387
0.3734327698523159,0.33682929273954076,1.1086707062057082
0.4135766524354283,0.3602451319291714,1.1480423072496717
0.28154355851190177,0.3054860889309618,0.9216248094869194
0.3352484879259816,0.3260220340125884,1.0283000930944348
0.3850793778357721,0.3493775048202805,1.1021870971167895
0.2624786336954151,0.30862215308497387,0.8504853947511216
0.4050283529803807,0.35407771462506693,1.1438967668701359
0.47079939979917196,0.42298449258162807,1.113041749889487
0.3332140597190764,0.31984600955568576,1.0417952694859658
0.27912956637649244,0.3093302428128609,0.9023675274627468
0.2815424066058798,0.3206737058363278,0.8779716000462456
0.3086297401821816,0.3169450888313992,0.9737640716255395
0.3270393623245606,0.31913369168923444,1.0247722845979688
0.28230743633463906,0.30499738738401266,0.9256060806160107
0.3320671621094123,0.32389130052099985,1.0252426094040223
0.3528000105226891,0.34121714812374343,1.0339457218449792
0.30330560052660643,0.3149711592952235,0.9629630890818073
0.26536735466900135,0.3149398604390867,0.842596914531645
0.3689774428285965,0.3412080167999914,1.081385620094861
0.35246207131512064,0.34074691230449655,1.034380822210225
0.35880105226714354,0.3284669969298777,1.0923503902090403
0.2593218011688279,0.3107247238697924,0.8345708636867126
0.3204827665804766,0.31535122372340113,1.0162724685082447
0.2722637427180571,0.3074635322139469,0.885515562634608
0.2817906711647241,0.31119228224151096,0.9055194721893238
0.3657614210361686,0.34530356627321845,1.0592459990603256
0.269699357567407,0.33654660722572527,0.8013729800773681
0.43432671415548696,0.3721256567311495,1.1671506823010487
0.3669536115525866,0.3414804305353579,1.0745963128173786
0.3369118418421998,0.32171714106982413,1.0472300006205697
0.3780333481836244,0.3368137997645185,1.1223808182679105
0.28744661566950314,0.3062430210913436,0.9386225836107004
0.2875408309958011,0.3243670663637902,0.8864674031774635
0.3301495457633241,0.32405567480946945,1.0188050123098062
0.3546382320905733,0.332265488163617,1.067333938443644
0.24198650112758638,0.30451972967608937,0.7946496648508845
0.4190051041428477,0.3659366680255585,1.1450208212356097
0.34434600674087734,0.3281138833514229,1.0494710044684978
0.4056619898802197,0.3648718546040259,1.1117930439454173
0.3900720626786938,0.3448699590278391,1.1310699945517895
0.3429455622372852,0.3248786661443212,1.0556112111250116
0.36377638028801135,0.3389659013593382,1.0731946158276597
0.4977951436477601,0.4304393053399807,1.1564816165070675
0.3677604312213252,0.3582518212001258,1.0265416934639606
0.3521683507946977,0.3334452494651776,1.056150451564539
0.5868502653683222,0.5145041836180102,1.1406132040396095
0.45324632737272263,0.4071301736227963,1.11327127473645
0.38454114777374215,0.3623123442949876,1.0613525976378444
0.5559050315666694,0.4767652911283767,1.165993082782914
0.3647575534272932,0.34542035346062017,1.0559816460522429
0.2712879448910915,0.306121463431432,0.8862101397599557
0.3707028296186683,0.3361108210316867,1.1029184614788716
0.34081009863463047,0.32935902732727307,1.0347677469182555
0.3301835754801051,0.3337938314596714,0.9891841740640359
0.2897100454431832,0.3201173433632132,0.9050120259009862
0.35240358385709525,0.32988944916119206,1.0682475136842047
0.3791578882897315,0.35328212907440537,1.0732438951359364
0.35610607431674557,0.3416105332920175,1.042432945158447
0.3355361136483944,0.3273587970247727,1.0249796758111953
0.3298408083381801,0.32837115156716523,1.004475596482824
0.3517766001495015,0.34227818435859775,1.0277505731447742
0.30506003612429733,0.31360303973535203,0.9727585433538396
0.45365947127444867,0.3853906693228491,1.1771418131932236
0.33102512150081387,0.3197074992593745,1.035399927332507
0.2667590832422689,0.3019758267303287,0.8833789317861221
0.3443759448092961,0.3324570349720373,1.0358509779715184
0.3562216378385966,0.3290971242696301,1.0824209984489057
0.4103954146392759,0.3685634372167093,1.1135000740672225
0.4005618274993451,0.35857647507870993,1.1170889763792204
0.3919434748219339,0.35289606905790616,1.1106484576840683
0.44091819573965835,0.38808928751224914,1.136125654397873
0.4059220119179141,0.3567690302369066,1.1377725573555761
0.43868392139325857,0.38500345012668846,1.139428546027071
0.38023897656336597,0.3541804533267496,1.0735741427621248
0.353894076500089,0.327926993190546,1.0791855621792454
0.2947802711375992,0.31101607466892006,0.947797542141177
0.3172313390274963,0.3124242685823246,1.0153863541618728
0.2694103984369707,0.3054848615898096,0.8819107992288078
0.2625547116757932,0.31049102781845583,0.8456112678054871
0.36290365288697973,0.35151969460126686,1.032384980018334
0.37704030587724136,0.35062102484800206,1.0753499623723144
0.45330768009858186,0.3890708310304081,1.1651032252868971
0.26452587745371925,0.32531930865784187,0.8131268892248177
0.38541036277159013,0.3416761620143436,1.12799898154853
0.45415945559651766,0.386773161419085,1.1742269136001833
0.5278157377559582,0.4445926909218961,1.1871894174901816
0.2707335697385652,0.3054823756766573,0.8862493920930072
0.3803576320712772,0.3423582127756448,1.1109931582699735
0.49725901012815366,0.42210984725722694,1.1780322429320915
0.3679324631612405,0.3392382786400059,1.0845841590644445
0.42886343015961176,0.39753070599574797,1.0788183747602103
0.42878368253448196,0.3721112884366306,1.1522995831057743
0.3203021998279402,0.3193423093596648,1.003005835556836
0.2674559418072006,0.30176068545041623,0.8863180483832365
0.5455318158762437,0.45956867912743005,1.1870517740939817
0.3515496203437393,0.33593106304621706,1.0464933404963908
0.36081149288174885,0.3319846504915364,1.0868318530616745
0.2720610736135616,0.3093643101313018,0.8794197155389133
0.3084910968919918,0.3253971951379911,0.9480447327186396
0.3419373391929071,0.3264084851745662,1.0475749091205024
0.39227421480869756,0.3528273528708738,1.1118021650443308
0.333042473431762,0.33130139016427257,1.0052552851245995
0.2868861699926623,0.3186037959129458,0.9004480601701622
0.3579587586587858,0.3290643062811405,1.0878079202943358
0.41189168951388716,0.36998886199501896,1.1132542944480106
0.28333938096627376,0.3096884063114224,0.914917624269563
0.2978623235248446,0.31228412252243154,0.9538183405512363
0.29480822422869074,0.32738168007573043,0.9005031196629428
0.41830251829377585,0.366340110874835,1.141841982017346
0.5473352657052521,0.4910764349992449,1.1145622691223083
0.46204889920352665,0.4008061748557068,1.1527988543835874
0.37552370226110376,0.354161482565977,1.060317738508301
0.2643323907476422,0.31039999974845717,0.8515863110884427
0.44809625755146165,0.3901228862375277,1.148602846331442
0.41303428595295744,0.35998661418246813,1.1473601230728006
0.29103697771672454,0.3203013183648163,0.9086349666074109
0.3350368175518629,0.3359519098546153,0.9972761211473736
0.35840264262470434,0.33041389442786095,1.0847081453560186
0.42192756035633744,0.3671869185711441,1.149081132841575
0.33046933178461574,0.34141169549814093,0.9679496518197491
0.3111895893187819,0.31830996890471175,0.9776306736153105
0.4601888206102681,0.4185806651863766,1.0994029559520269
0.31760037987848494,0.32473571700260406,0.9780272487733097
0.31592848502755033,0.3192659372544265,0.9895464819843387
0.42549267298685894,0.39144950770141096,1.086966938559584
0.47004807150534206,0.4205163240310603,1.1177879303221132
0.394011354894754,0.35522174128717715,1.109198309391253
0.26701918554312987,0.3122491519626711,0.855147832635432
0.2586340618279627,0.3091369277111929,0.8366326978237559
0.29026813878281615,0.33171130075686855,0.8750625562665753
0.44476583453533486,0.3789041104256395,1.1738216142224216
0.2783951474429275,0.30459649401170225,0.913980143948183
0.32160014943654236,0.3183635986770455,1.010166208614761
0.41828737959948953,0.3669661425011466,1.1398527851876215
0.32453565173329635,0.32947917063169413,0.9849959592622507
0.3387625854800271,0.3275507240451147,1.0342293898680808
0.34769668336918963,0.3254960909060749,1.068205404253291
0.3618451539704237,0.33017319163661324,1.0959252996187179
0.2907100438031756,0.3136525217881387,0.9268538385912933
0.34073220507889945,0.3299843390136192,1.0325708368385225
0.511128811238439,0.4364672237136122,1.171058864144667
0.38887218749383,0.35062387639015724,1.1090864418517576
0.38441573160783493,0.35537470278939026,1.0817194600248616
0.31452670193259663,0.3256759967212458,0.9657656846040388
0.3642666000620236,0.33705911479720746,1.0807202181171858
0.36203099048663984,0.34419260210685854,1.0518267628955116
0.336510572830996,0.3261353327586483,1.0318126833562855
0.3363567521694106,0.3231373251693951,1.0409096256307921
0.4239349736759285,0.3790480864065501,1.1184200339722457
0.34492983697029334,0.3321025622768012,1.0386244376000955
0.34378293992801273,0.3383915824170729,1.0159323038487846
0.34704440339202,0.3272788853010913,1.0603935022350883
0.3438255029126917,0.327485278794094,1.0498960569426743
0.3411249123700394,0.3312541459903622,1.0297981670543812
0.3749315810164338,0.34348323862321256,1.0915571383316285
0.2628592796464285,0.306292987742126,0.8581955518607395
0.41725427588497105,0.359852205102466,1.159515684407603
0.43166038328925405,0.3775737985546159,1.1432477172454394
0.4263661151434718,0.3819736398399688,1.1162186880804172
0.29234539918070057,0.3277082886940774,0.8920903415220331
0.35110320325589706,0.3381308636189943,1.0383648493309974
0.3758205573644262,0.3438551041587262,1.0929619854964971
0.34571626199245153,0.33219601076223343,1.0406996194782576
0.3862125119686573,0.3503799085341907,1.1022678600047924
0.2916663404851957,0.30606162574152096,0.9529660563572823
0.3408198671714305,0.3264683462717082,1.0439599154515826
0.3479929593004705,0.34166121339280037,1.018532235031287
0.2805250501284818,0.3127982648775313,0.8968241887093417
0.30715403584068934,0.31461922240592805,0.9762723125810572
0.31929361058865013,0.3292008919280805,0.9699050592439015
0.4107330702200068,0.37712203532447586,1.0891250888233355
0.4742139169463494,0.42180675331385176,1.124244486890667
0.3864144119825111,0.3469325787008468,1.1138026109554522
0.31556400930747525,0.3248719994950005,0.9713487459615044
0.43103896246379425,0.37997783514853994,1.134379225817984
0.3621738993773275,0.3452819880130266,1.0489220751464847
0.40087840510850103,0.37423924414432,1.0711821685753191
0.3230540303616946,0.314112622344708,1.028465611952309
0.3211826805979517,0.31449263780971415,1.021272494118878
0.2628950512345829,0.3166665941491342,0.8301950887524702
0.3852229114941536,0.3475997372408433,1.1082370618342618
0.2977317377015113,0.31571082492454455,0.9430520406535623
0.38240908190371325,0.3530378021508647,1.0831958492090805
0.3937498155056256,0.35923710056496405,1.0960722455625662
0.3195387889605097,0.31364367901554446,1.018795564327866
0.3460262099809649,0.34041265652969993,1.0164904369552288
0.2831979407525374,0.3039658066705425,0.9316769667434514
0.2777207431047347,0.31647055475491975,0.87755634428551
0.3688961723897354,0.34310475867184476,1.0751706674594923
0.3474317942481207,0.3361618264372422,1.0335254241396814
0.3721767758427041,0.3488424247924967,1.0668908062546791
0.34967491674839246,0.3281973770473344,1.0654409242824645
0.3743540623231427,0.3533693793210811,1.059384554039116
0.3340978295939878,0.3221497584068898,1.0370885616869128
0.28895737825042056,0.30929330577936937,0.9342503470040985
0.39951595456833044,0.3569215389539251,1.1193383165926107
0.48610460603984706,0.4165720634779806,1.16691600003451
0.32376540664452746,0.3207585135330111,1.0093743205079635
0.329590808628394,0.31815382369940015,1.0359479725750518
0.3167818257260099,0.3201435594521696,0.9894992929674664
0.35578074045480085,0.33917677155239645,1.048953732375035
0.4106837348213083,0.3596310667465565,1.1419584479633689
0.4006849023529944,0.36126411279909365,1.1091190299763416
0.23793883197416796,0.30711374469782743,0.7747580044269219
0.4105234093144976,0.3582814131346581,1.1458127445762993
0.4498730112520589,0.38282535256865136,1.1751390241882793
0.364822355457868,0.34201302829949204,1.0666913984879034
0.2778912806547228,0.307612649806135,0.9033805366257098
0.30994310777052964,0.31243387088892094,0.9920278710137774
0.3322219288474586,0.33122929767571435,1.0029968096986277
0.37994721668420567,0.3420551030025912,1.1107778055318984
0.2756320739988601,0.3197392950388161,0.8620525480466784
0.3349545650284586,0.3371185017203327,0.9935810800035257
0.40088989653523344,0.36873962626114787,1.0871896264583079
0.36086646426545294,0.347320564027891,1.0390011466078182
0.2935799945499522,0.3291466568440372,0.8919428116478245
0.4711863951648329,0.4059980933304751,1.1605630738302402
0.5906442302653292,0.513710559521809,1.1497607345567014
0.45022091081949117,0.39109778881118207,1.1511722226505687
0.41492685356940734,0.3692824133985977,1.1236030704812952
0.45696751427513493,0.39686813067599214,1.1514341388329028
0.3098126618995871,0.31405364233544214,0.9864959998415646
0.38714528639744283,0.3461127774003221,1.118552424748138
0.29178940680450466,0.3106554742632693,0.9392701271287551
0.2682672172286987,0.30786683095716694,0.8713742120079909
0.32339984552332457,0.3268123292689899,0.9895582772128018
0.3490236619966531,0.33032171230959767,1.0566173793308713
0.32292188426080154,0.3254870012060476,0.9921191416685109
0.5046278052750889,0.42820515935803666,1.1784720343669486
0.25110066661846864,0.30651930408056266,0.8192001719815718
0.3739351647916824,0.3350996544689546,1.1158924212687473
0.3262055668437478,0.3315976811750698,0.9837389866171132
0.3270417289128231,0.3237569749071888,1.0101457397375793
0.3302068036765784,0.3276391066831817,1.0078369673858243
0.4045821088526088,0.35896411833903674,1.127082313197907
0.39202208135713523,0.3600624408430145,1.0887613838291315
0.3742734734428614,0.34656633790015284,1.0799475670677834
0.33453878285648164,0.31967088563980345,1.0465100135313259
0.35026751673562007,0.3298174981305626,1.0620040438150498
0.3806463541324466,0.3573990937277286,1.0650456613144856
0.4274388030897153,0.36956597614926634,1.156596739622682
0.2579875554755262,0.31231349654538215,0.8260531751884701
0.2796746647882718,0.3094454118208759,0.9037932187863975
0.3824237648000236,0.355921476114945,1.074461055214661
0.3857204846341847,0.3614793672138834,1.0670608605053744
0.3907276080899901,0.3726825253092836,1.0484194496796735
0.39314940069244114,0.3570901833329204,1.1009807019138977
0.32097505276266386,0.32145939868469925,0.9984932905243488
0.2547024465966891,0.30550850598762563,0.833700016872871
0.30203425283350255,0.3280822430238089,0.9206053032610605
0.39147032423766753,0.34563164255775974,1.132622931571572
0.3182138260816311,0.3208389097040984,0.9918180633861139
0.3737126578454006,0.33705821384443535,1.108748110846759
0.5056052051075125,0.425881314132039,1.187197438182874
0.23521286574278594,0.3099425637623928,0.7588917859087727
0.2510253073237861,0.32169126863655356,0.7803298746270736
0.3035704158442031,0.3112374266293713,0.9753660384992892
0.35851498704681206,0.33553649342690445,1.0684828448471386
0.40092846745778377,0.36856960693370455,1.0877957919354422
0.2777378808333369,0.31001276546120404,0.8958917560060728
0.3365016673034529,0.33212444240755884,1.013179472321169
0.36880147483015174,0.33438136719760697,1.102936679519597
0.40052988425832853,0.3579322587083468,1.1190103001716074
0.3372914278633272,0.3187060854789873,1.058314990617163
0.37285612472695867,0.3449003829582824,1.0810545396583617
0.4014181405253218,0.35661703154653035,1.1256280688123723
0.2793567474746739,0.3115400241610493,0.8966961732347483
0.3149401725357058,0.31390001613198487,1.003313655145795
0.37081337535367864,0.33960452375772854,1.091897632135826
0.43404731588256507,0.36996419631438016,1.1732143818417762
0.387285991981454,0.3446817310184306,1.1236046390887637
0.3968979339832071,0.3615211657388177,1.0978553169137197
0.2936490969212386,0.31493962645969165,0.9323980606131252
0.2770109860470549,0.3035303957943545,0.9126301348571797
0.31849128322185827,0.3243530514366099,0.9819278154196824
0.44703595031759147,0.38117769527479145,1.1727757312644507
0.4304522350489272,0.3899771354073559,1.1037883915919648
0.33585144513973203,0.3276853144092855,1.0249206490842213
0.42574435227816226,0.37992110610170443,1.120612530971604
0.44036163682592977,0.3750136843655585,1.1742548477155594
0.42770526888081395,0.37579677773135567,1.1381291544403978
0.30967581319831067,0.3143218826262269,0.9852187528622018
0.36169179478471686,0.34083174210773265,1.0612033742748954
0.36738403686761556,0.3478629795294948,1.0561170877238049
0.31066671447952077,0.324225114558521,0.958182141141466
0.38628445202134754,0.34296740527824326,1.1263007681676396
0.38768703756244716,0.3562027146648747,1.0883887786402577
0.3627643930099822,0.34257474573350216,1.0589350135347866
0.47506071763100705,0.40450617560403757,1.1744214211850101
0.46490516471665017,0.43369059274794614,1.0719742887917456
0.36901733548036164,0.34697998783712036,1.0635118693173338
0.3452942714407504,0.32383309131873855,1.0662723504710898
0.307408215377157,0.31336971416317416,0.9809761488855526
0.26731209082265694,0.3183315056363209,0.8397286667818821
0.47916351165097915,0.4059679034513667,1.1802990028948952
0.2713951200259086,0.3224330997210845,0.8417098624820917
0.2961488467353314,0.31655710155193195,0.9355305734208823
0.3330601186320571,0.33749091032590617,0.9868713747295582
0.3165771362252044,0.3229641835783768,0.9802236666542858
0.44584933535137705,0.3902699646285258,1.1424126265411017
0.3365926943492851,0.32827497055076643,1.0253376728191113
0.33432239603676583,0.32169404506326504,1.039255780973556
0.3518770410038102,0.3285918087016676,1.0708637028845827
0.2986603186675044,0.31161114855516897,0.958439131758562
0.3032213111127896,0.3089619640704379,0.9814195479533541
0.42380775564888,0.37393608254352173,1.1333695126881846
0.24068264211463442,0.30837892518964427,0.7804769472058489
0.3825534236713081,0.35922069604389756,1.064953739816147
0.3862224030129367,0.34848232131776585,1.1082984111000491
0.26733937420429904,0.31602063806434516,0.8459554282333481
0.31313272555268234,0.3364603624144721,0.93066750361205
0.3339342226652814,0.3260238584050784,1.0242631453381994
0.35482900682004104,0.33150026720351183,1.0703732151208416
0.46656573095472414,0.40647953176680524,1.1478209712719065
0.43396376589350777,0.37445156853238215,1.158931627912193
0.37202766242192675,0.3370564063673695,1.1037549068758565
0.2758772839771857,0.30698503313507974,0.8986668866550052
0.3793232691185335,0.33890730739530484,1.1192537335174277
0.3542641332839325,0.338516945873876,1.0465181657875515
0.2947807719529332,0.31039123750417313,0.949707131951397
0.34729332420534803,0.33884467156175047,1.0249337037075346
0.3038057802119787,0.31366029087279207,0.9685822179358687
0.32328382149160334,0.3143176756811845,1.0285257448248417
0.34927681152421425,0.32927153277392796,1.0607561746433196
0.25814813585350554,0.31056605043072727,0.8312181434367254
0.43912168204366225,0.38798489063060476,1.1318009867083823
0.35262380669861726,0.3635333002319235,0.9699903873280762
0.4305173325047572,0.3731856672590718,1.153627725487873
0.32794588343993447,0.335428283046065,0.9776929973281265
0.3472945535458423,0.3307307182989666,1.0500825424746385
0.26764659955588527,0.30335834650791915,0.8822786735122792
0.23760314810465136,0.3255895432624642,0.7297628348988922
0.4107430285938415,0.3755920927410003,1.0935880614427111
0.44227230719484345,0.37606507113913956,1.176052606680954
0.4203658225748347,0.3714161798649928,1.131791896431746
0.402244016170336,0.3639728739981198,1.105148336335674
0.32778606424474344,0.3218725089316343,1.0183723528695803
0.3168207261545264,0.3284966813847417,0.9644563982168812
0.28790252084034657,0.3197087358611139,0.9005150267943118
0.3826910197449429,0.3460684951034327,1.1058244976346792
0.34163082266605277,0.34145301047250776,1.0005207515766195
0.36160219708287417,0.3426321544661538,1.0553656227807255
0.498115858005073,0.41933557001352273,1.187869319049204
0.4123006654575594,0.3593898518670221,1.147224005674247
0.35008300857560504,0.3442269728759696,1.0170121349024717
0.3275190865603993,0.32091944265608807,1.0205647992209175
0.28759855449980953,0.3253765863306415,0.8838944367298678
0.26845672967115647,0.3194713646737026,0.8403154691042474
0.3221003752739038,0.33632164938735065,0.9577152581781382
0.3162849175908547,0.3249428021690567,0.9733556659190205
0.26374532484956065,0.308730156562087,0.8542907754348911
0.3200785059526231,0.31513739848742606,1.0156792163954929
0.4141187565351207,0.3807200374051887,1.0877251414387386
0.41278209822874445,0.36487052590402685,1.1313111608727748
0.34690103596647387,0.34351313743812745,1.0098625006123867
0.2972617327276678,0.31250152540362225,0.9512329014833737
0.434013053264739,0.3887865057012077,1.1163274622455364
0.3926179750807073,0.34949972649789635,1.1233713371248388
0.3582893283847962,0.34247489896890154,1.0461769007407773
0.2898786010020986,0.3132572647315118,0.925369125120049
0.3756365453303044,0.34326252641314553,1.0943127094455805
0.3237846614369729,0.32082440359458314,1.0092270345061733
0.3212238792362714,0.3210488927606725,1.0005450461893644
0.34215295786649075,0.32352760639357137,1.0575695894410373
0.423370519908028,0.3707871174370662,1.1418156133212658
0.36342444463544765,0.3326264571187553,1.0925903122182994
0.3151051310891783,0.3226510005147595,0.9766129055433195
0.380561686591465,0.35087005784306696,1.08462286275131
0.30069894131926883,0.3172772531545566,0.9477481865767038
0.35805537569663853,0.3316525294734108,1.0796099648784512
0.2826060750056134,0.3049269189900839,0.9267993653745068
0.35825241661630225,0.3336952186082,1.073591698767897
0.2869474270404133,0.3274087188553784,0.8764196263422127
0.2929714743676537,0.3076947769698293,0.9521496505492544
0.3362125414560589,0.32277110918555507,1.04164385190614
0.33213213554028664,0.3189695003776186,1.0412661246516834
0.38996695570542805,0.3482425434457964,1.119814230182149
0.41843870640030867,0.3793978768003314,1.1029020771787914
0.31069679699266983,0.3243797252162719,0.957818176785003
0.41303847046058567,0.36298417212692197,1.1378966417195777
0.37917082986528733,0.34291732988420653,1.1057208161317555
0.29314066358397933,0.3135714203485766,0.9348449653291562
0.37587362936114,0.3363435373227387,1.1175289180611494
0.26637374005736986,0.3049095338002587,0.8736156483446234
0.2975913986548389,0.31306512843688306,0.9505734482172971
0.2908799024176017,0.3132983120735275,0.9284438862515657
0.32793346649683436,0.3184466968234213,1.0297907617445738
0.31125765235570063,0.3139170439580155,0.9915283618602418
0.3396215883055593,0.322557858668377,1.0529012987239774
0.350879892783445,0.3424987739540982,1.0244705075366782
0.26867615187194877,0.30870159536077013,0.870342608880771
0.34837962968132524,0.3396192985981775,1.025794562085568
0.3770457376888342,0.34428726208990695,1.0951486714904157
0.32814506751639655,0.33751188361042067,0.9722474480192349
0.30278778790682775,0.31301155669053365,0.967337407948123
0.2540798897428171,0.3034832084502509,0.8372123487170383
0.30519465793886164,0.3228675209590984,0.9452628032459308
0.3037729913706559,0.31177992144914196,0.9743186474572508
0.4165459544915401,0.3745805172160786,1.112033155347622
0.2941038840679383,0.31333002424327394,0.9386393301383458
0.3755451006295374,0.3375499255273573,1.1125616456375154
0.36392315230981714,0.35663952826680406,1.0204229297812557
0.3991010271374527,0.3518238525129754,1.1343774001870262
0.34266500380819354,0.3372883507347647,1.0159408205522547
0.40655412038483285,0.3621863617766556,1.122499804770498
0.41097768594337664,0.361765046981608,1.1360348087035357
0.29720718555411096,0.30766964008916986,0.965994517587024
0.39105238209964654,0.3484484675864734,1.1222674756134499
0.30521228281372254,0.317544328147943,0.96116433442176
0.321820194455553,0.31904647610160014,1.0086937752387823
0.283687947159513,0.31763258267072875,0.893132388290265
0.45883501686150197,0.4023935271763686,1.1402644075345554
0.3725702502380448,0.3499027435914393,1.064782306117248
0.34316769139335773,0.3429535069485887,1.0006245290992202
0.3213267948838789,0.3250096134612731,0.9886685857129791
0.3512243791922124,0.33031438373880234,1.0633033149108782
0.3126437935888568,0.3212650767173203,0.9731645804251257
0.4038554311380869,0.35416253148142424,1.1403110019820633
0.24369169194942433,0.31768425170898684,0.7670877314140738
0.3735228681820679,0.33711068287592044,1.108012552421988
0.30197172219156176,0.31460000952257333,0.9598592277534389
0.42062797336607816,0.37797408320828835,1.1128487164933072
0.399430404967972,0.3616968886820211,1.1043235854846503
0.3824776059697489,0.3569874523671462,1.0714035001330724
0.33980909449663566,0.3349516031871919,1.0145020691443865
0.4245747989238227,0.38075733338250545,1.1150797678722544
0.40486110488067434,0.3645281534750934,1.1106442699173762
0.5377577126394002,0.4630063453694227,1.161447824673623
0.3880861618288992,0.3557723801193849,1.0908271229449316
0.3779421257620883,0.3458658396354445,1.0927419896699062
0.3703058838031127,0.3378048166051591,1.0962125629959334
0.3168069111948371,0.3166751480060435,1.0004160831363726
0.338523617977982,0.32646632886053856,1.0369327187876523
0.33455927012739367,0.32623239609183835,1.0255243628018207
0.28649915085447847,0.3077634606903227,0.9309069706061021
0.3508451165618343,0.3376574278803635,1.0390564151490942
0.4200196493600218,0.36845672502417054,1.1399429589254173
0.3298898134992515,0.32184703018401356,1.0249894594666278
0.29406844494360573,0.3092856288344517,0.9507989299464311
0.3708618206038981,0.3440341051155602,1.0779798138888774
0.34708689095840267,0.32857911281273167,1.0563267031408026
0.28671389683473936,0.3134572977065139,0.9146824748779208
0.31577361674789006,0.3353253489308757,0.9416932473333055
0.46699298588125693,0.3948609955501196,1.1826769195844304
0.2957707496695855,0.31301474353950076,0.9449099627866597
0.32561139565584607,0.31818860765768875,1.0233282644931865
0.3644478894349941,0.331255981167323,1.1002001779732553
0.2780350160422842,0.3206783460189941,0.8670214858405685
0.2851544728595066,0.31052400099484095,0.918300910544574
0.3720872659087712,0.34286874223697983,1.0852178109942623
0.4116207407685958,0.37772203533902526,1.089745109519874
0.33260862087636694,0.3229228924381257,1.029993935595932
0.3487652521554433,0.3360661398256372,1.0377875388945605
0.4122331376657485,0.3601192039846471,1.1447130092049276
0.35346976795537005,0.3438321339934939,1.0280300559751012
0.3073162813534105,0.3182739783783563,0.9655714957258631
0.3376036118016181,0.3365585077767042,1.003105266991519
0.32836994859462365,0.3246455182142706,1.0114722987732572
0.31734456376133036,0.3179743059160639,0.9980195187377819
0.31035948254689716,0.32994978618030757,0.9406264090660604
0.2941685164665912,0.3194139995178105,0.9209631290759639
0.4754691036117888,0.4085209130148569,1.1638794697261856
0.3532342659026514,0.33340054055477314,1.059489181735804
0.22556225303085284,0.3202559251732306,0.7043187504145108
0.4212965185758756,0.37755414876610527,1.115857208701655
0.4504143002782314,0.3835934186333929,1.1741971535457976
0.3068823261902943,0.3160106801313759,0.9711137802770253
0.37449436994066226,0.34949683403957993,1.0715243557778593
0.3538632020861546,0.3348334989124667,1.056833331298977
0.2775321874570263,0.32444826247143177,0.8553973608703282
0.3535771949887532,0.33197364408259494,1.0650761025498254
0.3820458104813275,0.3594017353936598,1.0630049130476935
0.3081840678848317,0.3169441114264809,0.9723609203457905
0.32678016109805985,0.3232860612241941,1.0108080746216974
0.4061173037826248,0.3563819894509972,1.1395561947679913
0.28405815915818705,0.3085727850539474,0.9205548023573288
0.4001788664783389,0.3603619985135267,1.1104913063226827
0.3688487955687718,0.33746021108197116,1.0930141790232455
0.2704062348847891,0.3107906314650906,0.8700591572212895
0.36777601125280296,0.3531484402772474,1.041420460370919
0.36834481535494124,0.3373383130291108,1.0919151520247115
0.41174414216263666,0.3686882283995479,1.116781362806162
0.4175334218120441,0.3621882703075455,1.152807686062012
0.4489026931381203,0.3940607850355676,1.1391711892813763
0.2721644375883612,0.3065899008783376,0.8877149469328499
0.34593807999574944,0.330198893724913,1.047665775294658
0.2640386067723723,0.31027158384217923,0.8509919068408033
0.4504538956134082,0.39363832012470756,1.144334462840663
0.3664087170632546,0.33471838758871264,1.09467758763669
0.2581431594094646,0.3097748308086816,0.8333251566486852
0.26402264478901394,0.3088124588203732,0.8549611171697831
0.30881623748842063,0.3220756332885311,0.958831422095716
0.39908318656077846,0.35877064566972383,1.1123629855943271
0.25200718886551254,0.306348333373243,0.8226164839567666
0.4128317380348629,0.37286068149838875,1.107201049935985
0.3864590018802338,0.37243194055943735,1.0376634219388545
0.41416986474472717,0.36962235670044513,1.120521681756347
0.3832594448148267,0.3420412400460854,1.120506535303134
0.3310974086405353,0.32869550902618405,1.0073073697339743
0.2915667819873526,0.30942894118553027,0.9422737927171857
0.2885231214219459,0.3079999670452233,0.9367634814700561
0.259364285797798,0.30262008550868547,0.8570623637285107
0.3704633166718115,0.3464655951418589,1.0692643710268745
0.3273538604782251,0.3264940496493674,1.0026334655402789
0.4002105586160308,0.37618322605944565,1.0638713554782164
0.34658625229543794,0.33525592613198546,1.0337960503612154
0.4031110273943572,0.3525577201994938,1.1433901579754318
0.33662704838932117,0.3264806868293592,1.0310779839950077
0.33598353897724015,0.33141024824040993,1.0137994849619516
0.27105206224355505,0.30411939921014397,0.8912685706585273
0.392951836428512,0.35707267565948136,1.100481395566785
0.2933862888313215,0.3062972120848476,0.9578483814278086
0.3540035601283542,0.3466356621725276,1.021255452799197
0.4242243756917833,0.38516712074328974,1.1014033982784446
0.3849198016276625,0.35601834446930847,1.0811796852812048
0.28929378335850425,0.3208510760934926,0.9016450462962047
0.43506368524378763,0.39130988166692765,1.111813694534047
0.30409234733059337,0.310242799033864,0.98017536032287
0.35046499685979904,0.3376321679278918,1.038008312450394
0.4484758289607001,0.38567764191927634,1.1628255833781715
0.37979062367651956,0.34853572193532445,1.0896748877493678
0.2961622297079287,0.31817357643715605,0.9308196897564343
0.2851540056536557,0.3071338076276931,0.9284357455019042
0.2485331682553426,0.316012558498819,0.7864661120936794
0.3805473083604051,0.35098480722598724,1.0842272956714722
0.28989770678312143,0.3137143796773589,0.92408166651866
0.4159989650288257,0.36654199094583023,1.1349285356239158
0.3993260314104003,0.3809164913478845,1.0483295958055612
0.4622829224244542,0.39184091377854324,1.179771958896877
0.39933008532473446,0.3700578080221118,1.0791019042648429
0.3746195205018523,0.34061199643875345,1.0998424142973893
0.3079566419839874,0.32173048777413543,0.957188248196678
0.3012177620459213,0.33114215775866096,0.9096327815362344
0.37480187464285175,0.3501931461135221,1.070271873685821
0.3194874497919051,0.3206449728668908,0.9963900164576531
0.25490664512717126,0.3077348215885493,0.8283321458758707
0.28912569852424247,0.31015645938613007,0.9321930586146352
0.38157371923724037,0.34336046640594964,1.1112919411814632
0.3883571086342229,0.35043002694297376,1.1082301137893675
0.31080578846578477,0.3130081022430142,0.9929640358781525
0.43128919509248353,0.38739055278976803,1.1133188251148156
0.3703091133907032,0.3497890858098797,1.0586640018607576
0.3978019173015179,0.36105692025773684,1.1017706488427117
0.38575119596038904,0.3570219709134755,1.0804690674173554
0.2939805019922206,0.31333801253219606,0.9382216336168709
0.3365180209241917,0.3200509805628092,1.051451304202928
0.3296507799284086,0.3310817089170322,0.9956780185975717
0.39153084752983214,0.35360284410884696,1.1072615903771128
0.57377929154832,0.48542128167699033,1.1820233541596656
0.4498451455397584,0.4070422997439518,1.10515576838754
0.3416298305449019,0.3284599422051899,1.0400958736438086
0.35418523850512845,0.3456801318567738,1.0246039788363612
0.36249767598326654,0.35267998790466853,1.0278373835071464
0.48085687792181764,0.4151709546451169,1.1582141586297825
0.36870214056759787,0.3639123639067303,1.01316189592859
0.3152480690084128,0.322163521583406,0.978534340135704
0.28813544958559156,0.31251586385930685,0.9219866346218788
0.30780355341014287,0.3141088269616307,0.9799264681210055
0.32256321187195075,0.32725584914768147,0.985660646592101
0.4345857607763711,0.37866050056870565,1.1476923527108638
0.4676520339329105,0.41889860092768216,1.1163848074385072
0.35446199327355116,0.3341699784169985,1.0607236321846691
0.34072744047000847,0.33770866509408953,1.0089389929484867
0.4473966878003215,0.3913665338033303,1.1431654195173149
0.4078175415384515,0.35966169330402875,1.1338920689385614
0.40615002750778756,0.38912279282468654,1.0437579987527803
0.3944865744606074,0.35842059225482203,1.1006247492056593
0.38866345718325107,0.3433259038301488,1.1320539838308612
0.483322704905536,0.4139379928373542,1.167621028436123
0.37248126541161225,0.3464397255491233,1.0751690350210614
0.40929559279807215,0.38627876622506213,1.0595860517986626
0.2596050194523945,0.3024151193689998,0.8584392870107482
0.27222298032615916,0.31028907611251494,0.8773205416598279
0.3788472457530871,0.352302836762118,1.0753454307519312
0.4544654487849289,0.387317210196686,1.1733675571868958
0.30809194248242877,0.3141993959730902,0.9805618547682233
0.26200493720320833,0.3152564119950765,0.8310851967930797
0.4068042974714137,0.35645389230593616,1.1412536270532936
0.35274557231559345,0.3448448961166033,1.0229108108832752
0.41237892563877676,0.369683666815701,1.115491331253108
0.3479381354335975,0.34821027832053775,0.9992184524585177
0.3766410278865084,0.34641263168820263,1.0872612411706557
0.4264583152812725,0.37913422017005355,1.1248214816641784
0.23520364958625534,0.30912535121696644,0.7608682001016878
0.38512507427065157,0.3581257836065363,1.075390524502918
0.22765769416797912,0.32865936641227045,0.692685854820292
0.37110543632297827,0.34678159741845016,1.0701416657792753
0.4115534260977767,0.3721197077788931,1.1059705183427544
0.36428527051517867,0.3338839376189439,1.0910535951895095
0.2743895895690278,0.308893895212983,0.88829722380831
0.26466888425072443,0.3050110205475519,0.8677354797724823
0.35317023731713465,0.32961948606719865,1.0714482979478184
0.38361828699160316,0.3620723470909848,1.0595072782379709
0.2966239871956027,0.3122960742357724,0.9498165736520343
0.28733442861834174,0.32395046768014485,0.8869702540514427
0.3460850161460792,0.33042940289471445,1.047379600950201
0.3030051596736899,0.32177377617446207,0.9416713918582476
0.37249404253210056,0.33526953946824123,1.1110285865005802
0.287432269167808,0.3088041620440009,0.9307914351453992
0.3099344940249423,0.3167787681574502,0.978394151311599
0.3102987710904591,0.3279699748401993,0.9461194465793695
0.3575945623345024,0.33295065572037263,1.0740166934370805
0.37823103056499247,0.34934674713060815,1.0826808426631365
0.43447274794853213,0.39212762435065573,1.1079881165424086
0.3138829538603108,0.3138223647483372,1.0001930681773499
0.4342603966676126,0.3799093996932889,1.1430630487642652
0.3679926636989007,0.33467781015950543,1.0995430606036225
0.3588944422423778,0.3327205022786696,1.0786664476173045
0.3936174867968589,0.35044412686636595,1.1231961291990953
0.32243850993212025,0.314385726208665,1.0256143426756927
0.353822752602719,0.3300928636200774,1.0718885247090761
0.4679335186961225,0.40313960496333995,1.160723265427307
0.2492753433710943,0.3096068153481801,0.8051351941034058
0.30437405601748396,0.31638382328119913,0.9620405141477761
0.30030698912225917,0.317455708527182,0.945980749615487
0.4295193879993664,0.38212525077492726,1.124027755633334
0.33289723959382417,0.3227344062443556,1.0314897734881536
0.3878681468951864,0.34430989871382484,1.1265088466642235
0.40171384142166094,0.3827204237060759,1.0496273951927158
0.4139883245841169,0.3714560939842685,1.1145013671565978
0.4069998476343524,0.37315069048912025,1.090711763392058
0.3392395318365493,0.32271077892966515,1.0512184717278583
0.36885911578597597,0.33592649850063067,1.0980351875554213
0.3254439054311633,0.3239706345207969,1.0045475446024472
0.32683879745442723,0.32615218260099127,1.0021051977882238
0.3255719462574841,0.32881170993496395,0.9901470550482504
0.3555669241235288,0.33889220987645896,1.0492035926501482
0.3296878909950348,0.32770024439742096,1.0060654413037402
0.3822646799494259,0.34868306015071,1.096309868865442
0.34504209927506824,0.33103613544962596,1.0423094711591496
0.3650103846023555,0.3500105897173472,1.0428552601711893
0.39200611947150343,0.3628083047238673,1.0804772502929847
0.3977248467531417,0.35512559350332895,1.1199554580946118
0.42790816398814535,0.36963449643731533,1.1576521350482567
0.3943850547700283,0.35664497447058136,1.1058197451274054
0.3648478882689255,0.3556235607052996,1.0259384601665074
0.4155996489459005,0.36391400614303937,1.1420270776347796
0.32152763749915947,0.3151933304890013,1.0200965769178267
0.3465519601859829,0.32518925965254764,1.0656931306902955
0.38721456604432564,0.34697988567015214,1.115956809128762
0.2653116562899998,0.3049478318565652,0.8700230943592718
0.30347436075578405,0.31421147656937487,0.965828377973902
0.3946352125336979,0.3510872450038857,1.1240374526546248
0.23794506631515655,0.307781630051117,0.7730970372586504
0.3994288043633305,0.36149769103876644,1.104927678004163
0.27788316674849556,0.3215391343070455,0.8642281361718732
0.4222444218977163,0.3751509855067591,1.1255319543605695
0.34294465079562775,0.3352888019316187,1.0228335954553307
0.42235654790750127,0.36762124761838,1.1488904698619076
0.3950005593777775,0.35665062729736907,1.107528009612704
0.44848653683562384,0.3888703646402067,1.1533060310486134
0.43329829672069076,0.37176645671274455,1.1655120812997135
0.27738622671117397,0.31289679099863477,0.8865102956980606
0.375062260667936,0.3651440370449631,1.0271624964856036
0.2751261192715125,0.3107833588654318,0.8852665737184506
0.4053204356745002,0.3715056047167253,1.09102105197998
0.3206148469227739,0.32072879119508346,0.9996447332592594
0.36994576541226504,0.3419978976685056,1.0817194138744355
0.3308977229926425,0.330813688000484,1.0002540251362222
0.3223314181716444,0.3310758293564304,0.9735878901163398
0.28392523075379766,0.3121648032389144,0.9095363340385827
0.35914938856222706,0.34382201828628317,1.0445793738060765
0.3804644263405126,0.3487988098550725,1.0907847607008674
0.29600969097504337,0.30786523434797247,0.961491126472796
0.40140678093161175,0.3512507852959381,1.1427925508932766
0.23077319221428463,0.3306001952312329,0.6980431213988669
0.5323062966432852,0.4604174262254445,1.1561384654946578
0.3823095392509797,0.3602060375651816,1.0613634958347924
0.4245897843486206,0.37967543062209863,1.118296708462093
0.29111043724512,0.3187725708804961,0.9132229803870223
0.4624952839113609,0.38944322448870483,1.1875807687206914
0.32780106717880453,0.317842033155928,1.0313332818947543
0.2975551865368631,0.31273253124674594,0.9514686091358115
0.3686696177208984,0.3569448997921268,1.0328474168859108
0.38643150871823356,0.3486849124363511,1.1082541714183654
0.34495354715512455,0.33376921948871197,1.033509164456643
0.37519986637195135,0.3503813896736235,1.0708327480561854
0.2743479337961018,0.3088993753632213,0.8881466123831038
0.3158387552543499,0.32182150661757725,0.9814097217239844
0.4152498194655259,0.378746923786337,1.096378065105504
0.2689854003751518,0.3195088602791997,0.841871490324561
0.2694536404262476,0.3087582719872298,0.8727009601782981
0.31123257804957044,0.32103975064254675,0.9694518433516482
0.27849099054485693,0.30604669172980914,0.9099624275328565
0.48580692752958954,0.40945186679092094,1.1864811640428004
0.33120663236713327,0.3269070939284437,1.0131521723405326
0.4477108306507604,0.4038272423584121,1.1086692122008943
0.3111393082055312,0.3230558239844723,0.9631131374387052
0.3150483026446103,0.3292084293495283,0.9569873507403911
0.3506119444883729,0.33020932967039424,1.0617869120728478
0.27992246911342394,0.30806982341526207,0.9086331988320162
0.2798939284862183,0.31296633495245163,0.8943259936527743
0.274622497059375,0.3038806544269923,0.90371826260942
0.2934876479122237,0.3233423843779656,0.9076683481407012
0.4092901876865126,0.3679349491393751,1.1123982341005394
0.34188007757394,0.3359268028524548,1.0177219402290445
0.3539469508204408,0.3524199239135668,1.004332975530772
0.37831023927272384,0.3420230386644878,1.1060957786642918
0.3492052617385316,0.3261804752757778,1.0705891008445152
0.3574060548293663,0.3353157593136918,1.0658790853161446
0.395900131783514,0.34740327710938274,1.139598149671057
0.41630981260832906,0.3629721436436015,1.1469470037819192
0.4473488331466877,0.40127780867249224,1.1148107956096742
0.36906672416683994,0.346586380964571,1.0648621655002852
0.419797060486456,0.3676543450547674,1.1418253752010497
0.30411751036608103,0.31982876901727997,0.9508760306351614
0.3607578034331122,0.3355926228786719,1.0749872876780677
0.33054271883765723,0.3407339582498707,0.9700903324559746
0.4278322723932862,0.38416839600371633,1.1136581687712477
0.4446629452594607,0.389369733372928,1.1420069593174422
0.3390441505360142,0.3250048864942474,1.0431970860290904
0.2529683228482892,0.30902315105557643,0.8186063794385229
0.30631748493396616,0.31686990241621327,0.9666979495313937
0.3468572213871433,0.3284999272055156,1.0558821864521848
0.26645805135493783,0.30958541951419566,0.860693154648776
0.3982454786600907,0.36721203242405265,1.084510973213974
0.424126097703243,0.3815612977999663,1.111554290617785
0.27729710799052065,0.3128443980653327,0.8863738961137205
0.3293174654587354,0.3217682706231142,1.0234615887421155
0.5031169232966513,0.4294441520400225,1.1715537885581981
0.2750084089371009,0.31816021781561193,0.8643708217992249
0.3556485995373738,0.33636561029509027,1.057327469432344
0.3163933178810827,0.3269014722933955,0.9678552857575334
0.42308271673809955,0.37246214321151433,1.1359079693042489
0.3900247152131623,0.3468636014002299,1.1244325251732907
0.35318027021956055,0.33463120903609017,1.0554313545257814
0.345776704170379,0.3335577016295693,1.0366323502084187
0.27550916699028677,0.3078803763088207,0.894857835024653
0.3806769502891363,0.3419052897430721,1.1133988321011339
0.4778331890808148,0.4020861914110334,1.188384976375249
0.4150330260960901,0.3694762943239667,1.1233008246320075
0.437077397324197,0.38205257842475354,1.1440242050618192
0.3777067845220251,0.33966765681901473,1.1119892546121304
0.40738897053308304,0.36119066234056957,1.127905599477964
0.4424540378113759,0.4024938833854332,1.0992813955080067
0.3299796281569274,0.3337874104521295,0.9885921931865426
0.31472456336814597,0.32219396520667026,0.976817064733869
0.30281483036453394,0.32281705981662434,0.9380384993796405
0.354959389313593,0.34141597978879246,1.0396683527618678
0.29768236734709225,0.32456365357127925,0.917177151759282
0.40316922786990295,0.3693570373509133,1.0915433770031728
0.3214646429249746,0.32312100411638633,0.9948738671571623
0.38501918858945317,0.3606907144952926,1.0674496822802964
0.4717596873508817,0.4089349268549869,1.1536302144183765
0.3257784166085176,0.3151399948797604,1.0337577644907185
0.4802587105440043,0.41819127939577594,1.148418760041832
0.5298137019818443,0.4547595463704132,1.165041407509668
0.2620754601962073,0.30785090643437757,0.8513064432118933
0.43491423697328063,0.3789228858658088,1.1477645008945185
0.40022025403384737,0.36204131628369396,1.1054546429729488
0.3671331003354957,0.3374171380063786,1.0880689182081655
0.3084856332281402,0.319873399297888,0.9643991463662075
0.32569133070184847,0.32122216889457256,1.013912993062265
0.31549815913835055,0.3217875378454694,0.9804548717168186
0.2786479069403889,0.30518362646307695,0.9130499895088621
0.3712694347205695,0.3337420524590583,1.1124442724103965
0.25301958121724794,0.3032893725611121,0.834251391931859
0.41907235901196666,0.37068298115424025,1.130541137084445
0.41237429041171536,0.3616185333540476,1.1403571785630098
0.40251784812125074,0.3578391554151241,1.1248569141470712
0.39837724141672304,0.361303825965399,1.102610082670075
0.2688345863464141,0.31029802690408653,0.866375429546354
0.305376084403784,0.3106914210720676,0.9828919104044053
0.3087432726528284,0.3134679681068545,0.9849276610858831
0.3962542421769112,0.3710914729901611,1.067807457239572
0.2947613582011586,0.3189718560187641,0.9240983260410873
0.3145190201680804,0.32189610269173013,0.9770824111818635
0.42032689155684777,0.39494570960334957,1.0642649896842504
0.31353231369887946,0.3180585542165422,0.9857691596164988
0.3201905277789895,0.317374793283607,1.0088719537750634
0.31525582106800176,0.3203355509233819,0.9841424723520771
0.418887522078546,0.3667734206667325,1.142087998953356
0.3422264246950583,0.34167493647020303,1.0016140728101177
0.30281337237314887,0.3216817121189872,0.9413446924864068
0.443770409110509,0.3924752339706148,1.1306965910204025
0.4017245159980525,0.3614411528459712,1.1114520658062643
0.3044140217750801,0.31330907752387066,0.9716093264226828
0.33161000221384096,0.3183573994743813,1.041628065693903
0.3892994055923664,0.35136862265693986,1.1079515371879418
0.3227006020314253,0.3176155811260694,1.0160099856793157
0.42080173242253854,0.36782189584121994,1.1440366579051855
0.27077140591379784,0.3093715043558531,0.8752305952598153
0.36439763820149124,0.33832523218927446,1.0770631437788556
0.4392229409042393,0.3792730902679968,1.1580651308372063
0.3635301814463951,0.347185380324125,1.0470780224300082
0.25297571410408004,0.31546757074795145,0.8019071928829083
0.276463117900141,0.31303271655276044,0.8831764326255152
0.3694464206970201,0.3443814619020637,1.0727825436843184
0.4863031965296855,0.42713103403573227,1.1385339808603163
0.5794974494829781,0.5024437593631396,1.153357840920357
0.41175443562685077,0.3863432638442574,1.0657735598383233
0.3612541761040714,0.34485729452086056,1.0475468602338611
0.2858797155684226,0.3147437261150546,0.9082936111136947
0.4196095299456816,0.3714859257939277,1.129543546095066
0.35881691201726706,0.33468266620755627,1.0721108328769668
0.35945922481379494,0.35621739354091103,1.0091007102170366
0.5045987894607749,0.43145060850373657,1.1695401038156255
0.3951035893045613,0.34923532155945797,1.1313391427312836
0.3453237028104661,0.3316776677206484,1.041142459736876
0.3053143543314067,0.3205369623648234,0.9525090400772849
0.337933144022981,0.32684564245604697,1.0339227455615385
0.4060381381779339,0.3728866463398616,1.0889050121892991
0.3652449273631621,0.33306720672739354,1.0966102936159223
0.34582483346424064,0.33675893215958236,1.0269210418459285
0.36468985859988784,0.33702385087819753,1.0820891686140308
0.31758746809600114,0.3219001399123701,0.9866024543588487
0.24027347371845903,0.30990061173362754,0.7753242963101475
0.26405339748701473,0.31008085698760607,0.8515630408541116
0.34770148694072045,0.32907321560177355,1.0566082879303365
0.3461486498697637,0.32738994844405644,1.057297731695366
0.34927530058245826,0.32905326759403214,1.0614551957994076
0.42532452068938786,0.3870112123515316,1.0989979285226894
0.40513893024731507,0.3713935981191555,1.090861372675931
0.4810410947806922,0.4077655366591927,1.1797002236183158
0.3576442564556853,0.33754511537712384,1.0595450509070636
0.34032618800636005,0.327798604831654,1.0382173169441637
0.3975361128634423,0.3769515310777799,1.0546080333638836
0.3123124792587063,0.3164673841103688,0.9868709855729921
0.3548838705865832,0.334797397314466,1.0599959062801512
0.2704231628657665,0.3057747870069068,0.8843867262988502
0.32282657368779993,0.3273772505677489,0.9860995934443917
0.3916746664133979,0.35432759782093026,1.1054026522973297
0.40278301052810256,0.3535893930366993,1.1391263947962869
0.27384923338379874,0.3041943762480445,0.9002442344972811
0.3175570218192414,0.32294756330666835,0.9833083072922643
0.2747624738256905,0.30624663823350273,0.8971934366711102
0.2661762410033736,0.30355774107031425,0.8768553885822934
0.3466084545739011,0.32956351226406594,1.0517197495339767
0.2579421796043884,0.340854021948098,0.7567526360116279
0.3530881259915426,0.33797681855055356,1.0447110766525212
0.42123441067325407,0.3966785923611352,1.0619035631995066
0.37587224036552713,0.36032693492821777,1.0431422242703177
0.3943548468579167,0.3653647985791286,1.079345488102652
0.3620392688083052,0.3507213425691101,1.0322704234543836
0.2653654484675913,0.3123954656434489,0.8494535857651178
0.3865256255303007,0.3470974524701508,1.113593956911973
0.3382392893026914,0.3388715374112756,0.9981342543153252
0.35279517108836833,0.3344317974256988,1.0549091737209868
0.36657368663359435,0.34439176673762434,1.0644089726827568
0.38667018767569467,0.35864930878727186,1.0781289081057257
0.3682185001884165,0.347970197901205,1.058189759954559
0.4327387638940582,0.3698593371297528,1.170009028979161
0.33853197428931747,0.3612476927429475,0.9371187168528331
0.270022483257605,0.31217334291470633,0.8649761082623315
0.38242555685661983,0.34482854356587095,1.109031035835834
0.4056983846563783,0.36435599899042415,1.1134670096842312
0.3114809638857155,0.32233817542084653,0.9663173264508438
0.40452649135378693,0.35908043511899745,1.1265623291888038
0.4951661973132429,0.4252623614088598,1.164378139821256
0.4037819885685392,0.3597872522145821,1.1222798642340948
0.3028045014454497,0.3289502513417275,0.9205176169051882
0.3942790585916082,0.35460687910274286,1.1118765084006474
0.28621826427763286,0.30692840666329635,0.932524517326991
0.2740441856761649,0.3059662050214385,0.8956681528176065
0.29252374706097956,0.3164964503044318,0.9242560122857828
0.46145131286280794,0.3894563425078552,1.1848601819945983
0.33219797201996104,0.3297885345538426,1.0073060073764482
0.31711199940554674,0.312892332206427,1.0134860038575055
0.4153807367570232,0.3659031442451565,1.1352204628192988
0.35249512106217334,0.3480522022001776,1.0127650933794135
0.4108405311043966,0.35587323313730945,1.1544575226478995
0.3825671492166757,0.3414118537225456,1.1205444247040575
0.4053399538167676,0.3615868241895734,1.1210031082444951
0.27995113661161086,0.30777119013301124,0.9096079996656697
0.40585852301536274,0.3609154006868726,1.1245253658972632
0.3686381474357102,0.34995625558734966,1.0533835059384944
0.34081193588564135,0.3370640711407616,1.0111191463753328
0.36617841613689645,0.3465090984905381,1.056764216962965
0.4402782237770216,0.37977557847633236,1.1593115743340503
0.43818281869764686,0.3912423269527519,1.1199780507147523
0.3193148068412226,0.32152635103787064,0.9931217326682268
0.41471720967460357,0.3734111159626638,1.110618275531117
0.35213969963535297,0.3339804910644154,1.054372063808467
0.2782881900691955,0.3044384511820653,0.914103290792164
0.3635791979562644,0.33973088167368154,1.0701976698882785
0.3805495211328613,0.3486917082446077,1.0913638384136892
0.3084617499701229,0.3127970004204497,0.9861403707692223
0.3167744431212791,0.3167002448790234,1.0002342853959083
0.34891858369223133,0.33702222390508324,1.0352984430798204
0.3210404133879098,0.3194839729624079,1.004871732409829
0.44042478673145957,0.3913742108725039,1.1253290955211523
0.2806264042106236,0.31013359165178395,0.9048565255894924
0.28900069047262167,0.31618869688408935,0.9140133512696867
0.44662918120904543,0.3970896627202488,1.1247565049904042
0.3145758930257513,0.32117110005286165,0.9794651292534575
0.2734657074143127,0.30299606512557514,0.9025388078917007
0.42365821913297647,0.36886501740850375,1.1485454004541487
0.2769427782431229,0.32273604037090026,0.8581092397516248
0.3868415537706228,0.3591286507333721,1.0771670625015815
0.3122011789193865,0.3122987428148465,0.9996875943380987
0.2602965738198912,0.3106488450596918,0.8379125754350533
0.41316056067767404,0.3636064004511343,1.1362851703519432
0.3886084329531186,0.34947687264579946,1.1119718166500236
0.3970679295955878,0.3579283750897343,1.109350242198711
0.352462792939136,0.3364616448689333,1.0475571237144603
0.2896291816083826,0.31229804912855635,0.9274127149259194
0.3842349073396605,0.3496054261638264,1.0990530426138367
0.4317273010684032,0.398516536917749,1.0833359749824099
0.2624570499632904,0.3016396418099478,0.8701013182102075
0.298073031594748,0.3316825951538496,0.8986694989421681
0.2767396318963712,0.30295939059233534,0.9134545437106266
0.39981352836392103,0.35802206717165114,1.1167287299423174
0.29579314945207047,0.3107008049138402,0.9520192570279831
0.365578573329999,0.3685195713561458,0.9920194251411831
0.28526434211229784,0.31544469133718456,0.9043244345087856
0.3644265840440117,0.3401782402846991,1.0712812898879682
0.4194801202022905,0.3744203287834541,1.1203454726009192
0.37976810769535774,0.3421986175491967,1.1097885503314746
0.38257657510534254,0.3455195994006734,1.1072499961476772
0.30512159644364967,0.3161737606878316,0.9650440181369317
0.3171283189838461,0.3208371469155495,0.9884401542422404
0.3134033344118588,0.3127161585307171,1.0021974428324087
0.2867545764460027,0.31667646754044154,0.9055127419892114
0.2877093555037033,0.3078635222565095,0.9345353856634763
0.3732568000639373,0.34354436836199187,1.0864879021117806
0.4225411409525256,0.37106802435150343,1.1387161200186384
0.37487233949058735,0.36241898116409005,1.0343617717993057
0.40880811573948755,0.36281449753952183,1.1267689646138124
0.35995201988595665,0.33617588163541856,1.0707252945537693
0.26659021463995797,0.3105395404993415,0.8584742999596319
0.35414800333631696,0.3369647054560036,1.0509943552012657
0.40301621482591343,0.3581744608376574,1.1251952857928096
0.25603298221471843,0.3077290770340051,0.8320077669697294
0.2853981213349313,0.30869454088982506,0.9245324537073417
0.26955466525574323,0.3032326121784531,0.8889369231074318
0.2798844839095992,0.3139370819841827,0.8915305007635281
0.40197760196494536,0.3620661759187963,1.110232406948448
0.26087273376435166,0.3051144296896181,0.8549996603888189
0.338756943091063,0.3319231096438605,1.0205886039526892
0.33924266592043567,0.33210193507248836,1.0215016237300414
0.2705134270319709,0.3040287526335413,0.889762644778641
0.2553852856115996,0.30323763545935684,0.8421952150653447
0.26132564969544897,0.30541204720744247,0.8556494482941955
0.35825508278489276,0.33644817386331133,1.0648150610276188
0.2970387790001999,0.3094038587043212,0.9600357934904172
0.27875467272394905,0.3094548752209208,0.900792635840509
0.4106627809345749,0.37772849110431767,1.0871903777604157
0.37734150509173187,0.3534111960529121,1.0677123682160792
0.39415654175424286,0.353773724722236,1.114148717697204
0.457082791808216,0.3881919851712553,1.1774658140006902
0.3283303223442334,0.3310964547622605,0.991645539001578
0.386502763977743,0.3454497238918762,1.1188394062770077
0.39157103431702867,0.35505287176927125,1.102852745186324
0.2700747988503608,0.30961557693538116,0.872290733959833
0.3946334660527968,0.36579558011551516,1.0788360699387753
0.3408001465527568,0.3243826267440423,1.0506115878445887
0.3669758799696567,0.3341597584083168,1.0982048877388797
0.38225912476670354,0.3481313211289097,1.098031408168404
0.4230834931381155,0.3713826923804719,1.1392116590739707
0.3443321698624755,0.33185829098739617,1.0375879681594367
0.31878733145297694,0.32203628510702836,0.9899112186908638
0.4355797552295746,0.3907693177931908,1.1146723537289054
0.4456039921356659,0.40114604991020475,1.1108273214591367
0.39447350995671054,0.35345973430111866,1.1160352132801965
0.45671940408877787,0.3991285251234317,1.1442915635947994
0.2416214150852027,0.3048791936078238,0.792515265557965
0.3720274085071741,0.3348715614415764,1.1109555165139937
0.435095062737864,0.3900432854489355,1.1155045580058491
0.37249132748160474,0.34268905920940884,1.0869659169771875
0.3930751310151451,0.36327892408131995,1.0820201915351282
0.3357505664969319,0.33390507511568407,1.0055269941033644
0.3804378896935961,0.3613768097160833,1.0527457198830443
0.44406860361174977,0.4060940085364233,1.0935118329181663
0.404831258205411,0.36258083639767397,1.1165269026005482
0.34712892336588713,0.3405058848951909,1.019450584452409
0.40647023682179834,0.35916935729527416,1.1316951977271212
0.2936960978286639,0.311111380972873,0.944022352735056
0.3840670128112876,0.34674339965251394,1.1076404430370619
0.40759957320505286,0.37756258118343766,1.079555002318998
0.3764444965407372,0.34748506049876404,1.0833400895002683
0.3178430511768949,0.3215476891339359,0.9884787293386583
0.4478383963647028,0.38789639528776404,1.1545309567325839
0.4352399346820651,0.39118254952721637,1.1126261516729121
0.4179829654244223,0.3713554251305323,1.1255604123125447
0.3745068960165308,0.3391774995578174,1.104161969779163
0.3442622273167487,0.3246874688728782,1.0602880009869875
0.2933058035375263,0.30788262558335017,0.9526546130422107
0.3246185975856366,0.322290151717401,1.0072246882376887
0.34433130007598445,0.32841807811879076,1.0484541595528056
0.3047552223595279,0.3109579687991463,0.9800527818483892
0.439640594669336,0.385210720973995,1.1412989585484967
0.3610299003196389,0.3536914613434404,1.0207481372276406
0.4061891801299163,0.3641296238987704,1.115507098216317
0.2892496307086161,0.31618429219514943,0.9148134105602272
0.36766543481110076,0.3412026573424832,1.077557360410753
0.381132767115108,0.33884183182854105,1.1248102545613872
0.3715595827982817,0.34856519385713025,1.0659686892047413
0.31317373030591783,0.3167672479594171,0.9886556527650875
0.4189607110136521,0.3646157478299719,1.1490472189067995
0.3843225993116778,0.3498316437846919,1.0985930122096494
0.38237397814229535,0.34342999926817785,1.1133971375741898
0.3233965246260257,0.328906337074605,0.983248080600741
0.3576659607091638,0.3396063485816832,1.0531780757424116
0.37157581775337417,0.3513820274314241,1.0574696163875117
0.2985470190057958,0.30891721448452675,0.9664305030846689
0.39139531606945516,0.3490907230632624,1.1211850966275214
0.2958996700983593,0.30715878227741,0.9633443260336862
0.3833772351342065,0.3569769258852582,1.0739552260513165
0.3504469015074224,0.3354043055844526,1.0448491437721934
0.41109339307180587,0.37739282283024034,1.0892983867282626
0.37490022938042955,0.34744938156219035,1.0790067540049018
0.38739760975731835,0.3562967988850131,1.087289054994688
0.3925178561097446,0.3646760080108374,1.076346805074382
0.45108678118733087,0.4016762710824155,1.1230107767425908
0.4970531531531184,0.41713095990312454,1.191599763461708
0.3181436505787323,0.32568035658529226,0.9768585797265111
0.32533575125995146,0.33041085920249863,0.9846400086401615
0.49845954973636336,0.4231824576154138,1.1778833001375522
0.3988885509020978,0.3489432581436534,1.143132992521904
0.37249661609620904,0.3440192000537366,1.082778565958017
0.3474989818806778,0.33171778575607924,1.0475741633468
0.37834929500746395,0.34916360177178163,1.0835874446465315
0.2631186148375273,0.3078475521218716,0.8547042619762756
0.3243494573009771,0.3289070211203023,0.98614330638549
0.297925177751667,0.32339296498312636,0.9212481717628329
0.3302786790836441,0.32631834148988836,1.0121364235172128
0.44769151621355485,0.39100016401829696,1.1449906097548466
0.38956697506946275,0.3591794154851011,1.0846027313211164
0.2701886771202726,0.31119415394305355,0.8682318536411687
0.25376564112502864,0.3093873134706142,0.8202199317042502
0.3832610577447495,0.34614700167672086,1.1072205042604726
0.3967110662715453,0.3599607004823368,1.1020954947025163
0.47261901605772894,0.39802369365521284,1.1874142760635102
0.4258247329852327,0.3688918832518718,1.1543347856599175
0.2493720334677101,0.32825297863661274,0.7596946553340297
0.4077748120412213,0.3642604614181392,1.1194594396923343
0.28519195737019576,0.3082586976740352,0.9251708370991981
0.4014959464630458,0.37148085599563124,1.0807984852596753
0.2956483226607983,0.31767562471599087,0.9306610254567519
0.3343779773740901,0.3221422868014061,1.0379822552766165
0.3421360136269877,0.32978310616356404,1.0374576721261668
0.27918405633478793,0.3088690915748932,0.9038912081207473
0.3760412711424857,0.33931610430038683,1.1082329025255668
0.4285036767853792,0.3953153332230397,1.0839541013796559
0.4137816336575507,0.3852969708952278,1.0739291116048473
0.2830231532891426,0.30448401346436355,0.9295172842375429
0.39960349300937564,0.3608340158233527,1.107444075352925
0.2560383755010747,0.309614584200562,0.8269583816995465
0.3472769191124053,0.33508382302288175,1.0363881967787234
0.31729621120707285,0.33687251108370436,0.9418881053439018
0.34672397649628217,0.3390459549831366,1.022645961116178
0.28084651120591336,0.30473660365283156,0.9216041257907607
0.40753377841875543,0.3640459942302157,1.1194568402833156
0.3539723300938379,0.3359977267949151,1.0534962050796672
0.28192255148642786,0.30787216264682415,0.9157130318723735
0.4029760048491286,0.3751928925495895,1.0740502095088782
0.2974280903489187,0.31346921592124377,0.9488271104223668
0.32816603476259515,0.3180420027680454,1.0318323740463093
0.2934046067977125,0.31172553647851386,0.9412273697953387
0.34739278295482284,0.3289900016941431,1.0559372052825742
0.2423069224271849,0.30604936774244906,0.7917249567105605
0.3921585071047136,0.3586547084130601,1.0934151926790474
0.2832182329070449,0.3040768335736472,0.9314035192307725
0.3806570592205526,0.34715945822708827,1.0964905325193601
0.2905738115970712,0.3087556339936842,0.9411125809707979
0.29671746257673476,0.322769877386923,0.9192848631938547
0.3783645222448461,0.33980413838519047,1.1134782643993137
0.2954369855601844,0.3188075050794103,0.9266939480819165
0.34178583336651924,0.3258988711513219,1.048748135147178
0.40940319137220654,0.3635930709652963,1.1259928311760448
0.47307976246911104,0.40624642438048275,1.1645142801947064
0.41280082317527356,0.3708994656309122,1.1129722780082354
0.25819823467151465,0.3050629859037208,0.8463768028318033
0.30002966968475553,0.31471707922255165,0.9533313871173482
0.31183192891105654,0.3177776980355258,0.9812895330250503
0.3600359901615599,0.34226281115682455,1.0519284550508519
0.4253403658672977,0.38646891891549856,1.1005810430005067
0.5468168763983842,0.46057451846782316,1.1872495209189176
0.4240053633346055,0.3674931379314697,1.153777634383133
0.3640270599137152,0.33678068185927784,1.0809024374676637
0.4420653961606214,0.399826716949082,1.105642463149651
0.3803361957455257,0.3529459170606591,1.0776047472456216
0.29184048232443216,0.3203492094951401,0.9110073434685955
0.42237373240663095,0.37605005595243707,1.1231848678678376
0.38464682889674173,0.35482971654646495,1.0840321736310161
0.2747931618483844,0.3086257919423254,0.8903765304869158
0.3283916214687359,0.3238290225026405,1.0140895307370363
0.27255619070234544,0.30776665648067714,0.8855936306389891
0.3642503190232954,0.3386771050288346,1.075509131307484
0.29217133439831666,0.3079068765262518,0.9488951260021841
0.35394583161537885,0.345549611917052,1.0242981598264458
0.2816212641545289,0.3272154987086474,0.8606599175954206
0.33930344122244765,0.33274868480671554,1.0196988199052976
0.42052705400494356,0.39583854755857995,1.062370142065838
0.3115559287151826,0.32112090390943204,0.9702137883962014
0.2586327772270455,0.30454203039757244,0.8492515036082424
0.432032354623947,0.39323023391819356,1.0986753239167915
0.3311794608146844,0.33359083483329544,0.9927714620222823
0.3059163895552294,0.31946272322154007,0.9575965122637591
0.3951361088316937,0.3691127243715495,1.0705025395817809
0.3566735597562817,0.3320297442371571,1.074221710394483
0.24814391375149353,0.31202099860313637,0.7952795320263398
0.3088233762337136,0.31593617477106956,0.9774865966440532
0.40701303561575963,0.36382888988009077,1.1186935588042537
0.4053247494112809,0.3681504746690418,1.10097576208657
0.3927484954752953,0.3511528992935167,1.118454372056915
0.3379598747381643,0.3314937484182964,1.0195060279438772
0.31015256055420004,0.31556195330656556,0.9828579057275947
0.36434968883461566,0.3445102942288278,1.0575872330613445
0.4197681700236854,0.36992200779417367,1.1347477608232661
0.5466815279203207,0.47150481317276005,1.1594399731398197
0.4375191489800002,0.37858449817457307,1.1556710617830188
0.47507618084065195,0.4070196375844256,1.1672070263246446
0.28287543770161777,0.30971443374994767,0.9133427663561888
0.4002997651522868,0.35931178404839814,1.1140735787790577
0.32823316365229666,0.3179652861051684,1.0322924482508826
0.35852228455894414,0.33507467377240624,1.0699772696114427
0.27411282963015154,0.32188499939465304,0.8515862191330962
0.3310900116817981,0.32511378932028245,1.0183819405938153
0.3110752903533421,0.31161116559640656,0.9982803079535394
0.2958449980576941,0.31702105818144743,0.9332029858040749
0.2824196637736128,0.31894182198016446,0.8854895918641141
0.36123240085866676,0.3510336224420329,1.0290535657116948
0.390096287688139,0.3570377876122609,1.0925910400043686
0.39632750756811824,0.35047822642042875,1.1308191998571955
0.31169456248914,0.3225203271912031,0.9664338530338736
0.4346569896387761,0.37625271549117184,1.1552261863980477
0.3411168913482329,0.3282071598341425,1.0393340947242415
0.3392778869609825,0.32908297670093195,1.0309797558119076
0.399861966688425,0.35322288521531503,1.1320386742344852
0.3556730256341251,0.3514136813252232,1.0121205989841926
0.3759291836278869,0.35705061827970463,1.0528736385869897
0.46165687516233106,0.3991397067433035,1.1566297899277505
0.2702839867663349,0.3146106617028146,0.8591062531175397
0.2575787605913428,0.3095579257633641,0.832085820307002
0.30096219777075284,0.33766158757958425,0.8913131041291996
0.3592250750353851,0.3359871965932034,1.0691629879882505
0.2325991387318316,0.3160582890714231,0.7359374734806233
0.2961840344748679,0.31381132508799564,0.9438283796539693
0.40675917599745376,0.3708810101001385,1.096737673054838
0.4060894414363193,0.3681682380776628,1.1029996600376408
0.29893341520655753,0.3095336222284764,0.9657542629921653
0.2639931546822556,0.3078412005177926,0.8575627766465824
0.4911112609494907,0.4270753001653832,1.1499406796864857
0.31797929493659594,0.315362137206153,1.0082988964801822
0.40496593592167796,0.3587232099586155,1.128909210999749
0.4060643933171543,0.3689308496240801,1.1006517718182451
0.3087990980657964,0.31598392496587785,0.977262049324638
0.32630847583843814,0.32963619773769687,0.9899048650539687
0.4625899646690669,0.39504677468388427,1.1709751713306116
0.3191259637280833,0.3143210976846207,1.0152864891311992
0.40039943101308967,0.3624528741379086,1.1046937673357857
0.3811438154788471,0.36139285604204935,1.0546523239366405
0.4305072649637001,0.40738247210092227,1.05676432946052
0.2893335740166721,0.3171102349624663,0.912406923891681
0.39893834673082484,0.35627408933936777,1.1197512215119785
0.2967661722341889,0.31601039674219544,0.9391025589461659
0.2613393124596192,0.3118007373500826,0.8381613035321129
0.344791136573566,0.32868858664636574,1.0489902922748118
0.2763894201919546,0.3128988713863676,0.8833186868567157
0.28570036971927054,0.3140376518243243,0.9097646987855268
0.33606483743358767,0.3193940858267282,1.0521949289189512
0.3498819546479744,0.3289235181427633,1.0637182668589675
0.25401505487140497,0.32179227609734307,0.7893758605771032
0.4125636498374112,0.36006455884569366,1.1458046611419372
0.353247894735506,0.34099962567525716,1.0359187170249657
0.386234322214553,0.34876771277659485,1.1074256820956292
0.49136220117135265,0.4172009728048249,1.1777590015381434
0.3371190713252533,0.32661784895466095,1.0321514038629593
0.27239773095083125,0.3035741440793674,0.8973021459944056
0.28593349031690096,0.3143627787634117,0.909565348167677
0.40555675007103564,0.3657540392592454,1.108823708119265
0.2766645590548754,0.3082533613885913,0.8975232510314971
0.37407617516507924,0.34821555068676796,1.074266138968543
0.3824591297121261,0.34508805711129886,1.1082943087444321
0.25615603774142087,0.3180305496186165,0.8054447538093564
0.3130633224890326,0.32364224558739707,0.9673129103428257
0.36965800783958785,0.3403456866638621,1.0861251437121213
0.4040789018596047,0.3587049445980506,1.1264938160035631
0.45737949592691657,0.39696941131395763,1.1521781852485895
0.32590292240237695,0.317941424339633,1.0250407699445898
0.4339416065024901,0.3888058065339029,1.1160882867747282
0.27960961449275257,0.3038050728175265,0.9203586098797423
0.37823856192389116,0.34913866568150903,1.0833476755878066
0.3850962829289899,0.3594902327510757,1.0712287785455488
0.3665028227747653,0.33779378960068185,1.0849898194043812
0.24935113235833847,0.3142922423937574,0.793373487233394
0.4138583228176079,0.363932137571696,1.1371854257748157
0.3788868920618327,0.3597014321613456,1.053337179630359
0.34161993803470164,0.3322731714053368,1.0281297662096311
0.27811485675760633,0.3129876891248652,0.8885808177798761
0.4800474582893527,0.4112101376555382,1.1674018082975328
0.26046307027646587,0.30825944222416035,0.8449475818069576
0.3765651936385449,0.3531488917067245,1.0663071652827576
0.3799952673731969,0.351833299398491,1.0800434979373834
0.3029689071252192,0.3087464745214024,0.9812870174302744
0.30608970535219454,0.3269802405258697,0.9361107107265022
0.3801612301688917,0.3399398789281048,1.1183190138433081
0.30609097317487216,0.3386554606822976,0.9038418354695449
0.5254605291115138,0.46012952946166275,1.1419839316252671
0.2836278583613731,0.30968723377116053,0.9158526004044336
0.2412477790687578,0.32222921231773255,0.7486837625102611
0.36717001338829397,0.342397709257141,1.072349503111158
0.30153942305822273,0.31006242511778326,0.9725119802687382
0.2937643192671689,0.3080308801416725,0.9536846407478952
0.2670550475480673,0.30795998794013857,0.8671744967075969
0.2782542208036286,0.31754820508704956,0.8762582069306634
0.289044693759496,0.31439666706186636,0.9193630977729745
0.37089731564538425,0.34942506118309563,1.061450241690127
0.4223804044739942,0.36270301939552735,1.1645351207109438
0.39191531030086546,0.3660072584554988,1.0707856230903592
0.2954269481588644,0.3261464384444357,0.9058107443021952
0.3038651878704946,0.31714307397929525,0.9581328201741921
0.3187660374560594,0.321173387477521,0.9925045158928989
0.3305945419546435,0.33192864447764864,0.9959807550652804
0.41294771327874846,0.3616100316794285,1.1419697383971676
0.4194027851177046,0.38719995485394143,1.0831684762874279
0.2986877266336585,0.3101762889799004,0.9629611844798802
0.3787083394486326,0.3449158963142156,1.097972994273457
0.26570426836103134,0.3030431813769936,0.8767868234279402
0.31231190949528165,0.3202376676983978,0.975250387438555
0.422776426044657,0.3707336394093553,1.1403778376254583
0.28135374335703045,0.30459787550145095,0.9236891192817601
0.2900187453148303,0.3133626347661565,0.9255051915530825
0.38404711659604146,0.3482759729575745,1.102709191606578
0.3837967637329094,0.3623249492574745,1.0592612088111455
0.41184509551450554,0.38033244927074455,1.0828555289042097
0.39681212442029823,0.37061134437594245,1.0706961091233573
0.344688952889167,0.3312775468642413,1.0404838968166525
0.4155652460676202,0.36814686583798756,1.1288028899056288
0.40482763283327,0.35787648387567267,1.1311937248548254
0.4001765100992866,0.3842122235671399,1.0415506992045427
0.3034793378179126,0.32619906707300006,0.9303501096463803
0.33725577141600693,0.32587038745551933,1.0349383816350655
0.340716577404469,0.33216240135795516,1.0257529931489608
0.39214261746740053,0.3471368606908335,1.1296484524489896
0.4437324280939163,0.3790281748185502,1.170710932785779
0.3552435852529845,0.3354529605513539,1.0589967209384665
0.2682285140455377,0.3125295889743149,0.8582499817883866
0.2504140422788618,0.31195908640351916,0.8027143724704694
0.3114057868792201,0.317767070075441,0.9799813014145529
0.3471748455306274,0.3290086654058713,1.055214898678568
0.38514630853430626,0.34785193708654183,1.107213349910097
0.33570463894501207,0.3279863457167503,1.023532361420092
0.5195193100239942,0.4414117530151051,1.1769494275477894
0.4301220509853448,0.375166523730197,1.1464830249477946
0.42055523853374455,0.3689064692402329,1.1400050516866318
0.3120610119501158,0.3180749243594457,0.9810927805093691
0.3160977961802477,0.3250312189846388,0.9725151853649685
0.24980551032877635,0.3206398383652237,0.7790844444109164
0.43383951090897466,0.38544011934347805,1.125569158830522
0.32072595795627784,0.3169666892574731,1.011860138071957
0.29235604869595133,0.32062089529959686,0.9118434044130714
0.3741530760466215,0.3492194486726459,1.0713981637298444
0.3816825534648296,0.36498501762644486,1.0457485513980038
0.4556383741454669,0.3915996523834549,1.1635310996121753
0.26936604683800097,0.30433953601718045,0.8850839768080438
0.26543740022625867,0.3114471769857279,0.8522710104334077
0.34718039988078037,0.3390248141987854,1.0240560140155788
0.40775014233785384,0.35639087569062167,1.1441093758298584
0.4046907753715031,0.35612401852882475,1.1363759654384202
0.36778915740968665,0.34506438206823103,1.065856624219657
0.2881197990277898,0.3109602643585586,0.9265486046010296
0.43744883015924946,0.3720710253455045,1.1757132384953524
0.36123294554110674,0.3296216161338651,1.0959018700836771
0.24484530228568685,0.31227274459508375,0.7840751603319451
0.32135152368169045,0.3179506214169655,1.010696322119355
0.34534050327887167,0.3325212705255651,1.038551617263597
0.40222749872177266,0.35425077200867416,1.1354315374983113
0.26541069832278474,0.31607430430683836,0.8397098236278314
0.4058453164418104,0.3859244434894943,1.0516185830889417
0.3210159197143271,0.3180950152930129,1.0091824903908777
0.3068034760478606,0.3153679193401237,0.9728430104425861
0.44852528710006645,0.38562410541803327,1.1631152741705437
0.24625483111427654,0.30942653309785734,0.7958426468760438
0.4464239543336822,0.3864445920294833,1.1552081813053885
0.3245147852772366,0.3304863242416536,0.981931055761174
0.33511378089023064,0.33419700157598925,1.0027432302202537
0.26207887172446337,0.30413832487796727,0.8617094600939231
0.3192540777860718,0.3231836195386163,0.987841148143107
0.2986887099540475,0.3142027942423862,0.9506239773400277
0.35661977889807966,0.3345949242773159,1.065825429564823
0.394103674004476,0.3602322920682936,1.0940265009050354
0.4165887036844243,0.3717721988627655,1.1205482953237236
0.3782890295263078,0.33925599074336626,1.1150548254060706
0.3792940888122759,0.3464686307753925,1.0947429438660012
0.2580543643150432,0.3056876048036594,0.84417673552969
0.25796904073745197,0.3376765282055418,0.7639531302585167
0.41275507160647207,0.36343549004460646,1.1357038124037153
0.3333573164909872,0.3381004833293116,0.9859711326301048
0.44838711366962025,0.4109182387031812,1.091183285231357
0.33943423931755956,0.32343708800209636,1.0494598545092007
0.34148498659105486,0.3304350477475235,1.0334405775623847
0.3314840936448329,0.3346785785606366,0.9904550660829793
0.41847764351344036,0.3675398539774378,1.138591200341309
0.30732883524537485,0.3210379768432387,0.9572974458266102
0.34873913918025723,0.340345213211501,1.0246629764219424
0.4039033669973139,0.35276676732126167,1.1449586650816304
0.24398811291928416,0.31395543943156473,0.7771424930908646
0.42090385475333364,0.3639863685786559,1.1563725762504156
0.4595123239471353,0.4004343186668639,1.1475348203844151
0.26542035224362126,0.3026597720144495,0.8769594666546886
0.33967896572251877,0.3334802324341492,1.0185880081800458
0.34693971855643846,0.3359954504179503,1.032572667650334
0.36252621054054224,0.3501540888632775,1.0353333634270243
0.36146792613958,0.3379664760517344,1.0695378144081016
0.36941911495702306,0.33274459269478257,1.1102182366518005
0.45192349644412244,0.39106171137623136,1.1556321759389463
0.32564588865957295,0.31506504475445496,1.0335830460448703
0.4825993474606371,0.407869201826253,1.1832208592847324
0.3613237145117327,0.3358603442299048,1.075815352182208
0.29936855582684163,0.3204145715875289,0.9343162963643866
0.3190506128532912,0.32679816740448714,0.9762925397876955
0.35803792345727137,0.3366962643314623,1.063385494247121
0.3152648738590718,0.31887745502184506,0.9886709420629133
0.4056182426201117,0.36562880703287215,1.1093716764599575
0.27045317693004056,0.30582334366408526,0.8843444509164248
0.3402250206713488,0.3345326070188788,1.0170160203610548
0.30723106666827704,0.31653457168483623,0.9706082499392124
0.45331437594491836,0.3846369265951498,1.1785513677995225
0.30491812513979627,0.3498600448273355,0.8715431488905251
0.2539680290428359,0.31344493096917947,0.8102476829265047
0.41715474820501025,0.3632460667822564,1.1484081628200224
0.40735546378948767,0.36531144594907267,1.1150908856172994
0.3878114875823411,0.35817691607936547,1.0827372456811515
0.3798338732406743,0.3529050149970828,1.0763062498383993
0.3698528312058285,0.3418355837037628,1.0819611791098542
0.3477779355190016,0.3268507581254525,1.0640267059913529
0.3227823641722214,0.3180029174308347,1.0150295688479847
0.2789810046263105,0.32188294668276085,0.8667157036475953
0.2674641625842347,0.30331738338524833,0.881796353374591
0.37753525340246025,0.3636597057713663,1.0381553067631242
0.408308905872861,0.3695442744279549,1.1048984766572632
0.3216374647577089,0.3141903683790646,1.023702497365099
0.2672428079947992,0.30881672133575666,0.8653767413852024
0.29571792642131495,0.3072967046276613,0.9623205259543025
0.2855963350784266,0.32433612676876217,0.8805566556020588
0.26096908515651257,0.30208997194606774,0.8638786765258911
0.36561337120768495,0.33643619709391615,1.0867242418199847
0.3785151760870221,0.3501373181849214,1.0810477959025016
0.398303986771875,0.36806658937017556,1.0821519754168418
0.33463266122206736,0.32356500532923355,1.0342053550617203
0.3549325077838811,0.3608678786961696,0.9835525097613751
0.4251665109161995,0.3695637955089588,1.1504549852635466
0.3485456373491865,0.3292260463905824,1.0586818423706488
0.43766607674471314,0.3898105306368759,1.1227661706051153
0.28615600382938583,0.30663015136379285,0.9332285248422422
0.439741512712366,0.3868606891635552,1.1366921608477363
0.31277769348824686,0.32897554678722696,0.9507627437444265
0.4065889331362081,0.35644113750486445,1.1406902580953056
0.41132764073005784,0.36764581604630236,1.1188149647764631
0.36315424134171187,0.34557821792097976,1.050859754779889
0.29180790812948815,0.307186615965635,0.9499369209566497
0.259665098270742,0.3193043027593381,0.81322141927556
0.2857451381760865,0.3114801828268467,0.9173782279912606
0.3987923702755468,0.3567524412627298,1.1178406204145825
0.2601980910115335,0.317169021630972,0.8203767495120489
0.3571847731706406,0.34266729346388125,1.0423661084196516
0.2714120049801224,0.3043853017912895,0.8916725064675556
0.4528894178939195,0.38494528147309026,1.1765033621423384
0.4292816140166318,0.3887592225774751,1.1042351900245428
0.3579628262747701,0.3370209413109835,1.0621382305868723
0.3887483734463236,0.34739701108399873,1.119032003854306
0.32979057566401687,0.3397788304448252,0.9706036577742878
0.2801851884634461,0.32169158135746795,0.8709745753405359
0.4059861389918927,0.3534349734382559,1.1486869424449226
0.2759413116153361,0.30532999841909597,0.9037477910590987
0.37183475318052844,0.3450952143074817,1.0774845253264558
0.27587617443014395,0.31368400783804196,0.879471594141903
0.3127981485492417,0.32034710514226256,0.9764350716087525
0.39034194021037566,0.3617063683412888,1.079168005806488
0.4804501208604184,0.4287740447020041,1.1205205324271177
0.2834276451220919,0.30602406193915355,0.9261613068139901
0.24905992507563965,0.3032183962947541,0.8213879108889297
0.32306460845679696,0.32436394302467536,0.9959942077539131
0.2902510773920251,0.3123310064907822,0.9293059970355241
0.40504800052926077,0.3584053804015225,1.1301392855081707
0.3584020175106525,0.3344681871713045,1.0715578678551267
0.4327568275965395,0.3741617666381362,1.1566035500764364
0.3645204051812064,0.3402632555540635,1.071289359727203
0.43609487428447363,0.41421263853451207,1.0528285081483295
0.3646197731439034,0.3340102932831157,1.0916423250311102
0.47917739671431586,0.40773695195362236,1.175212093037914
0.39689010648765094,0.3551687873064066,1.11746899128625
0.3203613942374414,0.3176902403173098,1.0084080452627806
0.28481817919317787,0.31393288204445124,0.9072581927013593
0.259441854144714,0.3063668811181717,0.8468338783807451
0.39127432409750457,0.35939189300777247,1.0887121599291127
0.33740736247572867,0.3231107145378894,1.04424690143218
0.26187561048146646,0.3030678018578907,0.8640825877117116
0.34663490969147304,0.3331076539917648,1.0406092611130535
0.3420234150960183,0.33472186405107635,1.0218137857998657
0.3514537499964883,0.3468549926591155,1.0132584435418301
0.3037990504850085,0.31717668423612494,0.9578227706638192
0.251468233625334,0.30496982675283685,0.8245675852684821
0.36635071806312297,0.3458197564349086,1.05936896677006
0.3048646215905287,0.3097597795380068,0.9841969220317143
0.37359382775774563,0.3512542965291904,1.0635993109530513
0.3675834382296491,0.36107633654525545,1.0180214016422484
0.31533743936528086,0.32302425230618453,0.9762036042618324
0.3813380116010257,0.36902249804546844,1.033373340706289
0.3000810337331479,0.3107419695874254,0.9656919988361015
0.3803859777081653,0.3452901138646127,1.1016416701038638
0.39622916539310515,0.3669639209755751,1.079749650428108
0.40062420285035244,0.3612316707141653,1.109050604722191
0.28209684251956396,0.3117696290148925,0.9048246405877105
0.3619036824341723,0.34678998300734787,1.0435817069909548
0.5034897583561201,0.42484547640238113,1.1851126734823771
0.31566928239977826,0.32132008870376666,0.9824137783392746
0.2682998915575588,0.3062450296771433,0.8760954972572521
0.2866117472850205,0.31824855012837777,0.9005908971758225
0.3010913497851789,0.31087499397446994,0.9685286871606839
0.320669940813622,0.32717374449929076,0.9801212542417722
0.32515026253353496,0.32752381289785104,0.9927530449059093
0.26710722478935117,0.3081286159608743,0.8668692583335655
0.32617669432165763,0.3240837530583996,1.0064580258760485
0.34947015606122006,0.3363509987097266,1.0390043656829315
0.23977894281990764,0.3087971598574945,0.7764933554782765
0.36756983165281326,0.34827765733018023,1.0553930862821421
0.27685501320743366,0.30530854110916106,0.9068040225852901
0.3258128386726495,0.3282102746833251,0.9926954266956183
0.2704032271955924,0.31292440691661744,0.8641167681996907
0.43457861916851753,0.40439563881693186,1.0746372548425265
0.4393878506725244,0.400984788243122,1.095771868548086
0.3731927433410432,0.34580653716952164,1.079195166163375
0.388395626490373,0.3423538114800459,1.134486059352696
0.25812646176656756,0.3098969860436857,0.832942795158969
0.4500798346277516,0.3831401620985318,1.1747132750651312
0.3049612730153458,0.3243061951122116,0.9403498225182768
0.35046222989133197,0.3424565031262761,1.0233773535966517
0.3450144457639327,0.33840981277143845,1.0195166710397816
0.3843334632404313,0.3579406205398109,1.0737352543581593
0.398857707340439,0.35321920828807196,1.1292072967196791
0.4004651444923799,0.3606431832644479,1.1104192816497294
0.365079417944136,0.34732664490655923,1.0511126148768482
0.3164560115658257,0.32264116278429705,0.9808296276733715
0.3895486113389398,0.3580158574121421,1.088076416935068
0.32282976393054735,0.32378522750522515,0.9970490822510969
0.2689974962408417,0.3130377803683756,0.859313198312011
0.39916609665410935,0.3640579654755326,1.0964355528733412
0.3576487219424783,0.33706397320597475,1.0610707473145595
0.2945108518374867,0.3076718524869078,0.9572239041594449
0.3386436078992549,0.328903245618455,1.0296146736481258
0.4019212343075219,0.3558084221365313,1.1296001142808703
0.2505546070100976,0.3034684885897205,0.8256363228171583
0.29802410367560866,0.31589011757341756,0.9434423145774525
0.24732287324143723,0.3140778056539012,0.7874573395166141
0.31589924216500603,0.3190296298696108,0.9901877837933606
0.31918287230415104,0.32796269246447,0.9732292106326388
0.3318898597983978,0.3221271028695419,1.0303071577706076
0.36902150769332326,0.3421696123556449,1.0784753945647545
0.2722299485296605,0.304087229614466,0.8952363730459991
0.38433891541523424,0.3650355772624778,1.0528807035673577
0.3774616410692138,0.3458202237505866,1.0914967232843147
0.3516740774541782,0.3320012235004594,1.0592553658275647
0.3862610222159809,0.34810515631914835,1.109610171536358
0.37827614296665196,0.35016939693659827,1.0802661405478067
0.44389555675773396,0.39884321346004653,1.1129575276130415
0.3185612178442413,0.31509992842951096,1.0109847356423778
0.3474622905680968,0.33247928016874106,1.0450644936182234
0.25285395530095267,0.308701598736102,0.8190885837203212
0.29770458976460884,0.30900855839608493,0.9634185904424474
0.35957360232891916,0.34380504773689885,1.0458648140736067
0.3640909483010716,0.34447993514113273,1.056929333640011
0.29973530053819747,0.31233727455884835,0.9596526734170612
0.31606023283296913,0.32061988696047605,0.9857786297327558
0.31220489606671714,0.3144506646023846,0.9928581211984171
0.2809470074706612,0.3170496555970546,0.8861293570611001
0.31390641081907866,0.31229963712422,1.0051449745816374
0.29873420927799627,0.31762901428145357,0.9405129753457773
0.3196572906194477,0.3302512165260616,0.9679216142848701
0.287074568992548,0.3111962272049835,0.922487305103006
0.3176550711910116,0.31446998349068145,1.0101284315436883
0.38644143770124467,0.346182166851753,1.1162950455120701
0.29936244334734696,0.3196788612085925,0.9364474154329868
0.3079630944210027,0.3124542856440537,0.9856260853846399
0.33781826743149235,0.3287509199853976,1.027581207822924
0.40308119328824793,0.37286037735035027,1.0810512936575756
0.3330849682002121,0.33024965649910304,1.008585358516843
0.33767934366152436,0.31945261759493315,1.0570561174418134
0.34228695050290714,0.33656347812177734,1.0170056252480815
0.3684544932898503,0.33827169755731107,1.0892264885016743
0.3321423165104247,0.32660245909931546,1.0169620811379887
0.37858831903601486,0.34997670828221855,1.0817528997693302
0.3950284589713045,0.3530218838805283,1.118991419537584
0.31907162894627195,0.33027840069650266,0.966068711345951
0.3350826374854511,0.31995018019437926,1.0472962924474005
0.42398273793867247,0.3726451849483995,1.1377652390634854
0.37441335162527234,0.3427876692051882,1.092260268560458
0.28223214522844237,0.30582319607237946,0.9228604921179564
0.3935414186715092,0.36607469884173016,1.0750303692571064
0.4042695060733199,0.37076804776685035,1.090356918586297
0.4653433274111727,0.3985017206819698,1.1677322913808617
0.2851134493018974,0.30807594367645835,0.9254648250021229
0.37316063453621945,0.3392025684263,1.1001114651562482
0.41407565650659706,0.3616892502687979,1.1448381620379013
0.390215131934839,0.34447215890628985,1.1327914951785496
0.470456266944625,0.4055706341311309,1.1599860230327104
0.39367684843597855,0.3515528530474897,1.1198226526205963
0.4173379253395045,0.3729763984305556,1.1189392334089165
0.3029256975689307,0.32995303229582085,0.9180873273422179
0.4443659903528551,0.3812473839277913,1.1655581364907637
0.28462573268368596,0.3194158757292365,0.8910819853079514
0.35361413775996914,0.3329195002962794,1.0621610853232468
0.36854417397776956,0.33446966983069226,1.1018762154557264
0.3822501067148597,0.35239632067116616,1.0847165089205093
0.37342897524691704,0.3392206927706319,1.10084373744091
0.3804020912468016,0.341350256306216,1.1144040006390188
0.3034675147637372,0.32347230823441436,0.9381560864363694
0.32356359317193933,0.32772830052083324,0.9872921949606572
0.4354921994895288,0.3899949481711352,1.116661129924249
0.4101187791719018,0.3838217698363068,1.0685135951168436
0.3875216082571773,0.344921008792792,1.123508276905154
0.2866982631795283,0.32364855563287576,0.8858320489609683
0.29713598860559537,0.3126510260917568,0.9503758625707881
0.47961654826092054,0.4252097384936232,1.1279528779374681
0.34908892406027064,0.33243028262531715,1.0501116844813128
0.37559541101043636,0.35092193485186624,1.070310441463243
0.2940075671803591,0.31788844084588325,0.9248765585751451
0.4686750515352089,0.4102635865195129,1.1423754555241714
0.31901915906672057,0.319965021728467,0.9970438560545248
0.2898509967922016,0.3200422860652229,0.9056646868630714
0.257075043596651,0.3057514656698995,0.8407974203276547
0.27101369554632526,0.31133154121374995,0.8704986796061766
0.44623649931383175,0.38744432690631503,1.1517435366184439
0.420213375363476,0.3608026042978133,1.164662811071685
0.34294600674309755,0.32148630537215,1.066751525686626
0.3982954464008251,0.35339411351485994,1.1270573876836154
0.4342502889312709,0.39803854645650116,1.0909754665650881
0.35978356594150146,0.3379943835661128,1.0644661078255067
0.2778417644525671,0.3071825186683967,0.9044842970133241
0.4063665655022999,0.35895733015454506,1.132074849474012
0.39246659991794586,0.3624504476811029,1.0828144989994668
0.42289440508708537,0.37814293987434583,1.1183453675681745
0.46835573514188994,0.3981279073686526,1.1763951395354177
0.4549000312377041,0.4019051773073616,1.1318590974253961
0.3413828817232993,0.33765939685676505,1.0110273396837042
0.4184968686754451,0.3663798551858017,1.1422485782227667
0.38011101617870796,0.35492065494699354,1.070974627372635
0.3316446405676515,0.3186036075265775,1.0409318436232275
0.28268167349881,0.3087957147343554,0.9154326307344962
0.3665952124664726,0.3449600822916391,1.062717778912583
0.3528663652090023,0.3330907060416304,1.0593701919887861
0.4254316986576635,0.37342153006641,1.1392800478911966
0.34247977500042415,0.3259649343203942,1.0506644701352978
0.31864077698072096,0.319029252446826,0.9987823202319989
0.308431907905126,0.32780746452776754,0.940893485599684
0.38494442435686904,0.35595991196563964,1.0814263388008345
0.3777207510765818,0.3467726985141619,1.0892459316867358
0.375645449811814,0.3377352746787945,1.1122481954811332
0.3042311396975772,0.3162699740088867,0.9619349438749718
0.29207581020354534,0.31035027422027717,0.941116649364514
0.3541809593636861,0.3462410137523051,1.0229318460148142
0.4006337974650642,0.3591737080136044,1.1154318607582754
0.2760275697687535,0.30943317651201163,0.8920425821180121
0.2573692447194367,0.30123749386863613,0.8543732103669354
0.5079758333786963,0.43162527451186067,1.1768908434594871
0.3002349607061186,0.31172012484214123,0.9631555256759927
0.314955364513267,0.33742077021610356,0.9334202050204307
0.33284628270016303,0.3518360624220789,0.9460266250389796
0.26717330969868225,0.3048402546109887,0.8764371032284637
0.37409373906833093,0.34263090126951745,1.0918272043830175
0.3326608855496536,0.3178528526320107,1.0465876986631506
0.2851232014251671,0.3057388148422011,0.9325711606893152
0.37889501135244474,0.34795407754211716,1.0889224636448827
0.34634008668919636,0.3340588697570247,1.0367636307370145
0.3615107375535517,0.34331322742738435,1.0530055607310276
0.38855780017186586,0.34937961741956336,1.1121364292561295
0.34739065895736576,0.33059928777474396,1.0507907058591812
0.2804935606508534,0.3053623810740194,0.918559645966548
0.2656689286776209,0.3085284242101798,0.861084126552432
0.395748524447642,0.34671802912476574,1.1414131692160512
0.23903190767965618,0.3107046632076045,0.7693219188021697
0.3263107817537536,0.31777602952901396,1.0268577596535184
0.35676624113491634,0.33485040676897027,1.0654496274244245
0.3831706142194019,0.3474975521656805,1.102657016808893
0.3812131694467636,0.34543996602398513,1.1035583804460385
0.41378412699758577,0.38729809078985367,1.068386694480514
0.2905870546585744,0.3375019481096333,0.860993710662022
0.427803868529477,0.38216620344895896,1.1194183699883689
0.249338049030993,0.3268125458129353,0.7629390371497916
0.3382386481508909,0.337592702031673,1.0019133888716507
0.36815125083630007,0.34429176105771214,1.0693002054573955
0.2884635534808136,0.32273170738346174,0.8938184469679901
0.2570421256599229,0.3031210348506528,0.8479851152084088
0.28384222055713143,0.3093724666964559,0.9174773165435768
0.2817104833107914,0.3166971633589544,0.8895263864156938
0.3197024013366962,0.3212326838452445,0.9952362179021437
0.2936336624594101,0.3217097023465805,0.9127286504498274
0.464351302135086,0.3969062531166306,1.1699268995861267
0.39560939071986484,0.3672572096430456,1.0771997944012484
0.28000402886810216,0.3135877583564681,0.8929048453154541
0.3326043414139486,0.32592327704160123,1.0204988868330953
0.27280474922519427,0.3128965530668012,0.8718688223035567
0.29641013771557273,0.30833150844297813,0.9613358661020202
0.41416847013073044,0.3738621147257079,1.1078107511230288
0.37225868416038016,0.34410631881813936,1.081812985704338
0.26092353410403535,0.32435349613975123,0.8044418734787234
0.40027410597401314,0.3519715682118204,1.1372342033408895
0.320039631373087,0.3231920326946984,0.9902460425916834
0.38263000816588705,0.3431632259050428,1.1150087750712694
0.4212664157166862,0.3788713551879846,1.1118982999062215
0.2896555628726174,0.3153214452098069,0.9186040698243277
0.24301572621713052,0.3053658200578302,0.795818360323065
0.32161884292691145,0.32605752691078016,0.9863868071811657
0.2632000854216789,0.30255510647995765,0.8699244527182165
0.2917791721343182,0.3178749679693399,0.9179054708153719
0.3303909394798831,0.32692983685417487,1.0105866832437567
0.398653854611397,0.3612984087100874,1.1033922237152292
0.3009806626715061,0.30896585140933075,0.9741551090471627
0.25121792693771167,0.30584670734559966,0.821385095553248
0.32031220239123487,0.31433293220104014,1.0190220927483682
0.5421023869209011,0.4638840621400973,1.1686161072660028
0.3257770618250166,0.3227018802835515,1.0095294813242581
0.288763442955557,0.314261014654971,0.9188649863954396
0.3792516995037257,0.3533791377855945,1.0732147400671652
0.3800605950459659,0.3373916062207592,1.1264672506324531
0.31677051300601033,0.31987699270060904,0.9902885178819152
0.3278242048934775,0.3251720992299911,1.0081560062187582
0.30773587174478395,0.3140238249173417,0.9799761907421741
0.41346259888576875,0.36590073192557043,1.1299857114521243
0.36237111827235463,0.3341351854420145,1.0845045181128947
0.2760322065012575,0.30304153485487434,0.9108725199449919
0.3738228335644922,0.35270557426157706,1.0598722017567377
0.34751513552136654,0.32304419585809707,1.0757510581431984
0.3463614980563262,0.3306969147061435,1.0473683988376554
0.4270579757216059,0.37851840749984683,1.128235687512182
0.4291957414823529,0.3703091762353833,1.1590200001134698
0.3802927025805169,0.34686975239121093,1.0963559086916592
0.26243478024358086,0.3080917297933791,0.8518072861598136
0.5159014377307886,0.43496145109809997,1.1860854253367699
0.3094459885313226,0.319371711368021,0.9689210957533408
0.255040283192657,0.303513613233599,0.8402927317674066
0.2917142138768479,0.30803725020599865,0.947009537586007
0.43266091764000597,0.37506883939343594,1.1535506877609678
0.3397156421480114,0.3323686143933361,1.0221050587706233
0.5740699923786015,0.5025016066597631,1.1424241928191412
0.4152539941579441,0.392148170234354,1.058921157045771
0.2621000860832215,0.30492569512536377,0.8595539512518438
0.31458549515348505,0.3232282565465467,0.9732611205301074
0.2955742013496151,0.3149496520949005,0.9384807996566791
0.33458641561338337,0.32161561834954694,1.0403301224312407
0.41438484771957,0.37484476510124365,1.105483886396671
0.26066482351694253,0.30760625805424024,0.847397660781594
0.3464381292898913,0.3307060479332565,1.0475711933753624
0.3554434251340471,0.331291611952214,1.0729019761155822
0.38111285375007325,0.3464119299225276,1.100172427188943
0.34712272217229473,0.3243367859106548,1.0702539374239122
0.2632944562659029,0.31998068620516573,0.8228448391322074
0.43076788175969377,0.3756176629991093,1.1468254136939116
0.4274260490577778,0.3699781420841872,1.155273786310648
0.4258778548586785,0.37398339308005835,1.1387614068935707
0.3169919299210635,0.3233019019510928,0.9804827253042766
0.4027444954879503,0.3618197585023307,1.1131080766706
0.31467263324265404,0.31958201007388976,0.9846381314451942
0.3201966157864427,0.32120003249297585,0.9968760379669168
0.35971797763963936,0.3316726128758106,1.0845573727678561
0.4512997202808977,0.4091037048847878,1.1031425892561721
0.3035269729306469,0.3246865822570267,0.9348306629140913
0.27972381885415304,0.32448998679003516,0.8620414504042969
0.24316153816794633,0.31750189430772974,0.7658585429801212
0.3127648457259412,0.3154234208854149,0.991571408514907
0.45962901758011737,0.4068917526861343,1.1296100610195046
0.4806652477303457,0.4076035305668158,1.1792470174680034
0.43117366273180663,0.38401154852451064,1.1228143121958367
0.3372182653376122,0.31955990632984244,1.0552583683309231
0.27048651996369016,0.3102196501980489,0.871919363557426
0.31012971906764336,0.3234307499176565,0.958875181616468
0.3135688366255724,0.31571010720424825,0.9932176052339985
0.36874759970515264,0.3412415838904852,1.0806056972924347
0.37958308074448643,0.34418922858501566,1.1028325386735
0.3736706639096489,0.35496091327392926,1.0527093263963998
0.2629062894218926,0.3084759836854103,0.8522747420428342
0.3058428537091836,0.32414687814549054,0.9435316960600456
0.3915718590893874,0.35594818849420096,1.1000810560264076
0.40236387411387503,0.36940808549640075,1.0892124182208658
0.28477628921260967,0.3124575679832499,0.9114078786783485
0.2778963210947315,0.3054984114738059,0.9096489888575375
0.3028851337740656,0.3193618794321509,0.9484072874089351
0.3673096909303188,0.3440326517779781,1.0676593893981974
0.26936309966278815,0.30274823775858584,0.8897263999190664
0.4503752229339317,0.3874114504532855,1.1625242940211917
0.27612201423961397,0.30398392436672694,0.9083441330486269
0.2952116232939555,0.31723952377376047,0.9305638206180319
0.39431454033740304,0.37253853538289344,1.0584530266973007
0.45222063467250767,0.39740649949092793,1.1379296394291383
0.43498397358173957,0.3713810150789383,1.1712606620165606
0.3501443526520304,0.3272970892604249,1.069805886276692
0.38819298763423193,0.37392675193842967,1.0381524874105592
0.4280400881489763,0.39189485106266775,1.0922319775018647
0.30683415514699297,0.31695234107874837,0.9680766329180024
0.36693775609197793,0.341572075743018,1.0742615750827471
0.39949587951725546,0.3533547586516475,1.130580159841843
0.4810922639594598,0.41222309769134413,1.1670677035173853
0.28840909110075696,0.31386170534381713,0.9189050023953119
0.3642551414189176,0.3410958105947811,1.0678968492276488
0.35270580713218425,0.33856636930334694,1.0417626767181023
0.30880771356043035,0.3105114074607627,0.9945132647001136
0.39280337054283754,0.35174105777089426,1.116740175378358
0.399394840914142,0.3695495856341773,1.0807611655922922
0.4075898634804699,0.37002921173028025,1.1015072609390855
0.3735727993636825,0.3406244409863901,1.096729284257699
0.30029018293460924,0.3115229414046492,0.9639424357660732
0.38325642449133795,0.34837669050438635,1.1001207455540498
0.2458430205707899,0.31750901699760437,0.7742867364697388
0.3850510781598478,0.34554971755176234,1.1143145504153633
0.24741357833123115,0.3043419360990907,0.8129460615991999
0.32964239847487303,0.3238866266382378,1.0177709462609708
0.45591159044794405,0.38842157122870463,1.1737545600409018
0.2928578895978406,0.306789900979968,0.9545877770499457
0.4414138376068539,0.3798174587636197,1.1621736374197817
0.36628465096011226,0.34434238338145023,1.0637222387880005
0.28800736913021124,0.31890054421356223,0.9031259881994358
0.24609045360257528,0.3036176675904493,0.8105274490631006
0.44753511780659855,0.41118317984246,1.088408134734661
0.30045356732690176,0.3112909696653576,0.9651856192612777
0.29832527495053496,0.31801205643439145,0.93809422917927
0.3303841644482965,0.3268459236049923,1.0108254091232918
0.40907026294817644,0.3587135392357686,1.1403814414691225
0.4447345759750568,0.3853549290652776,1.1540907937879796
0.2992170134079965,0.31958956994893156,0.9362540005789598
0.32828156478125675,0.3365544479158243,0.97541888634722
0.24864414317339384,0.30741403045345145,0.8088249674441697
0.36206678425427724,0.3525075998743781,1.0271176689050272
0.4430063810166838,0.38084632472469626,1.1632155865936777
0.41511159160472366,0.37320800093634304,1.1122794542540582
0.3003244794468928,0.31034369087689617,0.9677157560326313
0.31985074576258526,0.31882423440794316,1.0032196779411964
0.45904508022337986,0.4063796344848768,1.1295966659482366
0.4013665694738044,0.35650708215326876,1.1258305642894626
0.2693486459700586,0.31416390043161546,0.8573507191628725
0.33040254542816366,0.3448229942332303,0.9581801415618095
0.42108776099057194,0.37166897654431114,1.1329645129538246
0.31373257458587905,0.3128187815809893,1.0029211577395432
0.3525620818383417,0.33802780406721616,1.042997284827598
0.28621398816249033,0.30969709661019124,0.9241739470445905
0.2806320743555009,0.3251581396950338,0.863063353169341
0.4138828695486076,0.3698949607627427,1.118920000140471
0.3073647012870163,0.3178391919093309,0.9670446852089196
0.3863994712421787,0.35112950351727945,1.100447177954568
0.31022149564987583,0.3127983152091782,0.9917620414368946
0.4692623439718964,0.41004757526454405,1.1444095082604737
0.37301230273710617,0.3389314464236076,1.1005538337416563
0.25907328943102476,0.3082779965093696,0.8403885206356291
0.44195315596543366,0.3785609372090022,1.1674557845925684
0.43548584220843845,0.380889438932188,1.1433392415114207
0.4128940268168284,0.37028959386643945,1.115057062515659
0.30538740393146857,0.3099941354608092,0.9851392945789357
0.23564009861613092,0.3239142034859773,0.7274768938199158
0.33798511786528845,0.3282021191531073,1.0298078474856445
0.3744287326284901,0.3436186624430902,1.089663553097913
0.3096787743264868,0.3160208331690218,0.9799315166062392
0.3879355170505778,0.3542311589518347,1.0951479203536862
0.4072222141254069,0.3815576540866873,1.067262600458511
0.37471921862307145,0.35617704623456636,1.0520588639400805
0.5531508678256737,0.4670446904525641,1.184363893077712
0.4315274159376467,0.37039024582383506,1.1650615014923738
0.2648998665730271,0.30689228563335047,0.8631688672992829
0.3730241741661681,0.3371805398990612,1.1063039826611498
0.43129446029605845,0.3700460668193041,1.1655155910808865
0.3352793684644102,0.3325035189726127,1.008348331170673
0.3535277178404111,0.3343556230875124,1.0573404286605363
0.3643223639523856,0.3419391759908778,1.0654595598665915
0.3769795015562606,0.3432798047026627,1.0981697623685942
0.313047231502428,0.3122035729236759,1.0027022707358906
0.25710294976048065,0.3053243322607444,0.8420650521260025
0.4167422269270767,0.3607406572565916,1.1552405267994277
0.3150144754534233,0.3211436439576538,0.9809145576456163
0.33228251379911405,0.32831011234071045,1.0120995403707858
0.3235198687500516,0.325207294932639,0.9948112289949188
0.39123623824630954,0.360525336858479,1.085183753395634
0.47827716984991847,0.41110839702867985,1.1633845800930034
0.3402236217769037,0.33290320495880854,1.0219896255399552
0.3668524346303914,0.33998137179410043,1.0790368680921867
0.43802650729023584,0.3841143206503619,1.1403545344224415
0.39314729459937475,0.3533322863169323,1.1126843196172826
0.45535947005371274,0.41980766724589963,1.0846859302047689
0.4412755020425361,0.38411764193470677,1.1488030068599275
0.3502631213694669,0.34394683359024963,1.0183641399261782
0.327758801644116,0.3343287591810598,0.980348811292702
0.31949578631811887,0.32131780363418033,0.9943295475835636
0.33810297821798574,0.3277353922057,1.0316340140822466
0.3067430992371949,0.3166424276798164,0.968736569779488
0.39599730812627076,0.3578016259790926,1.106751002158414
0.41456317689788086,0.36075164089659895,1.1491650484736278
0.3096147714236934,0.3185486351910498,0.9719544748261179
0.24533665359781903,0.31377515052803356,0.7818868166741584
0.32605483597338464,0.3254037613147132,1.0020008209371671
0.34006597685728907,0.3244804357591502,1.0480322983469716
0.5747457245703859,0.4958539412495439,1.159102866303807
0.2772150698334078,0.3051474561632002,0.9084626603773702
0.30442801068779674,0.3127515061207507,0.9733862338947767
0.45726525010657365,0.4195266795344064,1.0899551146879378
0.462138144096821,0.39832213403499434,1.1602120610656805
0.4156193695916968,0.3635108365355,1.1433479495489758
0.421142185151002,0.3863535750223776,1.090043453400449
0.37467790065603684,0.3489171719964258,1.073830498258982
0.28711411551407734,0.3168851168075872,0.9060511216385501
0.4072490448663985,0.3743630224610351,1.0878452743253677
0.2651226716376892,0.31643959988774983,0.8378302580705316
0.29614944357462747,0.3136203377954538,0.9442928531241459
0.31907829148623573,0.32428026450043634,0.9839584039373644
0.34401937097638424,0.33794218363373046,1.0179829202655575
0.41064025550891636,0.3721821760007783,1.1033313306977324
0.315013017314253,0.3204734892096411,0.9829612367972939
0.3239394857203875,0.33225057928177054,0.9749854655502806
0.43891921035212866,0.3839565538840758,1.1431481137958313
0.339741058575659,0.334457359564713,1.0157978255219815
0.34615449051345126,0.33246474845295093,1.0411765220950564
0.31142593526263906,0.31264193033263415,0.9961105822603471
0.2910120716170987,0.3092523470720356,0.9410181502981831
0.3660530255831691,0.3381106759621104,1.082642612634302
0.35671135442237495,0.3356165500223492,1.0628538860751087
0.2943601409455582,0.3136076836205944,0.9386254110459804
0.4757919781809549,0.4143576427030205,1.1482640336429508
0.26760491348387705,0.31681407767942366,0.8446749445100727
0.4850592623886475,0.41489795653866113,1.1691049684489072
0.3790897799147716,0.35572471711110065,1.0656829893447453
0.3322473864813147,0.346167970623459,0.9597866200126115
0.31118736800562263,0.34001316526573894,0.9152215260912402
0.3060962109192311,0.3207953614137948,0.954179042895813
0.34659667777331593,0.33133897184614725,1.0460486306278918
0.33366833341630686,0.33053665480443734,1.0094745274581496
0.2893066324650322,0.3142998391761527,0.9204797343306537
0.44954134951333424,0.3947068181532664,1.1389247128200743
0.42448765535035327,0.36807900760420836,1.1532514666166471
0.6100767078575332,0.5284504008939512,1.1544635160187202
0.36553878743051554,0.33349166163755184,1.0960957333553767
0.26277689889101613,0.3134638543979368,0.8383004777240617
0.3244880773257986,0.32981453162689744,0.9838501527666937
0.33307435313244993,0.3215526032306551,1.0358316175519502
0.42436208807308723,0.3715940664814802,1.142004478411759
0.3621063715197685,0.3447427496341516,1.050366895037078
0.3599494740392448,0.3419016303413328,1.0527866558574002
0.5530105426442999,0.47568511709105094,1.162555906785808
0.42688059889637536,0.37909160830359306,1.1260618529822766
0.35010838984841064,0.3253066638277836,1.0762410635207798
0.3990338492077488,0.368768373124536,1.08207177808329
0.38534673874477193,0.35175068817245336,1.0955109732602637
0.31243808744761864,0.3149969109215241,0.991876671214268
0.4046706137209772,0.3538717776768914,1.1435515326414885
0.39554050074521113,0.3536071978605581,1.11858724352435
0.28580901218315075,0.3110080143318986,0.9189763575614607
0.3480177912416955,0.3327176952909679,1.0459852186020566
0.3016138283450888,0.3151939523632749,0.9569150235391115
0.32453354238200616,0.3192166387951754,1.0166560978992147
0.3395137393943237,0.3286749881707345,1.0329771099526408
0.36037234386309697,0.34301680489185243,1.0505967600529555
0.37479147830518633,0.3456165629561899,1.0844141122735909
0.365058095512592,0.3356305444663267,1.087678405709638
0.29759682636771057,0.31659311549593416,0.9399977820159909
0.2600900783419609,0.303504035137832,0.8569575630974552
0.39504701461259134,0.3557718198644694,1.1103943386046815
0.3046709059906428,0.31435150711702287,0.9692045340734559
0.38879822707614164,0.3552019354958875,1.094583638834488
0.3095408140277,0.3126970359165233,0.9899064540871891
0.6095965984487963,0.5306618603574678,1.1487477129751817
0.32326767489067,0.3204476036495551,1.008800412950502
0.4232727488502996,0.36790886833599395,1.1504825930527567
0.37632124573764886,0.35056161169721084,1.0734810463579432
0.4367900652478809,0.4090768007533314,1.0677458717862132
0.33099400482510083,0.3266583877238987,1.0132726336262539
0.38347587255414106,0.3659012300540411,1.0480311107385571
0.2751899171721996,0.30615349746533327,0.8988625622457905
0.28340683423109964,0.31529886564414517,0.8988514235600209
0.4475098285387607,0.3875640364904853,1.154673257588871
0.2867240574396082,0.3162551491062866,0.9066225743671493
0.48760611938986964,0.4188351263029793,1.1641958583892564
0.3577133922522811,0.3381643023090045,1.0578094429536007
0.4729101668079285,0.4094743467267436,1.1549201325755283
0.3461678298114382,0.33218811646874485,1.042083725002874
0.4447582047087884,0.3878366441456655,1.1467668448104251
0.4102053672591694,0.3587011925146894,1.1435851784695998
0.27149319435335034,0.31977128075328964,0.8490230695945866
0.386378354301816,0.3453792432532354,1.1187075131162982
0.37464946130721544,0.33891220079201867,1.105446957742096
0.4216541353404221,0.3797163552889329,1.1104450189394082
0.3306848180128761,0.31750741967840324,1.041502646923401
0.3439358848727398,0.3395795303877302,1.0128286722112947
0.31096735159665106,0.3137305931345561,0.9911923108604206
0.3088374738964466,0.310670702329624,0.994099126762097
0.3127195591646877,0.313434015988907,0.9977205510960092
0.28263779088803076,0.3119403700805025,0.9060635236634821
0.291746707611428,0.3073379427250035,0.9492700609129605
0.3606691793015581,0.3436664054589105,1.0494746462632658
0.42182901336976936,0.3679381121028196,1.1464672984240623
0.27717572787054723,0.3090348008709806,0.8969078145547295
0.2865535046753704,0.3114632383318685,0.9200235193408076
0.36000065341817605,0.3415939663610125,1.0538846960713306
0.38132286689748474,0.35000857780139544,1.089467204754787
0.377925383037887,0.35585250985893396,1.0620281508979748
0.3575577953598622,0.3421572288102716,1.0450102036515216
0.3660074843093982,0.3465899371872126,1.0560245553571774
0.2699784893145691,0.33294449291825956,0.8108813782988472
0.3060853572825009,0.31661574817315874,0.966740786106133
0.2623888885420927,0.30251772563226226,0.8673504601877451
0.371979973528988,0.34375237012987736,1.082116098249579
0.36778758384266313,0.3497801998462941,1.0514819992792106
0.2520343176591726,0.30816841002100614,0.8178460525593548
0.41170024639155706,0.3672865025305355,1.1209239750304438
0.37160833097418666,0.34118834598301934,1.0891589216024433
0.2839145012832234,0.306782449808784,0.9254587459621171
0.3787474436108322,0.3442087879394082,1.1003421669684503
0.34531057790060066,0.33960334727353164,1.0168055782514775
0.34967106026945916,0.3336072222192522,1.0481519492993756
0.3826143286644576,0.34949118214123726,1.0947753426003022
0.32837452228415104,0.3307178496147693,0.992914421361448
0.37237183620325226,0.3456334702386322,1.077360464963533
0.36797696980852157,0.33217487179619476,1.1077808740279822
0.3963400654533725,0.35668333410842995,1.1111819015712328
0.30532973684100084,0.3137390036445373,0.9731966165957994
0.2724973549555962,0.31594306172487674,0.8624888087996276
0.339954857871844,0.31996353801662786,1.0624799937490916
0.41861083992541614,0.37934773202434824,1.1035016281540542
0.32859487739601523,0.3230819116729785,1.0170636780452658
0.37370913444840553,0.347008361467024,1.0769456184528248
0.31677409777877585,0.3136309992835232,1.0100216448706694
0.30619292659546915,0.3166293561860791,0.9670389703711597
0.3070151134657526,0.32642933822511244,0.9405254905551064
0.2698760526502754,0.3075213491532089,0.8775847705969241
0.2652767865948871,0.30226420234881,0.8776321659445475
0.38578220077186853,0.3527442914966198,1.0936596567872887
0.39594306699109055,0.362046949870184,1.093623540076944
0.3215157848895149,0.32578139764674546,0.9869065183339415
0.25528146814053415,0.30502113192615266,0.8369304334046574
0.3837987878372761,0.3397031322753207,1.1298064438399615
0.3505857937826131,0.32811666197334716,1.0684790942164684
0.3897834856420612,0.35926662346010363,1.084942102018966
0.270602294007921,0.3103280476239234,0.8719878724460486
0.38990980930752006,0.363265014632182,1.0733480891417986
0.2827474375853422,0.3106755298921965,0.9101052718360366
0.33782664041432575,0.3265963316027745,1.0343859000388596
0.3782954206372096,0.34749699882794943,1.08862931741321
0.32060292369152266,0.3210907406803283,0.9984807503705275
0.31941962489104697,0.3156419753133192,1.011968147056417
0.37041070279042604,0.3443216141076268,1.0757695352654928
0.37466411813651906,0.34167662127216164,1.0965459584022323
0.35207422404532246,0.33655583879399437,1.0461093924471383
0.3601142722895696,0.33855118650966476,1.0636922469603847
0.33965799233791244,0.3368306979234978,1.0083938145538527
0.28162412177237006,0.30817533919831214,0.9138437958890142
0.3258347072179819,0.32633600821512315,0.9984638501896157
0.42488844346169047,0.3866663509718054,1.0988503199045425
0.3419615237642334,0.3304130672707979,1.0349515731590926
0.3086678615251025,0.32059145147274626,0.9628075237412954
0.4093581007352666,0.3642997246042265,1.1236849030835565
0.3966663549755252,0.3523305095953622,1.1258359528133994
0.25741057235881604,0.32191342914764215,0.799626697899445
0.2848331730033228,0.3126926667824502,0.9109045502544192
0.43461696680149414,0.3924687606682057,1.1073925121110995
0.3268872667187626,0.32556631843471645,1.0040573861890785
0.3942069894056359,0.37149273063890603,1.0611432119483606
0.3246421956865144,0.32624734986137416,0.9950799472377575
0.34210841800623965,0.3294670684103947,1.0383690839173598
0.3310477164447172,0.32914025954236104,1.0057952707001212
0.4265364477398213,0.38562469073914224,1.1060921615840051
0.37843131066508157,0.340682239463286,1.1108043414921358
0.28216184822639234,0.34690080857560623,0.8133790445313874
0.4259083530001622,0.3712723281132941,1.1471588932159682
0.3712353551782066,0.34791334296798243,1.0670339688937152
0.3996014452837319,0.36879398097880095,1.0835357025707582
0.4748266411872199,0.40888428913231517,1.1612738708910524
0.3984311737056937,0.37417279298761447,1.0648320272684342
0.3666715409168714,0.33498945806739305,1.094576357812145
0.36760467959101767,0.3420353173892097,1.074756497068728
0.38452221005146187,0.34234346066340887,1.1232059444229403
0.2932318379712599,0.3176892595040671,0.9230146415053918
0.4104004054390199,0.368047425820561,1.1150747883211871
0.2548236858348394,0.30761455598749865,0.8283863064178125
0.29155749711959617,0.3162028207698165,0.9220584952714221
0.40563164478293384,0.384046945251192,1.0562032839959814
0.3521171998104812,0.32711636527120724,1.0764279540662727
0.5135274103203457,0.4415709530314939,1.1629555947800752
0.3594991990746122,0.3436530339887215,1.046110941905465
0.34818829533736445,0.3261450314887386,1.0675873054021583
0.3389722346815061,0.3311464896568539,1.0236322753496845
0.2551952213538821,0.3062480138230769,0.8332959230269862
0.37116347438408426,0.37943991948899936,0.9781877322869423
0.3661977234385974,0.3451185569052754,1.0610780443750745
0.38439541238669983,0.3487793926876114,1.1021161813048639
0.25876166764526165,0.3257238304717276,0.7944204366948271
0.24155907024283457,0.3049939698205396,0.7920126105606923
0.3077849533441956,0.31585840036460533,0.9744396634343417
0.29741654352574354,0.31502748030689887,0.9440971411002024
0.36034956802542906,0.33058985827275705,1.0900200323995373
0.2553846597335528,0.3143356412883136,0.8124584876434994
0.4325535494787183,0.39482679432370993,1.0955526719498097
0.39076331857017976,0.34550739256586965,1.1309839586013555
0.35471165057695797,0.33248945858202233,1.066835779064116
0.3356384479408922,0.3203713844609557,1.0476542669552846
0.2692076202642466,0.31905341553071154,0.8437697487627527
0.4419706838143087,0.38586864229003665,1.1453915539529724
0.28681233774495,0.30991715247707985,0.9254484156573471
0.3643519804205887,0.3453822925604639,1.0549237418035955
0.36585247825377154,0.3495230659396062,1.046719126448115
0.29623339030476636,0.3146142476733208,0.9415765258424018
0.38155847522188835,0.342260364153381,1.1148193456923228
0.31875995761152764,0.31508382583228645,1.0116671548262777
0.2654318377288541,0.3018726745910318,0.879284082563794
0.39110262837278,0.35321325562549055,1.1072705289052438
0.3910984203797055,0.35200740790985696,1.1110516755938815
0.3675467171994092,0.34014918504000974,1.0805456351635145
0.37735776816444916,0.3508413080702985,1.075579640949342
0.38607058004906253,0.3530595577719769,1.0934998686493733
0.40541583128850983,0.36276452508684415,1.1175729798591942
0.3751021868836121,0.3453798972600346,1.0860568025509596
0.2828583335756248,0.3095558737583087,0.9137553429093435
0.30646955584839075,0.3118585138171514,0.9827198625979463
0.4338884977231717,0.3907304920413042,1.1104546652000356
0.3743757095525953,0.352226301309696,1.0628840270034927
0.3626283865974538,0.3373540640081793,1.0749192770615672
0.35971674848037394,0.34080601476606986,1.0554882628092244
0.30168469348758564,0.31241648494196317,0.9656490871268488
0.3859904391241071,0.34928557160482027,1.1050855532069173
0.3959508485694422,0.3561642725504402,1.1117084982558643
0.2819307937100151,0.3198125047872745,0.8815502505055057
0.28652001540897154,0.30756315366150105,0.9315810817973038
0.3826646446495984,0.3446557946359438,1.1102806063475674
0.23848094057444397,0.3168586711742599,0.7526413580245331
0.22799400624860056,0.3494357439249866,0.6524633218333384
0.36282607238736614,0.33708051467215655,1.0763780657575228
0.34217373195822703,0.32888963442250146,1.0403907455431096
0.3981100088009742,0.3630116815437666,1.0966864953434727
0.39053614496830585,0.34736272406239244,1.124289159184964
0.2849552584318298,0.30825491310801706,0.9244143282542824
0.2650619456768277,0.30730019916491685,0.8625505170420622
0.304129492641756,0.31140224950235096,0.9766451370463203
0.43714729044933043,0.38759028139909796,1.1278592664174778
0.6160285268506629,0.5299738498104507,1.1623753267656325
0.36092221924346785,0.33082710069431803,1.0909693265333709
0.34418458760691634,0.33331292534679596,1.032616983721255
0.38946598862524057,0.34718959770907565,1.1217674469371344
0.3887669782457243,0.3609921880871619,1.0769401418510922
0.37170109802652695,0.3346624130221882,1.1106747682533535
0.33897506502573,0.32928941101193876,1.029413803450364
0.3551175485712057,0.33037975151666243,1.0748768559240702
0.29170466334355377,0.30861879054318164,0.9451941109293497
0.37962416586864217,0.3500201172197359,1.0845781347770973
0.3785722897935065,0.34620870211655425,1.0934799948097687
0.34724431569108055,0.34068626251195405,1.0192495380669961
0.4302788302466527,0.37083124505649107,1.1603089976442131
0.3980994112164009,0.34878402942756703,1.1413923162415764
0.46440635972092004,0.3961619665320937,1.1722638692104175
0.4244002943263924,0.3935629630139751,1.0783542513153666
0.3309776092354661,0.32346876409059855,1.0232135092424703
0.3242069978233928,0.31864117577759077,1.0174673660182791
0.3681625741692375,0.3429351414855882,1.0735632766428211
0.37583252398356415,0.33773347348517613,1.1128080379632854
0.31068542699549445,0.32515892564533116,0.9554879244938097
0.3562508920140761,0.3451893971774419,1.0320447120539689
0.27491461588393035,0.3036687350807857,0.9053109000858919
0.3681292355651982,0.3506529331242665,1.0498393162869635
0.25796034121816813,0.30614697144749736,0.8426029498136225
0.3534844536736779,0.3260018311819024,1.0843020494459763
0.45394834829733766,0.3968827450468956,1.1437845408061245
0.3106374776492714,0.32934047244555287,0.9432107610176169
0.2792182342218648,0.3037322608638301,0.9192906720799229
0.3015899713140891,0.3198511004808112,0.9429074055419182
0.31512579197567514,0.31979014193054695,0.9854143410215415
0.25308454129911667,0.3078771933786193,0.8220308185929185
0.3007406474790874,0.30906730231622803,0.9730587649526864
0.342856482652356,0.34453141719194846,0.9951385143530778
0.3697184714611404,0.3393771289047828,1.089403026816431
0.26207366562505485,0.31417958243030725,0.834152441090564
0.2644915618321643,0.30195598418187014,0.8759275380774015
0.42685430496325993,0.3794940019738153,1.1247985547679682
0.34681094616624814,0.34093527052861405,1.0172339917443096
0.28863633861546806,0.317508073156041,0.9090677151809498
0.30274004356386275,0.3231256761794917,0.9369111335977366
0.33031135206742007,0.3207410882860022,1.0298379725296816
0.3889784586002261,0.35077407796927584,1.1089144923482532
0.28729998380013355,0.30879580288436254,0.9303882407615537
0.3349912104243369,0.3275006180869639,1.022871994505317
0.3869015575299597,0.3600621860471928,1.0745409335465432
0.2828039427480764,0.30867621080804225,0.9161831487038204
0.3866049804938168,0.3473302372905354,1.1130760843330458
0.4648753326057037,0.4115765268948691,1.1294991386242221
0.37668021069723523,0.336704811673179,1.1187253571619824
0.3072612770977707,0.3132943055070734,0.9807432554526068
0.35460805745045565,0.34291307311508407,1.0341048074636883
0.31095541652140196,0.3120051426673047,0.9966355485780499
0.4282211184192687,0.3697692558466514,1.158076588706061
0.41878438988121885,0.36508128776638776,1.1470990267493393
0.26572707535893464,0.3086195866657907,0.8610181817354805
0.28671368115698237,0.3049849388487207,0.9400912787342549
0.47119364667359803,0.40418845901842954,1.1657770927400808
0.28961531050293543,0.32616355999486113,0.8879450252121925
0.38444926644847416,0.3450893498259811,1.11405717574982
0.4143528605309867,0.36856940276371464,1.1242193666212257
0.45253945448611743,0.3842973441142579,1.1775763257722907
0.4082396410131814,0.3681676876890803,1.1088415813338353
0.3268122520846045,0.3303228033961015,0.989372361594766
0.3458737661169028,0.3318085486152191,1.0423895573528288
0.5235805652962546,0.4433149922885162,1.1810576551751275
0.24797785922806667,0.3111361709201428,0.7970074919116796
0.306004340876305,0.32287927065782107,0.9477361004094943
0.28109093559492304,0.3138034380266405,0.8957547991270245
0.39580855179788615,0.34971178718155166,1.1318135856610505
0.2714549783180937,0.3054234446457648,0.8887823874586042
0.3286620131403962,0.3282634205017856,1.001214246284284
0.44787966958887915,0.4023206244067299,1.1132406404701016
0.26509153972586375,0.3064569832374364,0.8650203918521132
0.4269339584606484,0.3788178127082855,1.127016587230589
0.4507114574169945,0.3821444791765277,1.1794268450200296
0.3044006555310282,0.3107007169554688,0.9797230547577283
0.36747754815975864,0.34424952533818914,1.0674743786465657
0.3955321827997138,0.36435445390334487,1.0855697757015472
0.27175232254917286,0.3026700721065353,0.8978499944108123
0.298019999644741,0.3126557954815514,0.9531887908417996
0.422146540195212,0.3891637295047788,1.084753044001312
0.39508599989088006,0.3503863308560396,1.1275725252341704
0.25007559180349875,0.31504323733507444,0.7937818120422714
0.4291623833978607,0.37822276699115187,1.13468151801634
0.2600333109813956,0.3089219228137401,0.8417444401904064
0.32885745383526604,0.3317320851617796,0.991334479071834
0.37800726920048244,0.35541760188271265,1.0635580995372997
0.4261512673873663,0.36908245087262365,1.1546234896289826
0.37302888838701626,0.33549152787291153,1.1118876555604837
0.27034558734709146,0.30571857800712626,0.8842955802993095
0.4287667309707009,0.37758045853703215,1.1355638812241353
0.35904381692194703,0.3652168717542691,0.9830975639140913
0.5389830230297168,0.45156554965988965,1.1935875609547013
0.25837050906133247,0.302178641935676,0.8550257139494695
0.33516037352279493,0.3271511133720001,1.0244818367519588
0.36416515546865574,0.3377388914519342,1.0782446578867937
0.4369472548787873,0.3781743564402815,1.1554121728181925
0.28368489968131466,0.31603005024920044,0.8976516614721273
0.3429330229018792,0.3419442427779717,1.002891641385375
0.2814063962190905,0.30456482786168826,0.9239622256936555
0.3351376489843626,0.3299689788523291,1.0156641092444834
0.30157379669979373,0.3462441855528588,0.8709858801477388
0.3415172558176452,0.32503344927663247,1.0507141851944706
0.3641903272702196,0.3477949232913432,1.0471410100633993
0.36330506309374244,0.34397218703567867,1.056204765346503
0.4597288200731963,0.39266780012354774,1.170783089238661
0.39897995309176126,0.3572700705735606,1.116746086374489
0.41421186617912625,0.3596089165792143,1.1518398100895924
0.3167331195888842,0.32331546240513037,0.979641113458415
0.3011781406942508,0.31432054277031235,0.9581878996510093
0.41249637689743324,0.3831592800235301,1.0765663221626827
0.3680164438943674,0.33626406878568804,1.09442690449605
0.26424105251299745,0.303655454283572,0.8702002509272665
0.3718539042162514,0.34361969750661164,1.0821670204429898
0.3261513917480046,0.322316049495097,1.0118993213614886
0.5375058908785214,0.45634887728963475,1.1778398449688265
0.3958731801872765,0.3576222295093219,1.106959096839246
0.4453325418972063,0.3804822037637528,1.1704425003113157
0.38146855020504256,0.35219711031895096,1.0831109598246937
0.33725035506302076,0.3826478238751064,0.8813596576812024
0.26513880291646086,0.3028928975452418,0.8753549689188675
0.35156991567533924,0.33283112594504305,1.0563011938174025
0.30371535139343575,0.31617026995137804,0.9606069268946202
0.34074014266984204,0.3206772665631949,1.0625640735985673
0.41928910000841507,0.37956498441609204,1.1046569552600671
0.424749980748931,0.37596938732100166,1.1297461843250567
0.3192270910337991,0.32112407819385147,0.994092666078726
0.3198851425316997,0.32184353989465525,0.9939150639357355
0.40260524952872606,0.35123320899851246,1.1462619114994652
0.3176677835118253,0.33091820480446493,0.959958620891017
0.27384966334185884,0.3049301512715289,0.8980734184531525
0.4291399697518393,0.37134071963669396,1.155650180706533
0.3606085021490315,0.33715954719441504,1.0695485420767135
0.4052840210602774,0.3568529598584935,1.135717134645566
0.30322643256902637,0.3254121811589341,0.9318226241227521
0.35503749291313474,0.33495310381852206,1.059961794250142
0.33381847499506023,0.3249970862356688,1.0271429779927155
0.35734474460963844,0.3400880089335705,1.0507419703804926
0.392457293994661,0.364392955684708,1.0770166872661384
0.2775996451925649,0.3078056569100783,0.9018666127817863
0.3126550849821041,0.3205821468710988,0.975272915331177
0.3165363925550391,0.3222897471745816,0.9821485024888926
0.287940654733766,0.32617700928906507,0.8827742193153375
0.4249702234019251,0.39301580898844574,1.0813056718907172
0.3757985662673496,0.3466847665114541,1.0839777301115814
0.4140668442308696,0.3737193227159964,1.107962096317762
0.3510120806475718,0.3309268111315701,1.0606939928720862
0.3608254978652767,0.33692325334268797,1.070942697737391
0.3208933126313162,0.31976205674424824,1.0035378052624073
0.3072426599069594,0.3169161602069412,0.9694761532713727
0.3838746025624132,0.34225803686907824,1.121594122592523
0.34152523364387694,0.3258773113255254,1.0480178330142185
0.40020401235450187,0.3571899623815589,1.1204234567123539
0.415011661810428,0.3617715564436543,1.1471649841412168
0.3819262400209923,0.3547221917181274,1.0766911372843626
0.41942978626634464,0.3637827014086807,1.1529679246489208
0.3474215621934092,0.32719240463816607,1.0618264888441222
0.3687661849955884,0.3467991712233234,1.0633421749388186
0.3725005092104635,0.3461794641968173,1.0760329474618449
0.32414157367765356,0.32125026454088534,1.0090001766719174
0.3262296302505753,0.3241881967783109,1.0062970629176249
0.40373114868491505,0.3595628927758947,1.1228387489266005
0.26704119457749265,0.30786725007673,0.8673907163263964
0.29439282390079213,0.3180887301327749,0.9255053575079767
0.37992931191639717,0.3613042726366055,1.0515494575911768
0.4504138383133419,0.38382372966559386,1.1734913802900218
0.41838381915336986,0.3734608221505268,1.1202883792312128
0.40272824224269904,0.36056440806739387,1.1169384255126598
0.31248970259865977,0.31199585351699877,1.0015828706570746
0.37642073502508927,0.3578725632645166,1.0518289851319589
0.42413442049652544,0.38619642718988123,1.0982349670676554
0.3871578468591833,0.3536002932823268,1.0949025049310777
0.40079570399462605,0.3506720169614086,1.142936090160663
0.298901431295315,0.3232129966486892,0.9247815972579864
0.41099287898330855,0.35999397994089916,1.1416659774443505
0.4316307301992459,0.37973612877771823,1.136659636755039
0.398574354033251,0.3562104514423354,1.1189294205697207
0.36701802356438035,0.34735085147099354,1.0566204804453436
0.34292804957719647,0.3240020990073769,1.0584130492604884
0.42494298717679063,0.37377205256697793,1.1369041217993234
0.33689277713583987,0.3230126581251,1.0429708206833312
0.34330355311909344,0.326686014417617,1.0508670036919103
0.3135626539065748,0.32196846578484895,0.973892437392017
0.424480811532858,0.3646100805977704,1.1642048152835787
0.46105103715150636,0.3941120875651139,1.1698474918644381
0.2553127886198111,0.3150220606292805,0.8104600297192025
0.33980517262840343,0.34543607178733243,0.9836991570399872
0.3644307189354828,0.3524861958440064,1.0338864989106196
0.3901822099403052,0.3438947547151952,1.1345977354712609
0.3146550386206936,0.3194096209205066,0.9851144674787479
0.24248360371670316,0.3049005096566262,0.7952876300199829
0.38571750193228316,0.3414955397859733,1.1294949918643893
0.3834328157300433,0.3479751113732628,1.1018972426414313
0.3170570498869762,0.3131906908296079,1.012345063792052
0.386386646573498,0.350784842481421,1.1014918542096432
0.2544159666427335,0.309020167820648,0.8232989077605893
0.2693682844218402,0.312036909726051,0.8632577622254007
0.38529661670794446,0.3452654269417755,1.1159432327781829
0.38625318273434994,0.3450780404415716,1.1193212475650132
0.28330945713710703,0.3144025624321449,0.9011041606833327
0.2990512708937425,0.31237062342147837,0.9573604189092897
0.3761991243329529,0.35264316962256226,1.066798272983999
0.36996045780466724,0.35455150161016313,1.043460417244112
0.4058945718922886,0.3650388445753919,1.1119215884118292
0.39000296972203563,0.35602238383221574,1.0954450827615212
0.32430506904833434,0.3212710530081558,1.009443789011709
0.3897010640593886,0.34646990820143136,1.124776076751876
0.3027203698722605,0.33530755964638675,0.9028140319636917
0.26922040096224015,0.3083890423535245,0.8729895164485675
0.39974415528295676,0.35489968061219157,1.1263581713948285
0.3148849330870882,0.31441856973371235,1.0014832563921743
0.34973939646360147,0.3398207997062278,1.029187727078355
0.437283485620913,0.3932691645861434,1.1119190747667391
0.37274999616554916,0.33969099403386827,1.097320808359096
0.3173747049241456,0.32270814146646803,0.9834728788741246
0.40806121726410893,0.38020261182165727,1.0732730512001831
0.2593024069621082,0.30311659562428567,0.8554543390409236
0.2883355450995901,0.3085971144569694,0.9343429720882741
0.5038274793552624,0.4566086507455516,1.103412032454076
0.29310406653446025,0.3135143484351512,0.9348984121378652
0.27237309705313567,0.30344559850776026,0.8976010803668654
0.37480687507170163,0.3497121998319326,1.071758077790335
0.40506705225243267,0.3712187877344549,1.0911814424171618
0.3078688527707431,0.3113874111907846,0.9887003832088583
0.3859359737302974,0.35783826314226186,1.0785206991038436
0.390560556712182,0.3446374756984137,1.133250398612932
0.32286491378340637,0.3159036594569729,1.022036004072886
0.40853682999704904,0.3621849649489208,1.1279784351475366
0.3326073551547509,0.3282931102605986,1.0131414420812173
0.3609200390855051,0.3428369252690895,1.0527455255941942
0.2690981299241522,0.3102328343478789,0.867406992847184
0.2895998759724966,0.31497609298762974,0.9194344663608175
0.34586663321357647,0.32718287750873554,1.0571049311843712
0.4766132873069823,0.41441672550300124,1.1500821708595124
0.41178788893456036,0.3616094308069319,1.1387642407877892
0.45780365022263453,0.3893068350280051,1.1759455756529476
0.3684113276386864,0.3339269242865326,1.103269310870434
0.33201403736377555,0.3341928222665067,0.9934804557202798
0.3398436114055685,0.33282667145491046,1.0210828655046915
0.3325183658765515,0.33387488416264793,0.9959370460299865
0.33922521957972634,0.32908299923682943,1.030819642358972
0.3764973918829571,0.3521028333956078,1.0692824827681537
0.26337681696987775,0.30335851310823597,0.8682031510218635
0.37851667011005335,0.35408737829884257,1.0689922694465346
0.37803996502080256,0.3432471444433214,1.1013637582736724
0.2800003018863893,0.30776188432190127,0.9097952545466126
0.2501152508844179,0.30976241384432496,0.8074422192813764
0.3921670857165338,0.3623335861546509,1.0823371078527326
0.3229230973500257,0.3275873619966127,0.9857617686526161
0.4313229208430489,0.37409483440901664,1.1529774837026001
0.35935689362359574,0.3361881802971223,1.0689159068769074
0.32329041726861824,0.3245597881518175,0.9960889459214044
0.30532796049776284,0.3132108647024035,0.9748319579777969
0.29143362295030517,0.31355394105418116,0.9294529099857378
0.2583585099787626,0.31134351377460817,0.8298181864992916
0.4069823606297161,0.35826685432141214,1.1359754767171395
0.3566388639835816,0.34441064530236,1.0355047640019557
0.31926980040534697,0.31793376586552785,1.0042022417347902
0.4332517620357377,0.3913722452478005,1.10700686442755
0.36161963481911596,0.3382556484996198,1.0690719768409793
0.3131243470761469,0.3109578919268701,1.006967037034668
0.42696512226356353,0.38695958963532884,1.103384264661682
0.41507081297230003,0.37640837146721723,1.1027140851155326
0.3585178419572474,0.343031065423871,1.0451468630523009
0.3740147902796025,0.3523192857251585,1.0615791000761976
0.3741381148551239,0.3430788061709852,1.0905311203300014
0.38908407816247115,0.3520200478019675,1.105289544137993
0.27629278177912625,0.31424200451237155,0.8792356776359882
0.2824420071614243,0.30816951433164186,0.9165150802602413
0.4491136411960767,0.3855590313864544,1.1648375595847995
0.34513942117556407,0.3454127115851626,0.9992088003700142
0.31361758309000304,0.317688013737168,0.9871873332604467
0.2952265127109369,0.3084918539252039,0.9569993792527071
0.36942955772619523,0.33840420995526116,1.0916813291862881
0.38030014970360665,0.33853118321952314,1.123382921735154
0.4362481000631084,0.37490300177605,1.1636292534240713
0.3082703918502279,0.3148630163598437,0.9790619279906747
0.2686109005154251,0.31019237598761734,0.8659493956297232
0.30732630249033255,0.316700737515626,0.9703997057321948
0.44364696931681885,0.39096951245131417,1.1347354593846097
0.3798408695614309,0.3401554889328178,1.116668352914485
0.3825170282970141,0.3523890614007839,1.085496316986879
0.3724902903290834,0.3358918869351913,1.1089588787863565
0.460158584651104,0.3941951386667712,1.1673370356809354
0.4045202993478115,0.36528467389817487,1.1074110912755506
0.38968990093422506,0.3501645315442762,1.1128765646698604
0.36559626374148296,0.3489494217632949,1.0477056012704333
0.32255579877396023,0.3339366977717159,0.965918992810021
0.33873455618317416,0.32016736964724113,1.0579921262944136
0.4445231561843815,0.3837312843055686,1.1584230276893552
0.40043740182557036,0.36356951771548973,1.1014053222661297
0.2975142373396294,0.3091458736655972,0.9623749261536327
0.3534189160374354,0.3477525145596185,1.0162943508402598
0.35531604472757755,0.3415258028580666,1.04037833087312
0.4422998564999513,0.3869862050709357,1.1429344268715638
0.2689784555374562,0.3150497369807434,0.8537650534648655
0.43299440451464527,0.37276580406275106,1.1615722252295315
0.4624971671262735,0.39293797471966546,1.1770233392591636
0.43183882760482584,0.3918606307369073,1.1020214681754026
0.3185108483533972,0.3209730868211691,0.99232883201468
0.29230991734303724,0.3135900062036145,0.9321404112388707
0.4343146374438379,0.38657218288797274,1.1235020435231389
0.4531237977539322,0.3870552163504247,1.170695494111857
0.40542072350982744,0.355746275597737,1.1396344847985427
0.2987805241555617,0.34274934413627417,0.8717172746412877
0.306054182387998,0.31050980826090135,0.9856506114964343
0.3022559002781796,0.34055825648037324,0.8875306780166082
0.45163316371193846,0.38410374604742387,1.1758103594651665
0.30013130993137344,0.31633928485975527,0.9487639515415627
0.3831800766189133,0.3549761561270912,1.0794529998846578
0.29602071184944273,0.3123348021770412,0.9477672990205199
0.3472968742792933,0.342498773976324,1.014009102126891
0.29663043868851113,0.3081747085839784,0.962539852966807
0.4873552368439454,0.4102255570636086,1.1880177342738723
0.30087747035440066,0.3085192474757811,0.9752307929443517
0.3772397852666024,0.3480264002169027,1.0839401408384333
0.3694893197239841,0.344814727260644,1.0715589866458595
0.30456913734171187,0.31918093529509584,0.9542209563993076
0.3383303486313771,0.3208605492342696,1.0544467041485748
0.3736727641687227,0.3521598159176682,1.061088594662612
0.4219067217036522,0.3650490617284473,1.1557534751794545
0.32900134483512217,0.33167336457472946,0.9919438217686447
0.4449266816428885,0.3786790362235829,1.1749440530956436
0.34216470320631903,0.32550163372768487,1.0511919688015283
0.5255364364234522,0.4465358531853944,1.1769187908977556
0.36115466256130613,0.34295322190486816,1.053072662666184
0.35328509954399956,0.32561518441416526,1.0849773488899697
0.2609416539291551,0.30372672990997496,0.859132991049219
0.4297310208277588,0.3752266217100314,1.1452572817710345
0.42035559260302896,0.3649696575882538,1.1517549030809013
0.26906586557699014,0.30903841832076623,0.8706550694862585
0.42971338589595737,0.37929521972003216,1.1329259203771147
0.37292093945793153,0.34724539270717963,1.0739406405095293
0.35725116187386063,0.32720596047806083,1.0918235149258975
0.3661261366299982,0.34718111507904614,1.0545681223088377
0.3681171382555731,0.3463929498722724,1.062715446117801
0.39975822381668097,0.3549700407533286,1.1261745441060362
0.331637676684638,0.319457115532221,1.0381289398801588
0.4606058454228268,0.41087631501373945,1.1210328475795068
0.44038337011022766,0.3789625109990955,1.162076346151503
0.4069856903290979,0.36862451251650813,1.1040657268034282
0.3190207203015425,0.31273359282110125,1.0201037804213051
0.3987722317915816,0.3558098505709377,1.1207453395450009
0.44043830979832715,0.39337044574590446,1.119652771481531
0.39657544867550293,0.3615724467560892,1.0968077137333039
0.41750530847953293,0.38255186031905564,1.0913691757539108
0.38358349304378003,0.3485629465273187,1.100471225829842
0.4224034897630814,0.37177301202925794,1.1361865334373409
0.4055875761621145,0.36179669536789205,1.1210372603035907
0.4485614528313723,0.38985883593301557,1.1505740321567133
0.39817845024948917,0.35589211729515435,1.1188178408550287
0.36252721758693524,0.34124642919790465,1.0623619372048838
0.3573720756147316,0.34438859800229776,1.037700079758004
0.36826697910488376,0.34681450777969364,1.0618557495259608
0.3633137145090434,0.33404382128360177,1.0876229146013499
0.4017104399209064,0.3585928621344554,1.1202410375092293
0.3790818523853304,0.3526282817896109,1.075018289688694
0.4809801078405507,0.41234513234520903,1.1664503109445743
0.3216932813152867,0.3179110628075471,1.011897096232946
0.3494394700760978,0.32484014958828933,1.075727463243033
0.2662319356877759,0.31196691304921303,0.853397987259558
0.3600821222705813,0.33769679272848774,1.066288250359818
0.3860385665837309,0.3543971196626352,1.089282460735619
0.401265876489271,0.36498720965694764,1.0993970908362014
0.4809596013269259,0.4071140557322855,1.1813878557000759
0.44701180576853605,0.38677393010299865,1.1557444051347927
0.44900910867823585,0.38814894173251047,1.1567959110594888
0.393813261475006,0.35230795590927083,1.1178097311444875
0.4734509300607946,0.4069955405675847,1.1632828443292844
0.2911862147119703,0.31019493703021217,0.9387200755104831
0.38477665919154447,0.34587035638930985,1.1124881103092914
0.3876934780873747,0.34384704663332033,1.127517254789198
0.33862219515855363,0.3341307503012119,1.0134421775107283
0.3917501819945534,0.34772782451605255,1.1266000428345606
0.2974102111975557,0.3181701098231796,0.9347522033507136
0.31482749059930115,0.324202629771773,0.9710824703085487
0.28097593879114513,0.308722099125297,0.9101257719717339
0.2883159891322424,0.3158345375128834,0.9128703637121431
0.3003561877033372,0.31213431327183355,0.96226584176204
0.4188211379828295,0.3618937054731164,1.1573042903172075
0.4717514449435875,0.402494299841297,1.172069878081748
0.37772694842083265,0.34294068564777413,1.1014352167266226
0.34825323057476903,0.32760115030597087,1.0630403167067932
0.39547601413817857,0.3682599370361549,1.0739045287441942
0.45681261074924007,0.3923915225431274,1.1641755351608856
0.3871482183277697,0.3477332172412438,1.1133483921933789
0.2700839020993067,0.3149931923886641,0.8574277432829576
0.361590613318996,0.3308613820750174,1.0928764519184992
0.3037460973328614,0.3169141340856097,0.9584491970017621
0.39269983220441573,0.34859770956368413,1.1265129443791562
0.4350976836366213,0.3775378247455415,1.1524611710889496
0.22145419548216108,0.31789025139175675,0.6966372655739251
0.36353228657875464,0.3407543093194016,1.0668457496688688
0.4644062463660291,0.3905491444134335,1.1891109045022277
0.3154522082154892,0.3129953902692177,1.0078493742165286
0.37703000068534936,0.34093504432542077,1.1058704787339964
0.48063002092809964,0.41213188511101456,1.1662044075979077
0.27661724545385796,0.3165398873791381,0.8738780055309034
0.2745935470692765,0.3125036339530508,0.878689132653511
0.25237357893461926,0.3094804198091209,0.8154751085392621
0.3844716753522064,0.34261347387927465,1.1221732496360641
0.35130328119687715,0.3348373669630415,1.0491758562766775
0.27584845963819077,0.30772009540487766,0.896426537484488
0.2801835692494055,0.31326439878656265,0.8943996519703594
0.35910560001920844,0.33357974510732297,1.076520997711276
0.3878929054796085,0.34428681828504937,1.126656278656756
0.4248940402043764,0.36971878375683775,1.1492357404373241
0.39384195325896276,0.35975235878666095,1.0947585016183798
0.4197318238956174,0.3730756535413461,1.125058201765237
0.2967710448731621,0.3074826167118578,0.9651636507024606
0.32141747533143605,0.32390960319092144,0.9923061007301582
0.3164257723922999,0.32829754621850527,0.9638383717364009
0.25283239506803745,0.303568662538903,0.8328672431253882
0.5580997456841894,0.4722888873395166,1.1816914618255363
0.3707926118240834,0.33424764473696833,1.1093350025424222
0.3881726711718659,0.374677143332513,1.0360190849095272
0.3353765659791127,0.33224148711354623,1.0094361450546212
0.3964387451659432,0.359177615854766,1.1037401209496411
0.374599146687861,0.3426920945948219,1.0931070561483596
0.2471977857653355,0.31127391378395936,0.7941487378762613
0.30801421036031634,0.3124414198082797,0.985830273557584
0.3289926432477343,0.32590665325703816,1.0094689382982993
0.41738002775051725,0.36055711020652365,1.1575975509439989
0.23478204080901266,0.3086495379536548,0.7606751734203675
0.2956985166762583,0.31927963286026106,0.9261427483715395
0.40139049906408336,0.374776411717378,1.0710132402003338
0.3020896459284221,0.32455582122052135,0.9307787017727391
0.4218704444847325,0.3694251418324688,1.141964627507803
0.39090618718489406,0.3581137030579301,1.0915700344526031
0.28247161537292304,0.3275566942517367,0.8623594642698265
0.33026670697895427,0.3243448240435155,1.018257985009942
0.27755302951205807,0.30519905745743514,0.9094164045731604
0.33268025459743006,0.3265163444201771,1.018877799787324
0.36217597929988515,0.340519148473496,1.0635994507899893
0.4192506121164063,0.37469617823017826,1.1189081620652612
0.41249386664504706,0.36546251739992475,1.1286899394764909
0.32162644004805835,0.32623748281241793,0.9858659933107353
0.29815966558808144,0.31488184931793933,0.9468937832838585
0.31890739240578936,0.3186649497643145,1.000760807367281
0.24626533103196688,0.3100521413929004,0.7942706988754438
0.32693942058075276,0.32078409514642975,1.019188374758771
0.33185935627587543,0.32760009846387117,1.0130013935648252
0.3761099069732071,0.3365389560863186,1.1175820812754258
0.5061905745263743,0.4293480987862149,1.1789747665295276
0.340891023283139,0.3284096559082638,1.0380054823307683
0.3745043910553091,0.339108017312791,1.1043808224382636
0.2628217890700976,0.31093867095864675,0.8452528219143626
0.35464312209862375,0.32689379687911274,1.08488789167747
0.31706694701224825,0.32273523607903853,0.9824367207756574
0.26793270023318305,0.3089665645114339,0.8671899519511526
0.4300409949548896,0.3748809086451185,1.1471402918572962
0.37993048180271727,0.35572625251849854,1.0680417290342101
0.4934825629643578,0.42113682415829834,1.1717867796307118
0.43379995438946806,0.3831132207194758,1.1323022305907482
0.393207130733755,0.3529110224385005,1.1141820621436573
0.31065639164105996,0.3157506045386957,0.9838663400024894
0.3444226735268514,0.34139845708590827,1.0088583190057656
0.46422093313945234,0.3992991592102406,1.162589307870365
0.2803490815501443,0.3092701757681952,0.9064859902956569
0.42688997383466815,0.3663334484819503,1.165304384853903
0.34126012642886455,0.3203282041015262,1.065345236726967
0.3715981391546006,0.3513397396506406,1.057660427266509
0.3551368591753907,0.32822350681814305,1.08199702884827
0.38756068083293926,0.3540608255240861,1.0946161023583059
0.5450550347613876,0.46785603172367124,1.1650058945554265
0.293362114943468,0.3112968220846353,0.9423871177962386
0.3326146572741073,0.320799389689716,1.0368307046837566
0.2711834175365309,0.3060787964296407,0.8859921716232595
0.34001671512791726,0.3372000333746348,1.0083531479077676
0.27261583163271974,0.3169253113968595,0.8601895204619532
0.36805947003228445,0.35254916631215344,1.043994725281517
0.3758543374690912,0.3431874463417061,1.0951867309705121
0.3664019938666865,0.33883370162149173,1.0813623087469353
0.3725616943832507,0.34274968247557214,1.0869789628756352
0.4284284129025873,0.39909085825811097,1.0735109663311364
0.2742493512255761,0.30679845493308266,0.8939072111213662
0.35268270927898,0.3348993605571494,1.0531005753258103
0.4602613243992251,0.39521192077706135,1.1645937285855759
0.2794741499222948,0.3074877268220087,0.9088953006702288
0.3498826164625977,0.34078854853509555,1.0266853682924315
0.3327930348728455,0.31942211472448967,1.0418597195747972
0.41230425914618124,0.3584889153932278,1.1501171764095501
0.3106584058805112,0.3405955756883593,0.9121034683220893
0.3579999655914744,0.33207271230831664,1.078077036510863
0.5167525720115936,0.43685170081296165,1.182901591203468
0.31320282440886055,0.32421812886087137,0.9660250199743219
0.3796223694361739,0.34668728575709373,1.0949993986862157
0.3936380488742175,0.35260940552188064,1.1163572006583666
0.30500913759564474,0.31686015255818756,0.9625985947842826
0.3280448431134242,0.3201431795899487,1.0246816550444593
0.40861057740868784,0.3777941940967209,1.081569234767217
0.29807427609236775,0.33726042068848633,0.8838104260318372
0.29836335011154475,0.31465187220262975,0.9482331950639229
0.3477232437838141,0.330968255909462,1.050624153752484
0.31551680975370805,0.31427996793685054,1.0039354777365448
0.3924403917129753,0.35331982627361586,1.1107228140915701
0.3105863362653522,0.32136911262242557,0.9664473780038034
0.28049144391748804,0.32976072801125084,0.8505908074897208
0.4390274531042326,0.37502419787458985,1.170664334707932
0.3485495528536175,0.3429210744305346,1.0164133348538864
0.24774669873766117,0.3219623924246228,0.7694895570626719
0.2691587244964391,0.30462974215203,0.8835602282134074
0.3549067742677356,0.33021081927275414,1.07478844893505
0.3814501457548782,0.34277917706160493,1.112815979735908
0.26785284712736357,0.3016798706358922,0.8878711283015777
0.3512215195044376,0.3287300600862778,1.0684192355644528
0.3247250662049459,0.33125797093675413,0.980278498013696
0.2612263124942604,0.30221329679498676,0.8643772966464451
0.3617156204920544,0.3489940604768304,1.0364520817283898
0.3901374501536519,0.35533011753555604,1.0979577325432115
0.2965153273856414,0.31823396264209536,0.9317526166090575
0.28261948887992994,0.31032449286838804,0.9107224707519039
0.4031580296927807,0.35813625025150325,1.1257113163207038
0.4157912344541368,0.3783867355995972,1.098852563621893
0.3971536129196273,0.36253048877290706,1.0955040340576943
0.44308844172059425,0.39981293034612453,1.108239399203536
0.4222626693069882,0.38237398703623293,1.1043185039336254
0.36408052856219364,0.3406547048274894,1.0687670635477273
0.37064917142999265,0.3471315959809046,1.0677482998418322
0.27537152647647484,0.30896623257259936,0.8912673860298613
0.2751496336715016,0.3116072659302685,0.8830013409670447
0.39153413227327344,0.34568956165404435,1.1326177463961407
0.392925237142939,0.35317121969229764,1.1125630154271269
0.29602178261342094,0.3284787046174906,0.9011901790045557
0.2954630825650563,0.3149626987594934,0.9380891252480439
0.4067206089972373,0.37630686764433685,1.0808216484149997
0.4024895553304116,0.37450361013700234,1.0747281052462254
0.4147474077801858,0.36211882049566335,1.145335133955438
0.3815884976369213,0.3456452360996695,1.1039888816141163
0.3407136065009079,0.3280296136886016,1.0386672186991848
0.34478449855116833,0.3227030901240196,1.0684263928760722
0.3678621912041955,0.33277183829058815,1.1054486854833108
0.28599075659623324,0.32189252617741765,0.8884665947124339
0.27438174358822565,0.3189534084413127,0.8602565024437159
0.4162759335589471,0.3705402541830606,1.1234297187945776
0.31225425798722706,0.3111351822250499,1.0035967509497776
0.3683453754790751,0.33621276470649003,1.095572251103067
0.3763098978367194,0.3364075930394264,1.118612973140046
0.4292100464188789,0.3705116986001767,1.1584250862805934
0.3612182718617207,0.32930606248279637,1.0969074457309496
0.3879826947947881,0.364997529466959,1.062973481933964
0.28985857453327185,0.30794953024112354,0.9412535044502698
0.4413623164062701,0.3868318519994929,1.1409668416003362
0.45377493560466,0.38497955687713603,1.1786987841265546
0.31795592080943247,0.3127838926291621,1.0165354684245276
0.40876413394159944,0.35874384613901045,1.1394317654252013
0.3592779664539033,0.339996798535961,1.0567098513896829
0.3724384413057374,0.3383725426462819,1.1006757179321913
0.39192379846848335,0.3615261199016036,1.0840815556429313
0.4081637336896326,0.36710046557171455,1.1118583929169552
0.38927030402079416,0.34616080885746175,1.1245360366057024
0.37487233329011427,0.3413664242073168,1.0981523275483265
0.29954374888857865,0.31187245837228034,0.9604687456274674
0.369534832322244,0.3564413097002883,1.0367340211856064
0.25907621526306246,0.3063210897015849,0.8457668243327682
0.3322207094236041,0.322307549980453,1.0307568328565442
0.34604550963810404,0.336764976305731,1.0275578934430156
0.34706690363320053,0.3250944994134531,1.0675877452844968
0.40268873087368806,0.3794033992521656,1.0613735450642237
0.3887593234409868,0.3504046007742134,1.1094583877666824
0.24266957088966354,0.3135041278359906,0.7740554249308511
0.37290613475995527,0.34605622235902106,1.0775882953870957
0.3432998723130912,0.3228669888281268,1.063285762224027
0.2686000277888015,0.30237738128603314,0.8882940471487183
0.33740356616422823,0.34246701746793684,0.985214776765524
0.399741622309943,0.3536236989907651,1.130415250592077
0.29799207066907507,0.31456209932458357,0.9473235056254804
0.338340750765453,0.3290624882127194,1.028196050552975
0.2957364786696821,0.3239041174899932,0.913037107899126
0.2580511286806378,0.3023496674419521,0.8534857367758834
0.37660703106008014,0.3394807401723532,1.1093619946418112
0.40030512068577073,0.3608795675084814,1.1092485048391185
0.3730983986274879,0.3538545092771557,1.0543836205157964
0.2530412675073743,0.30732579053810527,0.8233648958140394
0.36964844077914766,0.33582989132254365,1.1007014275096894
0.3855865984172557,0.35510268044082544,1.0858453615123023
0.348945318214859,0.3263095791944378,1.0693689075150725
0.2982575910552096,0.31279707073605995,0.9535178521760556
0.38169393782640615,0.35262064878333005,1.082449196164177
0.24977866631870388,0.30749648992894185,0.8122976180197187
0.2605061343064199,0.301435839052713,0.864217523454019
0.38522207926170793,0.3486347402418036,1.1049446162322445
0.4512938949558501,0.38355293942451346,1.1766143563727496
0.31164880279478613,0.32901859699162883,0.9472072571105011
0.4485705293097168,0.3882482391809462,1.1553704152168915
0.417889039536097,0.3624241030136184,1.1530387633197632
0.40999974143602214,0.3589028373027861,1.1423697413964116
0.39605387982910517,0.3565602553345527,1.1107628343419724
0.4151401396691805,0.4067076989459111,1.0207334179931296
0.33388414828011764,0.32467639367225876,1.0283597908172948
0.4064931132003803,0.35995756957023417,1.1292806362864003
0.3113354641361932,0.3299893102369632,0.9434713624893643
0.5315909089313632,0.4487065578154869,1.184718385929985
0.34728032129159353,0.333399825242781,1.0416331833368682
0.2944946429691672,0.31194187679002533,0.9440689592548608
0.41879369878148426,0.38698875307173053,1.0821857107145916
0.34647766903329397,0.33377039900926486,1.0380718903226538
0.2866600867550176,0.3049921026954505,0.9398934733771177
0.29686325006601516,0.3129888254503665,0.9484787504437326
0.33721143216774785,0.3426515290537432,0.9841235295198636
0.30156793744629345,0.3133967346194607,0.9622561569203002
0.4440383623719981,0.3778172249287579,1.1752729443601386
0.3367835959965456,0.31854916723224036,1.057242117198854
0.4376511686579388,0.39161701823423145,1.1175489018104257
0.439257251779265,0.3935149187733591,1.1162404036637064
0.2571319115367046,0.3045971363875673,0.8441704823171146
0.4955672015620745,0.4367598119994668,1.1346446901636627
0.437330708734015,0.38230538560220867,1.1439302850655118
0.40603969445000215,0.36074284011795055,1.125565497896621
0.30959454936004166,0.3115966378806174,0.9935747428656697
0.2973130063070693,0.3106101027794097,0.9571903928643822
0.3287323003329251,0.3203458753295632,1.0261792819861788
0.3066358196639822,0.32386408413017065,0.9468040288800165
0.374533427620018,0.34452969331698025,1.0870860622031588
0.5371820850130484,0.46360067447088205,1.1587172206471583
0.3685137653493356,0.3389831344335913,1.0871153397206241
0.37886779455181696,0.34142913046292445,1.109652811516497
0.26021742676629694,0.3117193554857174,0.8347811009708693
0.38804844931747534,0.38555696556937874,1.0064620379621914
0.33682351883896183,0.33706235342976326,0.9992914231198733
0.6011039677746203,0.5117375552195427,1.1746332893561782
0.26840915206661514,0.3064939232222912,0.8757405342485233
0.30416120352319737,0.331046363554162,0.9187873271214291
0.4307294273428257,0.3879616383699588,1.1102371594071982
0.38215372916594764,0.36214424808624446,1.0552527927350595
0.4558154487863434,0.3890942417967022,1.1714782688161762
0.31410106085371603,0.3255186703099658,0.9649248706829084
0.37641420516420454,0.35045490437620935,1.0740731559576868
0.34333946184053743,0.32456309996931276,1.0578511909486936
0.33742081920518935,0.34603898048176074,0.9750948252576255
0.305331948635525,0.32210163330689495,0.947936666761972
0.3384852181017928,0.3217979987925334,1.0518561935495994
0.35393811840787237,0.3271127651379988,1.0820064397626206
0.32503488688915827,0.32311857305384445,1.0059306830220325
0.3407348017958698,0.33524312060985156,1.0163811897945232
0.38751873086231875,0.3675703631171941,1.0542708818413753
0.32594651108923595,0.31773030022893406,1.0258590724724141
0.4426744185818447,0.3835971805526577,1.154008530365299
0.37065778415158857,0.3470573595275939,1.068001510344339
0.4293679918069321,0.3895894725982355,1.1021036809424216
0.37996093082018195,0.3458731228358328,1.0985558163781601
0.33414858787370466,0.3288358252842556,1.0161562767221501
0.29041734716695305,0.32365784321138613,0.8972974184261521
0.3434245417532397,0.33148107584559316,1.0360306116334976
0.3917575612880226,0.3523475844536714,1.111849714807774
0.2629744725734493,0.3065213543373321,0.8579319804389267
0.3087756844085831,0.3124314456407729,0.9882989971617866
0.2558800503786369,0.31207986782580477,0.819918478437266
0.3832783180034966,0.354374485913054,1.0815629602000585
0.3272332154426595,0.3161047484944435,1.0352049977142677
0.3129367588448175,0.32246341431254993,0.9704566315281314
0.3618336821727704,0.3380640262092004,1.0703111071299283
0.2896080692288562,0.3141145591833854,0.9219823174760203
0.4392979279748966,0.3948506832022385,1.1125672226579197
0.36755204991330825,0.343697162314784,1.069406705129198
0.23958776195802234,0.3077513393041272,0.7785108669218691
0.3094490918985709,0.3340241209121025,0.9264273821111307
0.31770604414298353,0.31788037017076065,0.9994515986385587
0.36522358735968713,0.33959379362404557,1.075471914436739
0.2646855486694774,0.3200983222040767,0.8268882724750078
0.3339117684278404,0.32349332417829196,1.0322060564186677
0.40608149670584437,0.35648082968797834,1.1391397878569813
0.2827813876978936,0.3122548461147407,0.9056108855200383
0.3568101803104332,0.3309836746963678,1.0780295452268385
0.3496142285357682,0.33184670782135717,1.053541349953593
0.27587770546169404,0.3080951739049336,0.8954301424624697
0.43705629658450124,0.3776433917693025,1.157325418927212
0.40897840940578506,0.3744388403507343,1.0922435531065575
0.4159249593360897,0.35938497127051416,1.1573242973007267
0.413760866180386,0.36909527761002575,1.1210137091419319
0.34742721434928237,0.33506927780047385,1.0368817357112858
0.31647232503270406,0.3163808834143961,1.0002890238415203
0.3918645942870371,0.35749372065234963,1.0961439926048715
0.33017502818753636,0.334135516216192,0.9881470605893535
0.31939053367400744,0.31849873639425796,1.002800002567814
0.4111595836229422,0.3600109033457203,1.1420753643900157
0.3693874932175112,0.34178774177191423,1.080751144855321
0.3353878604887436,0.327581163118571,1.02383133784572
0.33444861398742765,0.32323154331530607,1.0347028961253932
0.3654660676410317,0.3432598894893911,1.0646920273285436
0.34691796939776665,0.33160211163436704,1.0461874554655648
0.33132803543184103,0.33430836676693315,0.9910850830210604
0.34338644300393545,0.3386214245963064,1.0140718160798885
0.470415255205183,0.4133458877641962,1.1380668566697911
0.36212119798950165,0.34620426702817786,1.0459755481870716
0.2777175301474075,0.31509700577451305,0.8813715302205865
0.4117996736834001,0.35865218296731516,1.1481867202824982
0.41550254757424127,0.3669082966280672,1.1324424969202422
0.2777977243447127,0.3144228805251787,0.8835162500919425
0.3775969969655263,0.345787039097737,1.0919929154973278
0.32139090383384267,0.31699302421321585,1.0138737425895805
0.2418722918970928,0.3180903568495717,0.7603886338858011
0.2517031374289455,0.30495949471774353,0.8253658003398463
0.2839295865666925,0.3074126180069984,0.9236107106059931
0.2762129215271285,0.3115622792203357,0.8865416000240253
0.2899238643234714,0.312258692764777,0.9284733172884626
0.41913510475672944,0.3615613134126439,1.1592365919922896
0.3667804254314784,0.3510052707026471,1.0449427858939337
0.28816130528511347,0.3150397946434485,0.9146822407348405
0.396425505120292,0.366009365692207,1.0831020795617106
0.5439850570855019,0.4637503284313219,1.1730127694476926
0.36058143421712635,0.3409573676865168,1.0575557779078477
0.3704474611575039,0.34069596062012236,1.0873256626912422
0.27484906602629416,0.30579865042386456,0.89879097126599
0.38054275439431745,0.3491596864381553,1.089881705062537
0.39931024696134004,0.3524897387892298,1.1328280032574407
0.41494438908368875,0.3679984157378399,1.1275711289455466
0.3372016473536783,0.3267718894108121,1.0319175494614046
0.3330098766330495,0.31823209249311096,1.0464371271425381
0.4694866569228116,0.4052317931753219,1.158563234251687
0.26240288466851347,0.30942734664861943,0.8480274530049661
0.3834537860941813,0.34112518649825424,1.1240852369490568
0.25445708669211065,0.31448473353030454,0.8091238128975521
0.2648500434810713,0.30370735664400406,0.8720567272643314
0.4042378881964731,0.3669534478113132,1.1016053687669163
0.33374757331944604,0.32025648181563254,1.0421258968041125
0.4210514632082159,0.36380554558303924,1.157353064900189
0.31605347583954635,0.31832540247820157,0.9928628798676826
0.41179231810532646,0.3764950389354137,1.0937523088477346
0.44765260770422316,0.3843701770485189,1.1646392837801154
0.25716526754728414,0.3085759352340977,0.8333937879899435
0.32167521732238075,0.3241458609585684,0.9923779880178589
0.40413934523817463,0.36453611315175893,1.1086400788772568
0.32431256792902985,0.32217883973618555,1.0066228067448237
0.38821716548993224,0.354486158684937,1.095154651256708
0.4835975425403556,0.4071106607070034,1.1878773739319974
0.269077253541975,0.30881281530897703,0.8713280026049264
0.3902916375926079,0.35777963196650964,1.0908715944711507
0.37652801588949303,0.3372622245108996,1.1164251093805035
0.41706356906001296,0.3668506326540582,1.1368756979991521
0.34791232448120046,0.33451651390032355,1.0400452893182681
0.3159857135197872,0.3218191727015856,0.9818734877327908
0.2695527289716179,0.31511584438283613,0.8554083641828454
0.3908922755542307,0.3463423580236878,1.128629711320196
0.29489529371205625,0.3078154878867767,0.9580261725508988
0.3157220905068705,0.3221723930554225,0.9799787235418326
0.3194427660417473,0.3259839296808547,0.9799340917035041
0.4078071688679896,0.35419023540355404,1.1513789147895226
0.3788334455765889,0.3488979078710158,1.0858002786208736
0.35269627338887494,0.3435622100253233,1.0265863447638155
0.31406973530077353,0.3138436898444341,1.0007202485302522
0.3449738531963779,0.3415816278818346,1.0099309360856983
0.23940118087201526,0.30837571706668965,0.7763295474404754
0.3704217952112932,0.335690088084371,1.1034636063433392
0.3817569052935271,0.35567087372789585,1.0733431762129284
0.35712963920728275,0.33580658852784684,1.0634980116766461
0.4109072330968341,0.3604660650070077,1.1399331947900444
0.42379536114041755,0.3768573560974811,1.1245511180383994
0.4159175931179136,0.37164014058305395,1.119140662430582
0.3715623602709234,0.3448348535537865,1.0775081359720153
0.38614541112934464,0.34321391175504395,1.125086710951686
0.40920297242429465,0.37155328227363704,1.1013305276709406
0.3650722260772465,0.3460961178710679,1.0548290120181232
0.3240866252013247,0.3205910085516557,1.0109036640343136
0.38438608641617056,0.3518211078431561,1.09256118478125
0.2941284618584854,0.31418731724086024,0.9361563809814848
0.3631352026573606,0.3373248675272186,1.0765147714111514
0.38811982510162557,0.3570747946202186,1.0869426544498224
0.3420882645485875,0.32699071086812365,1.0461712005224293
0.36947596750708994,0.3334569325196299,1.1080170525029935
0.37347682763467727,0.34443755410288474,1.084309254858773
0.40532104270209196,0.370330709169046,1.0944840183833469
0.3081827794502078,0.31631735510718784,0.9742834987532583
0.3118865472214678,0.3130065893730169,0.9964216659023293
0.3589989260581439,0.3382133484678865,1.0614569995076082
0.3226118958640295,0.31906495523847,1.0111166725374414
0.4741342516099026,0.4039599320768031,1.1737160395396777
0.46020442105620574,0.40094038756563405,1.1478125809435202
0.3122045062392316,0.31880919831238774,0.9792832449373545
0.30877494100533837,0.3287597358750515,0.9392115496853041
0.3253328413197069,0.3145809392396218,1.0341784918885222
0.448390804357654,0.40310712010378824,1.1123366023458146
0.3283024888387895,0.3169441583598257,1.0358370084425683
0.2743763480947833,0.3105681820312342,0.8834657378623189
0.35771343926215515,0.34503511906046547,1.0367450137719687
0.3556776531622321,0.3465405770449789,1.026366540377946
0.4215257727730425,0.3856087734555557,1.0931436258455007
0.4074692224784536,0.36313016156096367,1.1221023908531655
0.40526641173218186,0.3677227781474396,1.1020976556684476
0.4001994279314397,0.35303072148594494,1.1336107697566844
0.3642094280606523,0.34277254568645893,1.0625396714058954
0.4662767918655903,0.408124821129308,1.1424857487848252
0.3419907617253217,0.32629888260197065,1.0480905083039849
0.26757669016551067,0.3101231199044116,0.8628079397885108
0.42024552671549253,0.3711955845558674,1.132140424618232
0.3586116153600375,0.334603826230099,1.0717498941970525
0.4638080115865097,0.4067008473335426,1.1404156510304304
0.4354794678824267,0.3815397385111237,1.1413738175262977
0.3085353645587937,0.3161719071829091,0.9758468654215456
0.5573840017720106,0.48658352926177606,1.145505279674489
0.2634548137230535,0.30823446221103873,0.8547221223520232
0.33635838504776805,0.3401883655921481,0.9887415886850998
0.34330175070207425,0.33068706044268087,1.0381469121970073
0.4560522479399781,0.40194051915835166,1.1346262101042572
0.40619533096722854,0.3675826131347862,1.1050450060821668
0.29644819397919736,0.3095549553459949,0.9576593391885848
0.40141758408906464,0.3635172919393756,1.1042599430345936
0.34175660100314087,0.3380939182996184,1.0108333291587832
0.28439213978778954,0.3051877328818418,0.9318596691364931
0.3986715433651638,0.36016564756708014,1.1069116281860614
0.3342103261090118,0.3298861507253286,1.0131080840289157
0.3345294513079346,0.3246223648282908,1.0305188044726497
0.36659533867171734,0.3337399777083933,1.0984459853713766
0.39390034192776807,0.3487153696684259,1.12957551111758
0.3946604695545292,0.3579826240412296,1.102457055315275
0.3676351689865246,0.3376758271980239,1.0887221985568176
0.4030148800056604,0.36259634655095796,1.1114697757966023
0.41586443568976866,0.3703657108066413,1.1228481027145656
0.4026765950945029,0.3695188048371625,1.0897323487283743
0.43227333861014927,0.3854351139130445,1.1215203882738913
0.3909749628647927,0.3693626570808031,1.058512427744588
0.2510184818189475,0.30791934244954544,0.8152085537142847
0.3925655420926811,0.3677724332713312,1.0674142664821709
0.39488805889887413,0.35050943794017975,1.1266117717670938
0.42319267991934006,0.3787551021947153,1.1173253573803468
0.4139189299096913,0.36694798104751025,1.1280043801524542
0.269389223341275,0.3067729578301903,0.8781387552757877
0.36486967378363405,0.35529749426110574,1.0269413088387664
0.28008567525264894,0.3120376196168689,0.8976022685871925
0.3547506978667897,0.3283978480006289,1.0802467191140375
0.38629516355722066,0.34889830721074266,1.1071855482631776
0.2938840504763702,0.31537004707459254,0.9318705222720773
0.383464071926223,0.3470143629295759,1.1050380413333045
0.275676208299335,0.3033959662195285,0.9086350479025936
0.40097271070589263,0.3513374537613674,1.1412751655513451
0.2704942770855723,0.30785347684788605,0.8786461658811364
0.3953416092470213,0.34885691992777074,1.1332485803316585
0.3074237712762454,0.31244552784015683,0.9839275773968494
0.32908520417698595,0.32401549017058584,1.0156465174048654
0.3988965712751474,0.3565802422274228,1.118672668971759
0.39764691328313895,0.3637552087735283,1.0931717366299252
0.4846128885118554,0.4179193870729019,1.1595846077064607
0.373179387951472,0.3452880846804285,1.0807769063240555
0.2500810385456593,0.3096289724183282,0.8076797096616142
0.3146252510204768,0.3116377472555703,1.0095864631008786
0.3704201225383544,0.3363160565346164,1.1014048105676089
0.38848678038779305,0.3464692897398804,1.1212733477170753
0.4063171239912141,0.35462598993665784,1.1457623962185883
0.3344438410191553,0.3343397291502517,1.0003113954454896
0.38841539636776345,0.36149885682825084,1.0744581594964786
0.37721569455035464,0.3423330361548877,1.1018968510526235
0.41417878192566066,0.36347726768402067,1.1394901930585546
0.23607512821465815,0.3134788265813012,0.7530815742460734
0.40843348582598926,0.36480639528740233,1.1195897086842914
0.4087382132739072,0.3818297249547083,1.0704724817387927
0.3615279408503553,0.34122981950021675,1.0594851920616675
0.31475021626283717,0.3159826046712265,0.9960998219833284
0.34072833329484736,0.32245572980021453,1.0566670144331256
0.3530194592067817,0.335715341036597,1.051544019754219
0.41518263914354775,0.3636740877470331,1.141633823062872
0.3660229561963424,0.34435230525551075,1.062931627319155
0.4426323140410075,0.3908558904853181,1.132469344369864
0.3667505486547377,0.34053506025556324,1.0769832286270329
0.2586823268499385,0.30426317152091215,0.8501926985013339
0.36977146244247405,0.34238761887873864,1.0799790706609451
0.36458311972837587,0.33590867500534927,1.0853638112280666
0.34168230208951433,0.32934217840046986,1.0374690048780792
0.3777816445621513,0.34179176309407366,1.1052976851819916
0.31756254829763275,0.3207215844804004,0.9901502226989631
0.418709946506324,0.36304347765054434,1.1533327887227949
0.3014385270200281,0.3170680080466295,0.9507062187607939
0.27191765349227376,0.3066679451606687,0.8866843039294875
0.36590416423426175,0.349518432506614,1.0468808801016172
0.2845045400148473,0.31072927441179743,0.9156026272497406
0.27806327066110537,0.3077518613522527,0.9035307518183756
0.38347603082807213,0.34550121768242925,1.1099122411213838
0.370068274592875,0.3344905094140392,1.1063640497339102
0.42406899504508316,0.3665906989774277,1.1567914740553595
0.3713918697639137,0.34395849606612483,1.0797578022102843
0.2984122462075502,0.3144530266630578,0.9489883095553868
0.3856964121092977,0.36586863843538997,1.0541936957447344
0.3272511636495431,0.31833819393608703,1.027998430233117
0.3972387491517225,0.358606586674063,1.1077285357080524
0.2970312375829978,0.3163143752483343,0.9390380609474435
0.4000945350009655,0.3526808404954104,1.1344379650421417
0.3788368454939517,0.3537684494003815,1.0708610282688007
0.2584392666669216,0.30451429253050355,0.8486933881470716
0.33369640849503013,0.33153029420320335,1.006533684341073
0.39709397762458243,0.36565433304258466,1.08598187342781
0.373593061905646,0.3364767558282541,1.1103086778937472
0.32009225822547804,0.31918998921920855,1.002826745940487
0.2512180273299909,0.3037731979481778,0.8269920750969196
0.40465478501282265,0.36467388747739726,1.109634659646157
0.38909745498366005,0.35236406761641126,1.1042483917719934
0.3463297042834219,0.3296794121543502,1.0505044947158433
0.41974999194807117,0.36458254620508124,1.151316749299232
0.36307212431853325,0.3367514417863405,1.0781605637456855
0.33386986368569577,0.3257174500400581,1.0250290969815559
0.4147426519949633,0.36114350423907704,1.1484150957354715
0.32025673035391744,0.3161309084394623,1.0130509918654322
0.261779902941841,0.3055002331418732,0.8568893720623492
0.42906144484748715,0.3674674717224197,1.1676174841717548
0.2539689372581267,0.31284874344300123,0.8117946534261787
0.2990981761319994,0.3128037199858387,0.9561848437913085
0.34218415805213676,0.337261987356949,1.014594501840429
0.2832050423520299,0.3192029123393073,0.8872257470225953
0.36045586329732426,0.34659073005845886,1.0400043395174672
0.2718428376292787,0.30364148943799923,0.8952756691202651
0.4231013225773888,0.3691672276286071,1.1460966491940097
0.2454490718340265,0.31719442943200143,0.7738126809904922
0.3651786254267783,0.33805772787240945,1.0802256399374632
0.3680591213938207,0.3555960848312788,1.0350482952264655
0.4038038005967598,0.3547788759522546,1.138184452253304
0.25700083978276383,0.3137355816410637,0.8191638271899663
0.3974113842361985,0.35485496360160707,1.1199262374764727
0.3809791434144896,0.3480779804136385,1.094522391108317
0.3547560735456498,0.3274382835506498,1.083428821146915
0.4291222891101945,0.3771431373824796,1.1378234059579353
0.3982707437596199,0.3639095793428101,1.0944222586249672
0.3203834157455385,0.3160547014853129,1.0136960919735813
0.41640561966106093,0.3714451577044731,1.1210419924019013
0.3153905959957072,0.3322709414660697,0.9491970456523166
0.32007729088606474,0.32738902138658976,0.9776665372908423
0.34833587395549226,0.3359597538726305,1.0368381031959972
0.26357102021642115,0.3184709095760048,0.827614115736114
0.29272409786340725,0.31093839640045473,0.9414215203143023
0.2811078519929381,0.32358838414426466,0.8687204663923054
0.4289667473420957,0.39810726806262053,1.0775154882995532
0.3464612599831788,0.33167015781957115,1.0445958185109134
0.2832589725157913,0.3063223974226475,0.9247086563016333
0.3742396116486648,0.3477356728879146,1.0762186362435504
0.3421779847606771,0.32150549814670687,1.064299014272338
0.24667858024637154,0.30443381835230804,0.8102863919044011
0.5288266752012435,0.46524925373855053,1.1366523878368662
0.2280018647209337,0.31348253951839267,0.7273191836177414
0.25422720626608086,0.30198450403349636,0.841855137831449
0.293024289969763,0.3259048142818579,0.899110038050379
0.28768867064915493,0.31589610794300993,0.910706600731707
0.32408569230703665,0.3213995733667766,1.0083575684688129
0.4192591463879279,0.36732751971833355,1.141376901761718
0.3782749191358406,0.345731803751618,1.0941282087186932
0.3425486878163027,0.3352699120558874,1.0217101967658881
0.36426897593162777,0.3395506993645119,1.0727970126799253
0.3419342711987351,0.3342662112580277,1.0229399792214962
0.3904909398521357,0.3502067328935777,1.1150297900491815
0.28467822762181527,0.30560188628553747,0.9315329531566691
0.37048545395343824,0.3430528734718992,1.0799660419803658
0.3210988787473216,0.31739723461324737,1.0116624964883036
0.32489638791371656,0.3289807650647814,0.9875847539285144
0.4108927462773529,0.3621668638494154,1.134539869026221
0.332887734606185,0.3189576158091586,1.04367388676921
0.3441211269568201,0.3330173449108125,1.033342954100428
0.32373688669897427,0.33252382002196795,0.9735750259262234
0.48170117700214476,0.4052858422324291,1.1885467657809077
0.39145414015504926,0.3546185013182321,1.1038739904993313
0.3865779014700848,0.3534714911053309,1.0936607652889567
0.40649589263193114,0.3592696269254734,1.1314507605627746
0.3513009021421249,0.325442586273684,1.0794558455441203
0.42083365083369995,0.3720444943480402,1.1311379612569095
0.3262235801826589,0.32186150599685176,1.013552643309417
0.24170386326658358,0.3084143989785913,0.7836983748717956
0.42593043006439274,0.3731706410271606,1.1413824755666997
0.37348620520878956,0.3413200008220609,1.0942406079610254
0.4017906243715022,0.3520941900617611,1.1411452835987546
0.2588232861277721,0.3093138069625849,0.8367660295199165
0.41539174921818045,0.3631739230407933,1.1437818710665573
0.28251649610611906,0.3045107241920441,0.9277719096945365
0.35688900401073315,0.3381769645870206,1.0553320934989274
0.40163583371414613,0.353062068473169,1.137578543770041
0.32883534775296014,0.31992465688158234,1.0278524667596223
0.287611944488534,0.3157423182527418,0.9109071792470647
0.3793848580492543,0.347948710550828,1.0903470728449047
0.35521610825856637,0.3404424570502609,1.0433954429077699
0.5455336212101656,0.46376232902114634,1.1763215489313508
0.3327721589833301,0.33022588956333165,1.0077106898655508
0.3068843525711216,0.3137151333513426,0.9782261674556487
0.26799909416919365,0.3193884355671127,0.8391008074332088
0.4224537920141895,0.3672413837946667,1.150343644959124
0.32352223121090307,0.32667036363352275,0.9903629689954017
0.27079912735262324,0.3058693979297602,0.8853423362568932
0.31912820513909845,0.31997949753581684,0.9973395408041007
0.40673576015247503,0.37369736937945225,1.0884094817897303
0.31703395883948193,0.32423769820604964,0.977782536064052
0.45775508416239097,0.39166057346856764,1.1687545675289364
0.40844813163172544,0.35551760035762303,1.1488830123202294
0.38907886313806406,0.35749821861154857,1.0883379073864154
0.3717528810330286,0.3471448311341103,1.0708869834487371
0.3546550711420451,0.3424573667633124,1.0356181690410622
0.49477149712408,0.4296550928190482,1.1515550621727553
0.3304648098328828,0.3308079347188375,0.9989627670622642
0.3467448273390413,0.33585095971151113,1.0324366130645801
0.38900308133535094,0.34774542746563664,1.1186432677789597
0.2796511419087911,0.3064529600392415,0.9125418200332658
0.4875647334175836,0.41663290848385154,1.170250173448508
0.4412128970517387,0.38687626703500216,1.140449633763191
0.44957617685494744,0.39099059868500446,1.149838841053929
0.3032722382272502,0.31673738324741896,0.9574879830030972
0.2706346909182716,0.30214937499534145,0.8956983310736427
0.2898868006493063,0.3135388159233723,0.9245643152526082
0.3638495544505803,0.3491107095393998,1.04221825486427
0.3555395047288861,0.3405781097157449,1.0439294088091227
0.3743491369639626,0.3355951792089355,1.1154782909765804
0.29826450507508095,0.31739556690319387,0.9397248612676814
0.36448110309180826,0.3352287842559059,1.0872607610376674
0.26621635512681513,0.30549672366480735,0.8714213099676615
0.30321694295365254,0.32814234866045544,0.9240408749173841
0.32713832801834397,0.3215049155144152,1.0175220104952833
0.3832689530595106,0.35758871086839433,1.0718150249451457
0.35767538719244807,0.33666062398860763,1.0624212090943892
0.4544251708157461,0.392518233807665,1.157717353427244
0.39066654371637505,0.3520274702387406,1.109761529267673
0.3164102186691952,0.3163465720448334,1.0002011927107362
0.40241356223661595,0.362889661516998,1.1089143751144497
0.40749764881734235,0.37031460864028876,1.1004093257718923
0.408371595343038,0.3601181824362879,1.1339932701545474
0.3793759457958058,0.3464849109009098,1.09492775546668
0.40177236472678707,0.36756062448877025,1.0930778161714165
0.31917303452227624,0.3234746891872012,0.9867017271869594
0.27288501843172847,0.3238890559423396,0.8425262089754242
0.40368186071065065,0.3600106000440738,1.1213054856196747
0.336776029106321,0.3197964957887836,1.0530948072950488
0.3019402240254167,0.31363475513988565,0.9627128979718685
0.2519448264234746,0.3058456929731343,0.8237645067822015
0.23046718681311376,0.31502284409199477,0.7315888074003021
0.3100504062807969,0.31600056472291643,0.9811704183271416
0.4304478239790052,0.37117903623983317,1.1596770882849003
0.36454730157843057,0.36889386084014325,0.9882173174370169
0.3302805717000902,0.3324271451257298,0.9935427252042617
0.2479223173691942,0.31833736542479085,0.7788036978893933
0.36909029224715206,0.3436663256296061,1.0739786377701352
0.260965903871638,0.3167135215871613,0.8239809357170711
0.37782498568409134,0.34255978775153223,1.1029461109957772
0.2873194049759948,0.3101169687387318,0.9264872094698451
0.3866822959033091,0.356352395344161,1.0851120995829306
0.3517986631933554,0.33417433916236305,1.052739908381862
0.336704005050978,0.32554090729850216,1.0342909216697609
0.3218160398892461,0.3265790380910309,0.9854154809517899
0.38600667684051376,0.3632253091545581,1.0627196594284178
0.3470104716888401,0.323778680980457,1.0717520703896664
0.41059861664489655,0.3576597960759445,1.148014457173462
0.4598132974553467,0.4040621220375015,1.1379767426273895
0.2744432998346213,0.30361216748884756,0.903927211167195
0.32537086101497004,0.33076888206013877,0.9836803842866111
0.4274421079055472,0.37375956190318305,1.1436285555585861
0.3555534522143387,0.36747925039292917,0.9675470161489697
0.3304307583189343,0.3188023116738532,1.0364754150747109
0.36645543869013764,0.34292674320314853,1.0686114336467798
0.2718814640530805,0.30735089730428133,0.8845962918530684
0.27962613234292816,0.3073173457934026,0.9098937504520486
0.3552045582157023,0.3392841314780345,1.0469235819203013
0.4044737657503879,0.3604610365332335,1.1221012113832074
0.30929424269199574,0.3220536484931995,0.9603811170564236
0.3181534440297997,0.3163940181771419,1.0055608695221057
0.23648946998718262,0.3159637790055094,0.7484701908919091
0.28439438810728235,0.30916013027976336,0.9198934799578777
0.37835718065601814,0.3473939038601728,1.0891301673742326
0.45454138279803935,0.39534206449344866,1.1497420174107775
0.29797362001043926,0.3156578607319083,0.9439765552473015
0.31209767992137094,0.3124529842044988,0.9988628552099368
0.45321255798332455,0.38594646129604504,1.1742886732563722
0.40176057667541093,0.3565590126234656,1.1267716211108068
0.29610969228648126,0.3211784250761911,0.9219476439497363
0.31314327633420164,0.3206385759516114,0.976623836994146
0.3010145245924516,0.3095667408383297,0.9723735947126683
0.39531535211394236,0.3508677234283295,1.1266791606002255
0.35240880110001854,0.33056568214459287,1.0660779994272704
0.37741976636782437,0.34604204411063144,1.0906760400685915
0.3489929148156633,0.3278512254996376,1.064485619304324
0.38699671972238336,0.35327876638235567,1.0954429095337548
0.28290277048941787,0.30487601946309806,0.9279272636385892
0.28064333098212135,0.30364521210997986,0.9242475092295305
0.37247187307741264,0.3404059349529938,1.0941991159139066
0.2535135017607875,0.3057815344647812,0.8290674000459838
0.32044862058202667,0.31354971066544185,1.022002603357354
0.3213117954376392,0.3483740558721624,0.9223183816981657
0.4026826699622047,0.37123624903208347,1.0847073016498545
0.4346115211303598,0.3950052283453023,1.1002677684823827
0.2903701411171302,0.3194528267646702,0.9089609381701789
0.40829368673696226,0.3693009666065711,1.105585210048831
0.26989075400599194,0.3040431622600516,0.8876725001799293
0.3489590097467616,0.3240950924523137,1.0767179691192217
0.3049935477940009,0.3170518754547329,0.9619673353345181
0.4421491489180647,0.3840167527232459,1.1513798441931875
0.3793471064644162,0.35481621836277427,1.0691368850466718
0.3071486653898027,0.3221816229866778,0.9533401146300119
0.47321172260040395,0.4016125277638968,1.178279286343875
0.30741772613879365,0.31754614010287735,0.9681041187878954
0.32964439510771626,0.31640875791915607,1.0418308180709144
0.426371923007179,0.3706518889227345,1.150329826313282
0.3186377825837316,0.31392831057751275,1.0150017435431522
0.37097164384565096,0.3472341227595914,1.0683617177292632
0.3285179790312691,0.32648817645078804,1.0062170783718627
0.24028311266782018,0.3113131623900603,0.7718373062773269
0.3637611734982105,0.34109479250471225,1.0664518529498956
0.4161716230488557,0.36823367116311173,1.1301835101997217
0.4696021613422977,0.3974595367052095,1.1815093562356649
0.4423752115938723,0.40578541704180915,1.0901703043416495
0.23030180372252418,0.31492590961175193,0.7312888418944178
0.2895408481525337,0.32274601149848947,0.8971167352563514
0.25252413799688683,0.30197108966831976,0.8362526964891087
0.3435621454169459,0.33113439292617153,1.037530841725478
0.3578338899579647,0.3292106131362311,1.0869451824443126
0.36402839823648137,0.34670422054172384,1.0499681765272098
0.32356557581947404,0.35535503399997204,0.9105416973479529
0.33262569210167464,0.3287530702774429,1.0117797282348224
0.34549948819167103,0.33480042491933115,1.031956540302832
0.2846607845876653,0.3101486290711014,0.9178205476523547
0.30777133406721335,0.31378379107343873,0.9808388540859391
0.3867251976981833,0.34858995691585143,1.1093985642034363
0.4091048961107071,0.36972835146305816,1.1065012853134777
0.4716947155899339,0.4055718766155963,1.1630360554733663
0.3792307888214405,0.3431917777382462,1.1050112893750077
0.27803226553878807,0.312034166306446,0.8910314816799102
0.30415637139388896,0.3103592140363822,0.9800139890747174
0.37803600438453755,0.34679268149287384,1.0900922209695065
0.4323154638761957,0.3830390377184502,1.1286459637410788
0.34144576565170864,0.32962072858553765,1.0358746766834548
0.4484456488562941,0.39892222119157345,1.1241430660763772
0.3772169054071404,0.3403922122857846,1.108183124619898
0.29386104554961245,0.3170089959596809,0.9269801466043804
0.2824902513822408,0.31044570318559706,0.9099505919505565
0.3495229456332099,0.32578763492080826,1.0728551613635404
0.35019841943191615,0.33382260819699444,1.049055428939846
0.338222399819765,0.3239800315425135,1.043960636121435
0.2702128097885798,0.3039169535973005,0.8891008105675483
0.2699768143486841,0.31365534759099345,0.860743540393049
0.32602807340742657,0.3198979448258675,1.0191627632521865
0.3017122118083869,0.3169156645287461,0.9520268184188159
0.36836509159986663,0.35031425547901046,1.0515275523006449
0.39008065810178616,0.36221522128839373,1.0769306069310824
0.2736628378589504,0.30561298275716386,0.8954555378833476
0.3274006768574544,0.3176211818770393,1.0307898072874782
0.37725138189216784,0.3544909282140435,1.0642060257868755
0.3057561499774876,0.33331475035551544,0.9173195895212148
0.30775868802015827,0.3103996317341785,0.9914917949507044
0.2629429749112164,0.30476611420331906,0.8627697196539339
0.3988754820241743,0.36480002541752515,1.0934085916459262
0.2779562601101798,0.3096053201958693,0.8977761103534431
0.5371395227224938,0.45380942633810756,1.1836235466874188
0.3424678896914755,0.3278568599727987,1.0445652707095685
0.32805221151510555,0.3223201293097935,1.0177838170318019
0.29180045652105474,0.3135051392611778,0.9307676971698984
0.36124326010070607,0.3572008498579445,1.0113169110442184
0.3284771919645237,0.33344697873605134,0.9850957210937527
0.3409101754979698,0.32967469090113516,1.0340805190902689
0.33479683234011337,0.33125629142221175,1.0106882224114166
0.37754144539272805,0.33987371393003196,1.1108286105069325
0.46120627266503383,0.4036001052081469,1.1427308038663122
0.2981447337202907,0.316440852947413,0.9421815512861016
0.40456775645757276,0.3580071688363356,1.1300549030137508
0.3973764167664686,0.357183030622499,1.1125288233148158
0.28609140469115524,0.33429460234020314,0.8558062340474384
0.268407625555258,0.3062481394679619,0.876438387581902
0.40441503453238165,0.36322760416956085,1.113392897153251
0.25844901767513834,0.3034282528489054,0.8517631936002846
0.36974140908247716,0.34727531314292387,1.0646924647082736
0.3808243456181975,0.35370439579259333,1.0766740536679869
0.3955482247531445,0.35667281557696373,1.1089945952659577
0.34653655518829407,0.3305879924862642,1.0482430186955218
0.30977917245160524,0.3108197188815464,0.9966522509135345
0.36138140823951775,0.35224612951308704,1.0259343622570345
0.35382974068176626,0.3276796829607873,1.079803720159569
0.37119694781696533,0.3396033930950195,1.0930307392809413
0.3528708848765006,0.33382787747481973,1.0570443892994443
0.27727050419659255,0.31434590602127466,0.8820554010263685
0.2706962242405115,0.3286764556098073,0.8235948137455643
0.4026939789187483,0.3725317699124827,1.0809654677595726
0.36713510191160725,0.3408992584060672,1.076960693983936
0.39403741625149197,0.35345238802755813,1.114824597594088
0.4513277205051851,0.39632376543759346,1.1387854069433865
0.35413950974149766,0.34458520889043404,1.027726961589061
0.307771508652339,0.3204934648210414,0.9603050995882049
0.33328505293925,0.33436809791465544,0.9967609201291628
0.29979245042751407,0.3171087942944266,0.9453930506549282
0.36161331392065676,0.3409187082463476,1.0607024641761673
0.34569765139574765,0.36195361758242334,0.9550882615975681
0.4185554299937378,0.3678033459195877,1.1379870102792538
0.32824322635149483,0.3394621571369056,0.9669508646264622
0.29189242631498247,0.31333915990427413,0.931554250685284
0.4340207889244287,0.39224127810329396,1.1065148243019247
0.40524668667778396,0.37428737600412765,1.082715348308501
0.3511166410914613,0.3311639247974652,1.0602502712401385
0.22506624036615616,0.31485680804286004,0.7148209427808178
0.38521036235219197,0.3592371755066105,1.0723009438234032
0.34746531798454133,0.3245630919261712,1.07056324834242
0.32124718964088217,0.32234558783993517,0.9965924826010076
0.4036428639404633,0.3592544484839146,1.12355703775937
0.5381004291352756,0.46025451759346125,1.1691366593180839
0.30884217414915466,0.31640189563441756,0.9761072180996107
0.36498103561581097,0.3472653529317974,1.0510148292493
0.29373528295673684,0.3107417922516096,0.945271251827297
0.38893155188929546,0.35347272811176345,1.1003155857792808
0.40439133647082104,0.35943686133815533,1.1250691845163117
0.5766276146700227,0.49281964235992065,1.1700581005837722
0.3559400002736444,0.33349603122867055,1.0672990588892033
0.295317648090784,0.30931105763005967,0.9547594268161858
0.3207417156642951,0.31861236521021324,1.0066832009256041
0.3920542048544953,0.3540245806826904,1.1074208578920417
0.42031102928027225,0.3638348837675852,1.155224658306166
0.5122493913846018,0.4312002146193058,1.187961819167581
0.3881521385885573,0.3470493361447617,1.1184350412549147
0.3435006499868772,0.33862403028202187,1.0144012806793241
0.3311742677170863,0.3267529154447686,1.013531179259103
0.34670533327515923,0.32434868395098776,1.068927824993271
0.324040759485328,0.3257531005379648,0.9947434389732317
0.37875240489670137,0.3390684853381233,1.1170380653896654
0.36175292028088574,0.3356060140831279,1.0779095281387936
0.3754536596735252,0.3472685400730985,1.081162317768531
0.2713442657510257,0.31503534167610225,0.8613137316828513
0.4202356041292536,0.3886162106232574,1.0813640621303096
0.42650802122976955,0.3786132059908313,1.126500646256111
0.36927072577920667,0.3441357303948032,1.0730380287904653
0.30806650175537115,0.3097852594302701,0.9944517770856498
0.3587585451696175,0.33042251700304537,1.0857569527149113
0.2900055713054218,0.31150795133429604,0.9309732546576351
0.3388021634655015,0.34195535275839123,0.9907789444807504
0.39495755076958483,0.3467988962272296,1.138866227852123
0.3342614957085717,0.32041099966616166,1.0432272801396987
0.2856104597380126,0.334419077025516,0.8540495425032845
0.36022149418109867,0.3497922002759491,1.029815684560496
0.2956476810255527,0.31487600490771467,0.9389336641012151
0.26441641741807204,0.3034495326663692,0.8713686756894349
0.361487460839702,0.33084249436589713,1.0926270566679772
0.2969003302361283,0.30935031336204644,0.9597544188961354
0.34839026677321505,0.34398147633859777,1.0128169414281991
0.35115283129295205,0.34079800404887867,1.0303840607076684
0.36592312432381996,0.3493393700729135,1.0474717586152547
0.373535390326884,0.349449254980941,1.0689259885451943
0.3038477418376156,0.31747379782741514,0.9570797461615811
0.3579934666337377,0.3523964487309937,1.0158827307224556
0.444724746930058,0.3936266384116427,1.129813644535354
0.42121406454563565,0.3768999549050648,1.1175752585370642
0.3559590471686936,0.34176482127174584,1.0415321443679586
0.29612410617243895,0.31373063489009945,0.9438801100063814
0.3524713931756533,0.33440041353801847,1.0540399440492327
0.3555726578685829,0.34355400353478477,1.0349833045464167
0.46189995771931486,0.40619021252210397,1.1371518650124521
0.42223418317558664,0.3902800260848203,1.0818749486396253
0.40959468500310575,0.3590310442823406,1.140833617387699
0.3410208699265068,0.33343264783187143,1.022757885719882
0.3558588571179179,0.3347190219999554,1.0631569577123268
0.2918570654100134,0.3088364749085437,0.9450213595931035
0.46747260323171574,0.40267954039980086,1.1609047799339023
0.2967167536331661,0.3114254719659581,0.952769700436065
0.3787366605179009,0.3596241640827756,1.05314575143712
0.3748601178390688,0.3378549596853836,1.1095297170955993
0.36922503461463363,0.35246130778632,1.047561892491407
0.33637686285293583,0.3232937369555179,1.0404682318334488
0.40582998584911245,0.36044142109460137,1.1259249411920347
0.3385264578417455,0.32872894352300297,1.029804233888693
0.31797169126187036,0.3209081664313009,0.9908494844425869
0.3304426625306549,0.31899000321154836,1.035902878472061
0.36423970331578387,0.336685705954484,1.0818389283358079
0.34032688151520446,0.3364079442512145,1.011649360043244
0.283420537765074,0.30880181411554003,0.917807230429775
0.4031163503441588,0.3745818959367451,1.0761768113113301
0.33428647438129305,0.3236378051625654,1.0329030448509522
0.31509588815331313,0.329023090346693,0.9576710492302994
0.2363424989412908,0.31061129338155236,0.7608947387852045
0.2993493085987186,0.3257791126343611,0.9188720117078039
0.37424329361442127,0.3399488474342591,1.1008811956239803
0.31661667715189945,0.31541494931287506,1.0038099901150606
0.30128081426157,0.3173803906405299,0.9492735630375017
0.33038651246414863,0.3317500634076242,0.9958898246183598
0.4117674272499234,0.3821746306176538,1.0774326558108869
0.41473912688316533,0.3627941783927171,1.1431802150756094
0.38817106396572576,0.35595503853453786,1.0905058840122641
0.31659491528720496,0.31980953591137035,0.9899483277914006
0.2917116861263573,0.3226513431349266,0.9041080793033273
0.40871637433968905,0.379455815412925,1.0771119000901925
0.41779737941408035,0.3791075426732962,1.1020550434527385
0.2714691132649139,0.3047519686606803,0.8907870700818197
0.27642838923272733,0.3115985432103388,0.8871299152580745
0.33919682088676306,0.3321657929374961,1.021167224617226
0.4084634938724107,0.35585943038636875,1.1478225922773155
0.2948016324005863,0.32028344091924443,0.9204398190380282
0.35368776196918306,0.3542442157157648,0.9984291804300673
0.32427923826197225,0.3313209830405231,0.9787464569435689
0.40366335980199414,0.37040561982339143,1.0897873525635489
0.255134263208079,0.3058299958824307,0.8342355774224302
0.26375130596360863,0.32056007432319084,0.8227827701889436
0.3360236762637928,0.3333988431634677,1.0078729520337242
0.32834838730107396,0.3285584725958537,0.9993605847594801
0.3245412564569341,0.3270679063008057,0.9922748463080697
0.4463329802397736,0.37918425529832916,1.1770873236511734
0.30550216005958136,0.31985474174075584,0.9551278133221882
0.39065338392186033,0.3441577362374542,1.135099818451636
0.34093212282083735,0.3363953426756174,1.013486453495864
0.35426757255604563,0.329308725876307,1.0757916347746994
0.3389012637532138,0.3306667036171914,1.0249029008543764
0.25497860380387977,0.3097304395185922,0.8232274625645057
0.3453513089288357,0.33151375493983243,1.041740512370338
0.405971743105462,0.3821921321870064,1.0622189964570499
0.5074239753365815,0.43284692553898524,1.1722942809510133
0.304156247272678,0.31709867920758383,0.9591848443921355
0.41676835961413755,0.36053926169347184,1.1559583210343158
0.2952737913799703,0.3271288146233609,0.9026223865969532
0.37818092845371637,0.35221594435828946,1.0737189343961504
0.35574908772115055,0.3446739658003036,1.0321321684251128
0.3953285478021614,0.35219937882040864,1.1224566866818495
0.49745284113957,0.428599797609743,1.1606464676694048
0.3668007366092574,0.34049280924084285,1.0772642671281965
0.29716031781959806,0.3149042257172257,0.9436530016159227
0.4474285311572534,0.3887726259345152,1.1508745763201398
0.3554956798746328,0.3404696336386369,1.044133293402442
0.3470608245037681,0.33165845545540107,1.04644045340927
0.25467540056365406,0.3152700911491525,0.8078007007749066
0.3298288316420605,0.32224808672426664,1.0235245614484605
0.4014886802952591,0.3749675765111449,1.0707290588452412
0.3725741917577825,0.3376199331465742,1.1035313830123687
0.33558622849456277,0.3373029997612684,0.9949102994402046
0.4119494997380042,0.36439540232382756,1.1305013650307165
0.43709339963401816,0.3889526300358784,1.1237702637303137
0.43604105228542517,0.37842382465612573,1.1522558144473496
0.4802203368020202,0.40596392247839497,1.182913826111179
0.31948667956209065,0.3309434408347292,0.9653815127934202
0.41605324719122555,0.37899006507803795,1.097794600778139
0.45759814546928573,0.38744814155673235,1.181056498634106
0.2786309895217457,0.3108337452564095,0.896398778362692
0.4165812418458465,0.36427535849529924,1.1435888597203103
0.4427753469803036,0.41416104544407706,1.069089794540057
0.2968245715899163,0.31821804651074703,0.9327710192573626
0.42982788460354054,0.3693380022188057,1.163779199598581
0.3215523012011714,0.3224768814256748,0.9971328790441788
0.3552207306414641,0.33808253033709335,1.0506923569439766
0.3846445212851659,0.35997976093524403,1.0685170751984547
0.32107821688758,0.31945311588233516,1.0050871346199153
0.39955586440771357,0.366185780564441,1.0911288357287814
0.28675802287699653,0.31126396715662485,0.921269575455558
0.3602891437024071,0.349251558142654,1.0316035399196264
0.3727231676851523,0.33543639497823663,1.1111589954612255
0.2965330836702104,0.3072477040217381,0.9651270938357618
0.3902946011740888,0.34775235945238736,1.1223348758544545
0.3461632342510081,0.32927859279303257,1.0512776774060995
0.25020016661556665,0.31236538013893994,0.8009855845877599
0.4391416950684564,0.40069563806107505,1.0959482793309603
0.35985047923474395,0.336177114953796,1.0704193213276925
0.38086110158443065,0.34861854176706286,1.0924866464472545
0.3740144036425121,0.3612342030082486,1.0353792651078826
0.32181773011258363,0.3286030255837609,0.979351086438954
0.2732665308628489,0.30667603929465814,0.8910592803120528
0.35986180129948325,0.3422671038594775,1.0514063351154819
0.28196225162910676,0.30893161304265804,0.9127011925133499
0.40905794919898314,0.37773263826107667,1.082929849753294
0.43302755168616963,0.37685960337150404,1.149042104306669
0.42010261771343205,0.369194441127353,1.137889878381236
0.3757109070422199,0.3441081790116491,1.0918395143101232
0.27180513476236795,0.30579062992325146,0.8888602467334813
0.40082747649402894,0.37471829656880223,1.0696768216665737
0.280185295542557,0.30720954608310097,0.9120331679627109
0.3415533000741859,0.32230176353868945,1.059731403030891
0.2998006622511307,0.31738930286257444,0.9445833855999256
0.3233914503687579,0.3223962756925425,1.0030868057457478
0.2941103278385995,0.31299480082123615,0.9396652182940817
0.30717615553792854,0.31273863817513337,0.982213637976866
0.35891478563751106,0.33828636272075296,1.0609791738302685
0.3154481053449805,0.3283574477557676,0.9606850933364879
0.5050202386168339,0.42418134600290874,1.1905762555936885
0.4012660199270207,0.3582579931141978,1.120047640637326
0.395688092677173,0.3527367646085704,1.1217659523420116
0.3569744027201895,0.3476173758861259,1.026917603903462
0.29832948351191274,0.3086107755453529,0.9666852461153638
0.2789620477106514,0.30873218076655634,0.9035729512162025
0.27896422133933246,0.3152483589177188,0.8849030088437141
0.2745385224524653,0.32886260048239513,0.8348122348049184
0.6209514164347115,0.531661990150148,1.167943971806875
0.2561776968419606,0.30588491195231365,0.8374970024082057
0.4313452871572314,0.38060849885589526,1.1333044019086551
0.32241370359733085,0.31849487076202504,1.0123042258920205
0.3700486217599347,0.33773880443607573,1.0956651024385748
0.34168945693857417,0.32765781185065607,1.0428240822602868
0.3088235710934456,0.3193104981245745,0.9671575876999898
0.35406021309538793,0.3385533229896236,1.045803390641183
0.3103189020316123,0.31240971921149363,0.9933074515570179
0.4244079558037386,0.3695303826714282,1.1485062547106049
0.39095808655062053,0.36753600225857413,1.063727319631583
0.34181470329320646,0.3315410774456974,1.0309874900771285
0.30519819818376215,0.31856120729847387,0.9580519887275812
0.24952600007842993,0.3090053468343704,0.8075135353958067
0.3265092868401592,0.3311239397499612,0.9860636687480626
0.3618103643429277,0.3336793030637633,1.084305682195065
0.29981876378422345,0.3151660307986194,0.9513041840978024
0.2595592311173167,0.3354453021150498,0.7737751266174956
0.3137871786860748,0.31354107723667046,1.0007849097527295
0.3511439062151024,0.3352494844351323,1.0474107269896353
0.27234795644988635,0.30336773537852935,0.8977485892165236
0.41179818733634455,0.36148574989770993,1.1391823535308698
0.45990798659003257,0.41192233306353077,1.1164919929677641
0.34614713545513637,0.33384456084493824,1.0368512057799029
0.4057341539851474,0.374477765199686,1.0834666078740196
0.417825059605319,0.37679158326491163,1.1089023167260026
0.27529354657229443,0.30571816788538964,0.9004814744130579
0.321634724127795,0.3208650056570121,1.0023988856909054
0.3406207491137564,0.32988417400027703,1.0325464995282567
0.3381866935170633,0.3319526236302769,1.0187799988402255
0.3125525360693425,0.3128271645458492,0.9991221079636566
0.41641307757898655,0.3615917924282952,1.1516109776235106
0.39762069894757496,0.35734165652679584,1.1127185753048603
0.26324926896327444,0.30507115470682866,0.8629110451830663
0.31908198707679236,0.3166588010640469,1.0076523564309692
0.40013572545265175,0.35901137299476804,1.1145488849415448
0.3195535766769609,0.3257806467894876,0.9808856966370059
0.3047171058547249,0.31597240574248125,0.9643788518136313
0.4494427966805532,0.398651945357368,1.1274065056365252
0.38456884392360235,0.3423597125488352,1.1232888386911073
0.2515920069320002,0.30372110613991105,0.8283652398398113
0.3936810883591081,0.3578465057502981,1.1001395347809126
0.30774017953001415,0.3176026246873428,0.9689472177157304
0.3797739228012813,0.3452814019643482,1.099896839623278
0.3564705126643859,0.33878257163208647,1.0522103039335455
0.33916331354876406,0.3406725834196176,0.9955697348588967
0.3475756779548561,0.3300720621033005,1.0530296800644632
0.4683364731507515,0.4103894783773117,1.141200001039411
0.422082775835115,0.37670641758613543,1.120455495660899
0.32886218268149603,0.32655983868037236,1.0070502974598083
0.2604461505521112,0.30361924682682456,0.8578051400696016
0.3149196101675312,0.3180035529116191,0.9903021751931653
0.4021313937211145,0.3610662761492279,1.1137329080130276
0.2920716030434346,0.3124094077415774,0.9349001528309735
0.3636017444170261,0.3458986074141285,1.0511801337832576
0.43651648696680184,0.39174605657931494,1.1142843166780478
0.4087287425535638,0.38023182902810987,1.0749461548190045
0.2696127793051437,0.3021542210408626,0.8923018794057553
0.37746265440467336,0.341910354474803,1.1039813491009391
0.3441621976819047,0.33341411741479177,1.0322364282306065
0.4037710532114726,0.3569057806660624,1.1313099285137653
0.35382185044539155,0.3361160583718057,1.0526776142721512
0.35018346788838306,0.3345573817284902,1.0467067445326141
0.32811678605281736,0.3203020375259052,1.0243980606157714
0.40972973613241576,0.36087498756777286,1.1353785943822663
0.4133093792889285,0.36109351773708,1.1446048156141868
0.5154054723731909,0.4369292849118273,1.1796084404761291
0.4093254450648192,0.3662636284717172,1.11757055095201
0.4401551965550583,0.38911783703327285,1.1311617064663662
0.25491241479639615,0.32561153803153847,0.782872794795452
0.3694488149212314,0.36070999076597643,1.02422673166523
0.3237932126776109,0.32908313870495215,0.9839252595919719
0.27133021677144453,0.30645062476442597,0.8853961938567457
0.4102185375371248,0.381715939831861,1.0746696554454045
0.35814601013196323,0.3423222775695066,1.0462246648824767
0.3422744623867543,0.32482590799449834,1.0537166339347275
0.33375796074865915,0.32830268461116835,1.016616605325515
0.4301066265640554,0.37340739504894455,1.1518428190413288
0.28382691789134307,0.30742811584062,0.9232301903007709
0.31112944541890325,0.3212372967250074,0.9685346271770028
0.35361682135831024,0.3264629724697399,1.083175891842029
0.32438258803042697,0.31802694799779263,1.0199845958735498
0.2597642356413357,0.30191345461982294,0.8603930420008522
0.3413549479007578,0.33032196457456425,1.0334006954106227
0.3911159323700079,0.34448086923266436,1.1353778026664405
0.3258372917368666,0.3305389335799691,0.9857758304228176
0.30541934100466683,0.32496486872107566,0.9398534130986781
0.3173247773480434,0.3272175879455326,0.9697668739030741
0.49359958499308365,0.4284836638629997,1.1519682700223168
0.43235027795262043,0.37059673113259933,1.1666327348093248
0.3284420102777984,0.31713543560961754,1.035652195871605
0.4376839184730949,0.3839860381280594,1.1398433146340785
0.28468191428393663,0.3139797492199509,0.9066887752831142
0.38531822741440536,0.34295220713432056,1.123533306970355
0.3884298954905431,0.3501323889587189,1.109380073765011
0.4082430772952898,0.3756344043501813,1.0868096014834396
0.2948123654957469,0.31246826111204784,0.9434953951692082
0.2718574209029279,0.3179015397913532,0.8551623281892714
0.34899238374804026,0.3327221386098294,1.0489003984110907
0.34826992053780154,0.33621004975353264,1.0358700484804357
0.38909400315690407,0.375567402222978,1.0360164403349765
0.24894611626995966,0.30536468048837506,0.8152420111972865
0.3595562426484294,0.331582015616963,1.0843659357683069
0.3160241634084815,0.31574067509531734,1.000897851735696
0.32052287819611697,0.33222443417526343,0.9647781596552487
0.3850450675708125,0.35305355322671095,1.0906137724764902
0.33934736165540885,0.32193720402217235,1.0540793590045512
0.35172818379735876,0.3462711128968384,1.0157595326242133
0.2896430965115761,0.3134865104905697,0.9239411803025226
0.3556407416429868,0.34938042891300575,1.017918326877834
0.3935855460643817,0.35621269474528816,1.1049172358829524
0.298024598197713,0.3180801440364286,0.9369481364532496
0.3533609845729013,0.3412138892474065,1.0355996508591339
0.3116664350696344,0.3124346334068578,0.997541251016743
0.49678917464156375,0.43805859268134817,1.1340701516679008
0.40648851484135773,0.377383497936531,1.0771231838805038
0.27599288485223844,0.3104159988596812,0.8891065082537734
0.38191001074126724,0.35848033104419674,1.0653583409411154
0.24345389780109783,0.31337848884584835,0.776868567774776
0.2410312828929179,0.32519961609470277,0.7411794816594314
0.43556273428658443,0.37711903843778055,1.1549741325468676
0.37867258734994313,0.3576774739382346,1.058698450256149
0.36803573561320263,0.3567084754085113,1.0317549511312258
0.43520802544245707,0.3798948339345686,1.1456013258590807
0.3258200618506357,0.32538668600307885,1.0013318794720223
0.4142948830897129,0.38183175654441526,1.0850194516011176
0.31350699491346906,0.3174334423640724,0.9876306433835034
0.3490154302912442,0.33472219450200597,1.0427017868071267
0.2788675505061195,0.3067583846706918,0.9090788204713186
0.34660672089684064,0.3234056912268296,1.0717397074306225
0.29709224720024835,0.3143385137053789,0.9451347329290517
0.4132188222957407,0.3709132244778624,1.1140579386928904
0.36888867601167646,0.3368863244742397,1.0949945106480088
0.3086138800572684,0.31964763703496485,0.9654814999414825
0.41483020123589937,0.3641460248454517,1.1391864058160697
0.43341823973068894,0.3818979875099962,1.1349057965887923
0.309257913217999,0.3174928803612908,0.9740625139879646
0.3700397698811236,0.3507461403086227,1.055007389548248
0.3547868243178533,0.3405376631426939,1.0418431284330176
0.277021305878762,0.30588239705151266,0.9056464463108995
0.3561345611807963,0.33856125683419747,1.0519058338538865
0.3720140707158584,0.346145655393686,1.0747327459382703
0.5168451921391536,0.4440307783333168,1.1639850599527086
0.3404225760914133,0.33069328884329985,1.02942087903309
0.39084890553105167,0.3474984085337432,1.1247502029727972
0.4056119361859527,0.36089849812821334,1.123894774540886
0.4118265581337823,0.3777156148794634,1.0903085334854485
0.3988371342076974,0.36880825525005007,1.081421385042718
0.271710859940727,0.30931092050207487,0.8784392723660863
0.255401811714052,0.3100886552629652,0.82364126316541
0.26062136202269515,0.3221846240788444,0.8089193044759218
0.37093305692669776,0.35782936644503244,1.0366199415432222
0.39626067719441577,0.3633838256275101,1.0904741742705037
0.3494949419511531,0.33042516939209576,1.0577128328151915
0.3934354796341449,0.36312223361759377,1.0834794546028106
0.30673655608701833,0.3140154399425279,0.9768199810275515
0.44590832239699374,0.3961896740835411,1.1254920346636013
0.4025119202656571,0.3617984267812417,1.1125308748482547
0.35154099076482664,0.34886101969940103,1.0076820593706193
0.3859171785858323,0.35925293337828385,1.07422137087875
0.5232842720688912,0.4763588462847646,1.0985085637647103
0.3973868114844121,0.36057926938398244,1.1020789191883162
0.46785216463519513,0.42708042897054604,1.0954661766237501
0.2995416127952391,0.31879970469371877,0.9395918766079738
0.2778089265890542,0.3125382825322884,0.8888796736775877
0.31997660309073683,0.32341184058323197,0.9893781331991428
0.3276970617944911,0.3369231283356294,0.972616701659176
0.32735268875777224,0.3180560339297111,1.02922961313828
0.29450636456313245,0.30940256991285703,0.9518549398153995
0.35049178891059946,0.3304855957105917,1.060535749393227
0.2482967633495604,0.31020835133289854,0.8004193384307117
0.40256694020367156,0.3634388574320312,1.1076607026780507
0.43724716788016804,0.3774239734893816,1.1585039599835316
0.25843117201211907,0.3129348401845713,0.8258306165580491
0.3182009118925602,0.3200703991743992,0.9941591372189955
0.3784508962658404,0.34819569670012934,1.0868913655523067
0.3405821130455445,0.332779116857589,1.0234479743249476
0.283992128757588,0.3096417535398064,0.9171635462950543
0.2823151427029063,0.31037620042667535,0.9095901757763856
0.30346820507037964,0.3160932008895875,0.960059261687132
0.41785229841275034,0.36187060624078227,1.1547008549644922
0.40543281380219454,0.37042460083714807,1.0945083368813222
0.465576461825922,0.41648252887983334,1.1178775327698167
0.44905234316829457,0.40666875002600134,1.104221416422047
0.2732446116502708,0.3122781640267965,0.8750039007748994
0.35479841097061454,0.33822682756931527,1.0489954730096125
0.36199251499588925,0.340908296120254,1.0618471862245262
0.2970273075536495,0.31267896073256224,0.9499433759718173
0.4007173415277369,0.35290484940926137,1.1354826724498412
0.3648576700135487,0.34309132346035204,1.0634418449690466
0.37953045488969733,0.34258419180335115,1.10784579081674
0.4219936541195273,0.3705129883503744,1.1389442944992534
0.4491473497198683,0.3831674085056045,1.1721961204153373
0.25467149219688934,0.3068571320926446,0.8299350595507761
0.36820564225525987,0.33336629649873784,1.10450770255551
0.30785887868235084,0.31057359374231214,0.9912590280865483
0.3072095597295802,0.309358769651942,0.9930526943691306
0.44957019793669767,0.38130959402522363,1.1790162245615006
0.35700670839866333,0.3360875596417268,1.0622431510979953
0.403373747253458,0.36035390304409165,1.1193822068970418
0.48251191733941057,0.4236088566102749,1.1390505883197979
0.42133173210481145,0.36843814604433706,1.1435616442769454
0.34261818292591206,0.3297890090454739,1.03890115658363
0.38280619155931456,0.351038021504061,1.0904978039676139
0.38946684754366956,0.3491131774341076,1.115589077462361
0.37476217708329496,0.35237730574064596,1.0635252922874794
0.35518745311354843,0.3407005136447064,1.0425210379458056
0.5021104871228198,0.4227276928298781,1.187787068695517
0.3389749144938838,0.3281978830229849,1.0328369926449041
0.28517501488904917,0.3104715650261577,0.9185221676098511
0.46489074793570895,0.4025115294496746,1.154974985614253
0.44156520727285675,0.3909373757206741,1.1295036870262218
0.3162558397939095,0.3217819271897682,0.9828266073109825
0.2952993872051196,0.319134418322807,0.9253135050648844
0.3855795402424378,0.3417676159696348,1.1281921464340716
0.36321122747288265,0.34482976952116284,1.0533058905478045
0.39838893542312986,0.37179214833149005,1.0715367099897066
0.28823019255921406,0.32994664688877773,0.8735660606860904
0.28281725472113317,0.3078846217735552,0.9185819450545383
0.40500723969229707,0.35426853069462527,1.1432210444946573
0.44575272766565566,0.3808967311859185,1.1702718641816867
0.3088852110634827,0.3137681922563621,0.9844376156876673
0.34566362131284567,0.32559188234661024,1.061646926887655
0.6103710000717033,0.5301382443298273,1.1513430819225314
0.34350769175071644,0.3257275966210156,1.0545857806159054
0.25681612258009207,0.3036070678510711,0.845883214767808
0.36634225406121546,0.34136317269180844,1.0731745055344877
0.44606795044689374,0.39397178104896796,1.1322332509684254
0.3334550199883795,0.3225805955913842,1.033710720810901
0.3851202861792764,0.3446023907508113,1.11757868347978
0.22700523098922898,0.3203690602142794,0.7085741389552291
0.3478522230750848,0.3289771866182517,1.0573749099469802
0.37716312933695534,0.35186804220101753,1.0718879923783675
0.24731024219542067,0.3104208168447767,0.7966934843776475
0.3201679922882851,0.3150430190842559,1.0162675345701233
0.41153886189513117,0.37557296842673527,1.0957627318575562
0.3831986668704763,0.347383295113235,1.1031004434037819
0.3731573824854794,0.35626174581388237,1.0474247849232279
0.39447462582079434,0.3652284994362325,1.0800762438574927
0.24537888527318458,0.3105501236175369,0.790142610200294
0.3361398311671303,0.3223287581273895,1.0428477841070651
0.3848215405116161,0.35732884041417196,1.076939493788349
0.3956356655201555,0.3652592938835834,1.0831638568689061
0.27544267115756654,0.303196282699927,0.9084632196172795
0.350164034929663,0.3370436589124547,1.0389278233554196
0.34485375038979443,0.3528475674650634,0.9773448428943456
0.32946345159696105,0.339646395925208,0.9700189831235857
0.4016832634255997,0.3627563801608431,1.1073086109402037
0.3892800185443732,0.35491779016986913,1.0968174301943494
0.33108238816417823,0.32536243741254567,1.0175802431193983
0.35908179629754905,0.3311770846837046,1.084259186110341
0.43600091210786207,0.3759180425825578,1.1598297041358665
0.37740198897402377,0.34592123059964436,1.0910055688684053
0.4144097113740582,0.3646168786691095,1.1365620617638377
0.32046090086686974,0.32005049530364804,1.0012823150385453
0.26234181816805824,0.31158432000211045,0.8419609117887618
0.40590845532522196,0.3739038157982682,1.0855959157801727
0.2887807206259674,0.3143870776277587,0.9185514964705076
0.31626649356315345,0.3246675143710703,0.9741242334509788
0.35913470419719323,0.34137919170351433,1.0520111152793972
0.2539704821674842,0.30682122226303116,0.8277474429384837
0.42466332028192,0.36962391553994395,1.1489065031454333
0.4062376464713474,0.35430770522271005,1.1465673494625113
0.3432342747206303,0.3272924675570181,1.048708139489446
0.4562421862758141,0.39710428217646515,1.1489228566743817
0.38449094747344015,0.3493061793698867,1.1007275856585852
0.4041606460606706,0.36815176985374315,1.0978098685257789
0.25812892848769814,0.3250520305067422,0.794115723828232
0.35095328783941976,0.34039767054975606,1.0310096637048543
0.28758783447884834,0.3095936601752472,0.928920296094105
0.41812383297017874,0.3681855837063401,1.1356333639170098
0.36379417776100803,0.3313724053331798,1.0978408941300637
0.2627376580759774,0.3047574692597218,0.8621204878560856
0.30852508299815795,0.3171670623861608,0.9727525950425426
0.3117878649295413,0.31579219734797326,0.9873197233748636
0.457868795704618,0.39948717947461365,1.1461414013505642
0.34759951294716074,0.34673354581629434,1.0024975002889545
0.30737671904650815,0.3160135414526913,0.972669454712351
0.35965718952410164,0.3366160630805066,1.0684492778886918
0.33107495693578476,0.3181711007334757,1.0405563427117106
0.3309028816682186,0.32716210990593764,1.011434000604032
0.28580903657980516,0.31255297459709225,0.9144339033990564
0.47301734709342125,0.4024535549493585,1.1753340013431908
0.2600026238522825,0.30389720502205464,0.8555610895908484
0.41671678326419886,0.3809601628141878,1.0938592113828218
0.32104978483889896,0.318344641438597,1.0084975308146462
0.2774444707281075,0.3091873745580762,0.8973344112923788
0.48825684837881966,0.4348891826911867,1.1227155510224065
0.3841712589062032,0.34542881141592074,1.1121575450857044
0.35243589413974147,0.3434516217334068,1.0261587712440863
0.2665333674126409,0.30730581501928905,0.8673228894022427
0.47160182755515456,0.4257567448312178,1.1076790521360058
0.3437176529582593,0.3302506448446389,1.0407781432794954
0.293175931465454,0.3172533342926677,0.9241066988912962
0.31779072826616417,0.32000306726649086,0.993086506891247
0.33429760892260896,0.332354806765621,1.0058455665976211
0.2443185859960863,0.3141200670691642,0.7777872591065355
0.29894518313296325,0.3200729435827242,0.9339907953066318
0.39333224352527774,0.34818439646045996,1.1296664857006158
0.29369242075056123,0.3112644116845625,0.9435464181757829
0.3292381783040796,0.33193661193840857,0.9918706357259871
0.2725490066564426,0.3202757234215216,0.8509824089843211
0.4179091380014321,0.3776532073368386,1.1065949656524119
0.3957468582259119,0.3723799914460196,1.0627500599297897
0.24425770933475754,0.3108450014262237,0.7857861899469211
0.30072154986458344,0.31767615385671505,0.9466292833557195
0.41528420854671005,0.36564582862824074,1.1357553567743217
0.3923758248283435,0.34728986015016894,1.1298222892504817
0.2913734920514592,0.30747457854441745,0.9476344139760083
0.3755709860722383,0.3497549816544188,1.0738116846705201
0.3125375997793886,0.3196985402630704,0.9776009597110163
0.4337714991498929,0.3729173785498127,1.1631839224997436
0.31637268031979604,0.3149476159189469,1.0045247664335897
0.3841973977163764,0.35388738085597227,1.0856487642681443
0.45153133135682916,0.38825568411923594,1.1629741683785906
0.3655470204980428,0.3480890499244459,1.0501537482359362
0.3066007767326318,0.31025999410186267,0.9882059645497527
0.3283213942641572,0.31847336382001723,1.0309226188526883
0.3225822394077068,0.31487938675018223,1.0244628673125429
0.43211214200592307,0.3745122571028181,1.1537997323470552
0.4055046103379508,0.3566672667063951,1.136926901317687
0.33148558018349855,0.32847336049892706,1.0091703621870467
0.3490366042207767,0.34082787764702427,1.0240846688669456
0.26802952165607413,0.30311168401662103,0.884259947041094
0.3290610884751698,0.32695737047215545,1.0064342271898516
0.37753908416737525,0.3489888751727232,1.0818083641792933
0.26573241667370906,0.3187420907066417,0.8336910135859001
0.29273256469910924,0.3103370488286647,0.9432730181716886
0.3970630065485743,0.35910277362890386,1.1057085483803544
0.4150992367019807,0.36392394863816385,1.140620830960203
0.4116288919022783,0.35933452351839956,1.1455311554031657
0.3626490414052983,0.33593231218225755,1.079530096552742
0.26499056359748313,0.3125170410144578,0.8479235651831991
0.31778798356411053,0.3324946775453187,0.9557686333814963
0.3785160821718715,0.3629528185712169,1.0428795777421433
0.34502294798372174,0.336487131261601,1.0253674388382021
0.32692729842010526,0.3157029786256242,1.035553417466458
0.28553133927584157,0.30798896962811323,0.9270830043706159
0.3705470431663263,0.34028810391660314,1.088921531200923
0.3794012787338542,0.3555353528070846,1.0671267308253292
0.2623975881043431,0.3093332257639131,0.8482683599743926
0.3023824716546505,0.3131940644142315,0.9654795732486119
0.3451853190976473,0.33366208760640975,1.0345356332626872
0.3138089271696501,0.31285955783194586,1.0030344904412802
0.27445176070284594,0.30676631470323,0.8946606832251265
0.37282270305185583,0.33970981836314423,1.0974740290058806
0.3829293789248704,0.36032865050687807,1.062722540620069
0.31570521639109017,0.32846882791205384,0.9611420919236175
0.3225606246635183,0.32220466037646117,1.0011047769657995
0.4419651109840421,0.3821575523061065,1.1564997428862274
0.32093523468478313,0.3362250233058067,0.9545251317980664
0.3720114442061952,0.34541752764398354,1.0769906401206761
0.3824197956233102,0.3477038822998625,1.0998433295993757
0.39733634508252236,0.3599981413743795,1.1037177680017882
0.41188833405650643,0.3681443693970615,1.1188228540099303
0.35348020534066854,0.335210459208593,1.0545023152774202
0.2790849612864134,0.30730709205295825,0.9081630997254
0.32709887572766727,0.3229053006360207,1.01298701223977
0.3606949630343027,0.33704263084772423,1.0701760846308626
0.2633786432913474,0.3048704304366158,0.8639035373622607
0.4162572937177725,0.3749166266914955,1.1102662941120898
0.4413403407677363,0.3905596105085037,1.1300204345070828
0.27164450319278405,0.30383169588891457,0.8940624262325197
0.35650149052435176,0.34625888055715487,1.0295807863489763
0.38637288739174425,0.34842402628615526,1.1089157412882376
0.4951398178528144,0.4148147882036041,1.1936407088982186
0.2675687833323733,0.3038381215722988,0.8806294020900364
0.3371001771761502,0.32655349868969413,1.0322969391807926
0.2799173546362367,0.30633098524691926,0.9137742119381369
0.32623104606047604,0.32405569947126833,1.0067128786586905
0.3551463753189226,0.33736040075509616,1.0527209907387383
0.40402075973611,0.3552069075895211,1.137423713063031
0.3585284279258412,0.3396892487323293,1.0554600396209681
0.251159352974422,0.3055485924802758,0.8219947960998549
0.41231631716452943,0.38057206654550463,1.083411930116603
0.38646303774786456,0.37645035265042676,1.0265976244329238
0.2510666908712648,0.3230050127121142,0.7772841937132224
0.2919416001763082,0.31648716035046465,0.9224437410131403
0.3090395793169079,0.3132563871869412,0.986538796836992
0.2846813040903676,0.3084733584631175,0.922871607158274
0.29084687708368784,0.3074391467706228,0.946030719050511
0.45017568560228954,0.4141113386439813,1.0870885281151728
0.2715983737100643,0.31151900918495856,0.8718516870628844
0.3952794825185053,0.3506055494121467,1.1274193554017113
0.28823133040875065,0.3222895595549778,0.8943241314014166
0.3311017066411227,0.32145604929892685,1.0300061466045898
0.24891207245828129,0.30657263177411936,0.8119187646263154
0.3366311894639054,0.33251710704056003,1.0123725436563586
0.36622805374982376,0.3521240861645517,1.0400539700049973
0.4146813861601387,0.3863176221244229,1.0734208392558924
0.4002181918600004,0.3592580615658008,1.11401311390391
0.47588991835548194,0.41002651138187945,1.1606320692572496
0.3106399204611056,0.31321527278043043,0.9917776923951911
0.27703546830251286,0.3090412174721939,0.8964353382002815
0.2681268665915135,0.30267923479396985,0.8858449334128398
0.2647117445427274,0.30651447099880796,0.8636190770378239
0.31924065191904827,0.32427335963772985,0.9844800457111124
0.34934017716289917,0.32559632973553926,1.0729241863587513
0.40660680422759415,0.3817244077703371,1.0651841903497756
0.29302993192175464,0.30890683481628983,0.94860294074109
0.32457963627247816,0.32933856909451314,0.9855500288498876
0.32053237099077,0.3222610707204048,0.9946357165456866
0.3584058575644213,0.3408258351565067,1.051580662598074
0.31449029246002136,0.31860622806381655,0.9870814339418036
0.31713084863685936,0.3404199226508207,0.9315872178319902
0.503473704159375,0.4293455176964989,1.1726539195298569
0.26896072648069075,0.3037867025138525,0.8853604330111399
0.2705501498132966,0.3071901651823329,0.8807252981315709
0.22376378162352387,0.31913644493404486,0.7011539583633846
0.26191058951391,0.30925328944004665,0.8469128654642338
0.3527638017396665,0.32768925152688816,1.0765192941054427
0.3861578211501986,0.3496842292841835,1.1043043660867344
0.3661373064937385,0.34025905391317046,1.0760545598506597
0.2515079268025875,0.30270261000774923,0.8308746554783549
0.3817803598808551,0.362014152414388,1.0546006484405097
0.3901862565177811,0.36248382807505314,1.0764239016947044
0.37847240069503135,0.34246626243776296,1.1051377674430394
0.24336064771407187,0.31655568132173173,0.7687767494740744
0.30348407963673757,0.3208094642273416,0.9459947834384138
0.37268619658848856,0.3390054557251859,1.0993516189621617
0.27417771282929426,0.31070991280837024,0.882423448776135
0.39104321412656384,0.35492155598179714,1.1017736385293524
0.4105860288937038,0.36085798606360786,1.1378050223373204
0.4219165550031137,0.3682859972170586,1.145622038826653
0.35808077016305095,0.33784694555273465,1.0598905062681943
0.3651802577976994,0.3422795555731939,1.0669064273679891
0.2565761323745484,0.3060566861183153,0.838328793363989
0.42282673134061977,0.3642609541508898,1.1607797281656214
0.3224928302954187,0.32190089017632384,1.0018388893512242
0.34718052593883997,0.32640196060863597,1.063659437864462
0.3730070253144884,0.33664118962462597,1.1080255084958928
0.3004023312124779,0.3160520765702747,0.950483649632604
0.2991721531238126,0.3099321499240235,0.965282734292494
0.29889198568327097,0.31021081741588735,0.9635124531539412
0.28367965845620363,0.3352639934128723,0.8461381598675186
0.2791890192804562,0.30787575178335347,0.9068236704685869
0.36784549224683605,0.3496879523284843,1.051924979964123
0.34832661973936274,0.3312917408127557,1.0514195702096754
0.2604504928363178,0.30540641862812135,0.8527996693922003
0.35827649439436604,0.3415689647069299,1.0489140742097907
0.35637148671034424,0.32933987311057067,1.082078168502537
0.2958428288560619,0.31321563803179087,0.944534030021944
0.27534827776984494,0.3151680903574872,0.8736553166201703
0.3950725987167014,0.36670695476442305,1.0773523479272455
0.3065427364243889,0.3112495810439431,0.9848775872925923
0.3183057383085835,0.33410325816282194,0.9527166543029051
0.28929010330500055,0.308454555930015,0.9378694454123653
0.2762091700911748,0.3132761948056576,0.8816794083652685
0.325491837198212,0.32810780440647336,0.9920271106839611
0.3700722458318742,0.34669013598985443,1.0674438278298868
0.2798305156694286,0.3181975296639823,0.8794239099371093
0.41612968887631363,0.36363707741807605,1.1443543981569473
0.30151756890107373,0.3181335724268184,0.9477703550776084
0.27378708564205334,0.30387112783013615,0.9009973655512946
0.2808037913905033,0.3142255407741652,0.8936377058932896
0.24268265112487455,0.3069522081806547,0.7906203137070943
0.34468669450639017,0.32804458988808366,1.050731227190743
0.2875004063281074,0.30622635654051905,0.9388493190985869
0.2769025687837136,0.3082778553063929,0.8982240015537417
0.33137315964723,0.3240657565775852,1.0225491367764905
0.4028088237838992,0.35945512636647753,1.120609484292682
0.2605504349131573,0.3019006461058032,0.8630337108382524
0.32315132947231406,0.33810199686033543,0.9557806001536358
0.42495769237782066,0.3791421309726898,1.1208400693628824
0.3970369586937229,0.3693447179782831,1.0749766799618021
0.2925932776557987,0.3141475428755755,0.9313880827381997
0.3740147538848559,0.33629136975107426,1.1121747018417534
0.307885439565707,0.31679171111094884,0.9718860335265445
0.35886511951855926,0.34875831599662344,1.0289793907653622
0.3488645056212441,0.34855633397016367,1.000884137285845
0.35458745192560853,0.3402653688199039,1.042090922021762
0.32803035782790024,0.3249313112990155,1.0095375435395726
0.41872785067150553,0.3816163278586037,1.0972482572251268
0.38764743073966323,0.343536238132384,1.128403317353323
0.47705737818599353,0.41122023087618875,1.1601019170908136
0.34266915436837514,0.3297282265906278,1.0392472549637495
0.4071506060398363,0.3670148552387406,1.109357292295397
0.38145422660986766,0.3799063183705738,1.0040744472109147
0.30784134033272176,0.31327375281189374,0.9826592160038575
0.40989806706931764,0.3697902462241148,1.1084610025676422
0.3513715938338808,0.3444794260954707,1.020007487287499
0.28693925414931354,0.3142316297252687,0.9131456766468202
0.3789805978089581,0.3458483864779295,1.0957998146772994
0.2655299387162878,0.3120739305531301,0.8508558797130341
0.28496305832367874,0.31356521575114416,0.9087840232566962
0.2971408607507862,0.31144644455163895,0.9540672752856525
0.27024281291799895,0.3092932077978187,0.8737431217521384
0.38171898732360465,0.3559145020682171,1.0725019214037017
0.30295667837804685,0.3123470054832373,0.9699362345713464
0.28430601936493793,0.30709300395733474,0.9257977736426628
0.4713682469532441,0.41109278106557284,1.1466225355050854
0.28315572711317183,0.3070333169246926,0.9222312742777119
0.4502509104809004,0.38733114620277254,1.1624443706501946
0.34071374056774384,0.32667309297213254,1.0429807287397528
0.27359880156654887,0.30495322610292797,0.8971828403422224
0.286677256938442,0.30730513781941116,0.9328749235130224
0.2783385429169671,0.31355367544972923,0.8876902575539797
0.3176567014995299,0.3274150919920953,0.9701956607033833
0.3103273853134568,0.31761395232377504,0.977058416492704
0.33948865836565645,0.3315241301434088,1.0240239774365818
0.43016467715956846,0.3826588104266824,1.124146799808202
0.3000423824114397,0.31047374614307605,0.9664017848168417
0.41720987288897654,0.3698379068296111,1.1280884549273373
0.4152849101685594,0.3748615333363485,1.107835489206999
0.3965099763878292,0.3537194540474499,1.1209730532226794
0.31718681390361847,0.3247303810892758,0.9767697523085053
0.2519687901599448,0.3224899898221145,0.7813228258617602
0.36010371721957574,0.37387689527608503,0.9631611949533853
0.35060177753329996,0.3342972967398579,1.0487723979596815
0.29044002585406187,0.333665743865734,0.8704520352887469
0.3581872411364926,0.3290768269965608,1.0884608448599025
0.2579305436092608,0.3021326155157278,0.8536997674646417
0.39482853264028744,0.35040300214707987,1.126784103506511
0.445419570295934,0.3792158533778091,1.1745805623062038
0.44688299037761825,0.391036048849266,1.1428178851865387
0.34026799114451445,0.3330008947511287,1.0218230536552069
0.3307559049637633,0.3262952903525669,1.013670484199685
0.38993098102651613,0.35528503637157854,1.0975159128815737
0.38268376796510956,0.3634176215313564,1.0530137926514684
0.4400396179191743,0.4014206462926942,1.0962057432350434
0.30338658269783825,0.31617254082566726,0.9595601879453567
0.4076000445963905,0.3593728356771393,1.1341982591098747
0.3658008004455946,0.34878528070334064,1.0487850855057341
0.42944509918729373,0.38522032787301885,1.1148038359202395
0.37625593208559394,0.33706614326044465,1.116267354668333
0.40138948576892136,0.35566015704874626,1.1285759110596902
0.34685117817540384,0.33756555890744994,1.0275076026654122
0.35730256554318235,0.36343431087819644,0.9831283256657924
0.40210093981756956,0.35314994650161996,1.1386124896828351
0.3790318593832668,0.35007231528950317,1.0827244624294687
0.3260078127654402,0.326467183829058,0.9985929027897079
0.28563527863089455,0.3092155666053034,0.9237415883253128
0.31848175809745205,0.31703287595770324,1.0045701321522948
0.24724156961072818,0.31153440827968165,0.7936252402295344
0.4500581189029024,0.38114143141413653,1.1808165730843445
0.40036012087472933,0.3508336394955611,1.1411679947520963
0.3263550699937793,0.3371350232038816,0.9680248195288118
0.322018661001192,0.31976632230693686,1.007043702032177
0.36553010556231974,0.33322498367194525,1.0969468781553857
0.4412030487756907,0.3851406151115047,1.1455635460517581
0.28083105595318775,0.31416133490929515,0.8939071258857155
0.2747419150627001,0.31209362767746035,0.8803188873392759
0.38801663309130235,0.3458856686663873,1.12180604240516
0.413486190540976,0.369080885173159,1.1203132081656944
0.32985651147795175,0.3210606499903084,1.0273962613852206
0.2457493740979824,0.314074994751609,0.7824544398777656
0.3630345280139007,0.3417671350898852,1.0622277297623193
0.3759435914575571,0.34748799444935063,1.0818894392403364
0.30414542485881707,0.3119704085335129,0.9749175451880873
0.3654915084796212,0.34668086361222294,1.0542592535146063
0.41572418030125086,0.3683718337498107,1.1285449706331259
0.3147281600626366,0.31304585805633917,1.0053739794442342
0.37968925827072936,0.3642951842837093,1.042257143797518
0.2622202325647066,0.33579292296699503,0.7808986271889957
0.33850943993444593,0.33652723080462504,1.005890189406312
0.3474736943330972,0.33041168569210044,1.0516386356168295
0.3703048513862797,0.3360153216804186,1.1020475183523732
0.3744608749605083,0.3381038459200438,1.1075321368839512
0.3206146741482934,0.3282905907365639,0.9766185300314317
0.35817836220301874,0.3593143307644023,0.9968385102843883
0.49597698171189614,0.42377416135640034,1.1703804217897376
0.2601468583128551,0.31228151920756203,0.8330523656122765
0.3265600867994166,0.31758433594593066,1.0282625741812847
0.27267494737305675,0.30820287123612067,0.8847255260128799
0.2936777397724545,0.31692446594643553,0.9266490010338613
0.37678798637079897,0.3447409308631852,1.0929598218214827
0.34301867773243405,0.33474097385718543,1.0247286843312473
0.30659464082578264,0.31366071462584527,0.9774722384073775
0.4047615220275087,0.37064632445069495,1.0920424548317675
0.38577797020431887,0.3486746455241473,1.1064124540067883
0.27432222368876996,0.31157325181067114,0.8804421499425216
0.44139868770407353,0.38615276567894513,1.1430675290593695
0.264902278499082,0.30301363789569685,0.874225597034898
0.2324791863597436,0.32012553565128987,0.7262125649763262
0.4328503475884067,0.37435897937360735,1.1562440636863298
0.3739483659849831,0.33796696394057546,1.1064642579998862
0.4246693193789124,0.3928500702162324,1.0809959105904348
0.3156207671338342,0.3139207807419588,1.005415335639321
0.26258445943380637,0.30671037082806235,0.8561316616874609
0.4419676540039906,0.3851370001515506,1.147559579656271
0.33745559451337126,0.3435921630725505,0.9821399635419406
0.4053841338369601,0.37216689370532996,1.0892536136165043
0.4050066789489548,0.37350515788801997,1.084340257144131
0.28760167392384445,0.3062578979695455,0.939083288400431
0.427034683382618,0.3765848290262041,1.1339667731354717
0.3846465035664837,0.35046933885678205,1.097518273128218
0.2503768265762669,0.3146256180864232,0.7957928794834881
0.44519526332248477,0.38481961145501925,1.156893386070379
0.27531670126045227,0.31697459470607803,0.8685765542684769
0.4724554589728792,0.40972758814791044,1.1530965271548281
0.3096819966484456,0.32750323891974986,0.9455845312245259
0.28280648655716245,0.3282410953596684,0.8615815952212772
0.39268303301446805,0.35789361977095363,1.0972060168766884
0.31372801491463775,0.31737503367288633,0.9885088038714239
0.35299419644956537,0.34874740804733984,1.0121772615487055
0.28277223159323817,0.30889854055935884,0.9154210669988576
0.3486499441497532,0.33436273611337247,1.042729665998236
0.3806491402992998,0.3443264389501061,1.10548914413876
0.3179457501890456,0.3209772439607253,0.9905554246329978
0.3806064106501775,0.37108386215770606,1.0256614460060363
0.3526721178599709,0.3258706920691037,1.0822455852678636
0.3833770841945501,0.35752869346036587,1.0722973881732647
0.36919561683705093,0.3354515669636388,1.1005929117542914
0.3647906352152815,0.3312710033424136,1.1011849257395485
0.30182023362552374,0.31995966763191924,0.9433071232363478
0.48370248363048757,0.4120598938426451,1.173864505763332
0.304957502306701,0.327811660874954,0.9302826552684137
0.3064914430300636,0.31536318762293447,0.9718681667960611
0.36311545144916957,0.34395798258185023,1.0556971195246516
0.3526158801555381,0.33422489988405246,1.0550257634241664
0.3938662003151152,0.3457490432604577,1.139167867540302
0.28334814267621755,0.3203841172363308,0.8844013402424885
0.27912599802168564,0.31903210238399127,0.8749150820117967
0.3160006312377777,0.32164902709583165,0.9824392571336115
0.27750551064608864,0.30500578147469953,0.9098368867119587
0.43511864617526774,0.37838999753784414,1.1499211105117808
0.441714837981592,0.38061708124061666,1.1605228975584279
0.3697858374098408,0.347536457205851,1.0640202768448292
0.39951703692307666,0.3730317190878392,1.0710001763388943
0.3328658568349388,0.32066493302460214,1.038048824657109
0.4366406720177324,0.3792316465880764,1.1513824754504574
0.2839700325675473,0.31113936556853417,0.9126779314750442
0.3764904144464463,0.34172099159150754,1.101747986546001
0.38831826054032575,0.35132249525244696,1.1053042881905273
0.38165704081547464,0.35118560490574574,1.0867673261206339
0.24734708677524322,0.32079580227105764,0.7710421552406922
0.32158505529362347,0.32320316220746315,0.9949935300670077
0.3736264503955925,0.342468812793096,1.09097948904714
0.34277174095665264,0.3283678554843065,1.0438650898124664
0.3117339439513905,0.3125730122867071,0.9973156085063832
0.3187292445962752,0.3239808389119436,0.9837904169477882
0.3658387141907867,0.3482278447421904,1.050572835327498
0.3790382561828182,0.3474659679368223,1.090864404457983
0.3024754417001233,0.31475291902423774,0.9609932852658659
0.259811815381249,0.310669132156367,0.8362974898017215
0.3643119996749427,0.3431164911539462,1.0617735056968938
0.35241188957748915,0.3414398823762628,1.032134521382992
0.2685394240977905,0.3096015984495944,0.8673709226391829
0.3781810670055953,0.3472361302088228,1.089117848359163
0.42432584542872354,0.3732249337692406,1.1369171966712113
0.345270991577415,0.32794793823336893,1.0528225712817834
0.3134663287504611,0.31719097086545056,0.9882574144376594
0.38433701342378696,0.3458903849685717,1.1111526371532663
0.28675758284248876,0.3114467837691347,0.9207273851800402
0.3784259172660403,0.3377324674372132,1.1204901919487273
0.37756220129159607,0.3433543544207501,1.0996284055536611
0.2451776837740624,0.3128648100478095,0.7836537568306141
0.2847053968600843,0.3078656795015489,0.9247714695611333
0.33678877726294154,0.3331573829138049,1.0108999365926588
0.4225254459628651,0.3669284568439942,1.151519970942207
0.41746182469342047,0.3644126621744562,1.145574421597809
0.4125874394837237,0.3635216799361807,1.1349734066924342
0.4454783683478131,0.3942105579612773,1.1300518450131714
0.40349025499135555,0.3575280769753723,1.1285554365542856
0.25747242169131457,0.31252729554998365,0.8238397904996303
0.35836158350972824,0.3349750860828953,1.0698156322618142
0.3793495096733659,0.3411995567205107,1.111811261771671
0.31512934725305636,0.32325443547245114,0.9748647278187549
0.35162624446879337,0.32835584850422556,1.070869442620171
0.34556472055445303,0.3437732267038305,1.005211266356603
0.36947539855940364,0.3571002854533235,1.0346544475324921
0.2840552621216486,0.31219559704063843,0.9098631268802718
0.3080212064574057,0.31777776694673726,0.9692975358752306
0.4027593436856419,0.35437081498057477,1.1365477253190832
0.3176003770028519,0.319194979005345,0.9950043011094282
0.3873684665183492,0.3467502228784678,1.1171397765881688
0.3076308168927815,0.31196089421008877,0.9861198073294687
0.30046686363966457,0.31270263373130774,0.9608709081032017
0.3536742924496616,0.33292822730669724,1.0623139266706059
0.43399048853445177,0.37866752137847987,1.1460990553258366
0.4142075203395138,0.36300752515661944,1.1410438947809804
0.4352798008542093,0.38218856412868063,1.1389137240319236
0.33556031343854986,0.326299817999432,1.028380326706569
0.394819668584959,0.3494846561976728,1.1297196073799707
0.24295917185388913,0.3072352898161041,0.7907918781052545
0.35378104073249433,0.3268868318067915,1.0822737605459702
0.3521715797970325,0.33434815365659387,1.0533079843436042
0.4116500973510846,0.3662687622414586,1.1239017349770846
0.37414082400346216,0.336747249515873,1.1110434444270838
0.4207577221986229,0.39639961391727896,1.061448365301453
0.42802092660770236,0.371655200668115,1.1516613405066312
0.3918337763806444,0.34430940921952563,1.1380280813958763
0.31022078385207996,0.3157797241599779,0.9823961455325051
0.4064102987504502,0.3560489250421184,1.1414450941043408
0.3041119544277553,0.31309556697771923,0.9713071231359746
0.3769478969345102,0.33967227995610827,1.1097399439931295
0.4510998065559377,0.397275379596195,1.1354839230521956
0.35913088372600166,0.3590984959594878,1.0000901918745924
0.3374238423410292,0.32282262973451414,1.0452298298248883
0.4257869575284143,0.37925747812127747,1.1226857269568664
0.3506204457029087,0.3348509910624654,1.047093946445873
0.25690986452627673,0.3159830521332646,0.8130495062688552
0.33639670290841367,0.3279632899334189,1.0257145029149661
0.2939820366474198,0.3082832580426369,0.95361012632986
0.33925138298879975,0.32525338941206,1.0430371950990058
0.29503266341082385,0.31934339074568596,0.9238727713196283
0.41051232761713885,0.36848704712039626,1.1140481892787173
0.35058453688058794,0.3379853549583789,1.0372773013308834
0.2649671300208223,0.30538234399349995,0.8676570051687799
0.41710319400237356,0.3623013649897966,1.1512603437586284
0.34816770499324307,0.33818872387765,1.0295071373201765
0.45643463823349967,0.3962511753064228,1.151882105789432
0.40998363436040336,0.3639550712408857,1.126467706474279
0.4316993216412045,0.391684079455886,1.1021620338536768
0.44791385345105283,0.3891291772009303,1.1510672539976834
0.2995159152271695,0.3206062674326914,0.9342172803594689
0.3255174572788079,0.31711988229137533,1.0264807584020124
0.35744448353768044,0.34527433615435726,1.0352477612986632
0.4023633380365802,0.3678715082804098,1.0937605358930895
0.3587309657740066,0.33410203691267853,1.0737167875087368
0.3398599581783145,0.33162857203484414,1.0248211005854029
0.3748224101611894,0.3435809169987976,1.0909290697378897
0.425667361711815,0.3776844410883861,1.1270450021323486
0.40291964710021905,0.3584544019137615,1.1240471450456764
0.3500753358532649,0.33318181351968484,1.050703614807541
0.3658845229510024,0.34046589418540935,1.074658370191261
0.28526227249525765,0.30604350234661803,0.9320971375245077
0.3507682626845248,0.352528291294534,0.9950074117355344
0.2920625248660204,0.32614359015824723,0.8955028817960505
0.30063962192630433,0.32150371123745897,0.935104670391364
0.35958258610565613,0.3440579599893883,1.0451221245302582
0.3892726895191909,0.35029802699631185,1.111261438886978
0.2643860798831272,0.30633944963038406,0.8630494054948652
0.3365502237477514,0.3305035835175038,1.0182952334915527
0.3048872754300039,0.30945186379230893,0.9852494397468919
0.3669293484024038,0.3460346082721023,1.0603833825600215
0.4265443714187195,0.39451669417199337,1.0811820582496399
0.30393620016670475,0.3193542619371235,0.9517211335245798
0.44383332226356487,0.3850256780128153,1.1527369409600579
0.41434796644410976,0.3802309280909906,1.0897271521925087
0.37768729427893055,0.34527228767697987,1.0938824451277034
0.2948220008223347,0.31614387257485527,0.9325564288851681
0.38903644495821793,0.349291004091746,1.1137889049556864
0.40918191775611845,0.36015196366482444,1.1361368506570848
0.38808534535472716,0.35143440619476585,1.104289558773734
0.36546772473761885,0.344391692300283,1.0611978538058322
0.3626855177089084,0.3476780594533675,1.043164812525519
0.38022183525619274,0.3413131881575239,1.1139969050381717
0.23454423998758003,0.3125717889933735,0.7503691895641688
0.36419032916569194,0.34400807480112294,1.0586679669546615
0.30499180853774743,0.3277028176129339,0.9306963265051582
0.28046531673847275,0.3096835685452904,0.9056512686673444
0.23106478663107852,0.31543572872047765,0.7325257274068526
0.3557295678082949,0.33558775087889325,1.0600195235870526
0.35919882734924086,0.3346848833599559,1.073244849732039
0.3628022672018926,0.3332317678154086,1.0887385364857063
0.29969728036535737,0.32221634043207437,0.9301119861378843
0.33312707330681135,0.32881714691740166,1.0131073650806062
0.2846548246337208,0.3094267732592351,0.9199424524109924
0.3389105998007833,0.3333460905910405,1.016692888762777
0.36317708156892037,0.3366791627967681,1.0787037681573046
0.38767632978611477,0.36797262796714925,1.0535466508142681
0.3220007715741667,0.3236277269464227,0.9949727565446659
0.3757246744092913,0.34056346425501066,1.1032442227212966
0.3556954675937158,0.3390630537233108,1.0490540437472073
0.3216678826026035,0.3138037075091139,1.0250608100073553
0.5718850619429651,0.4842752932800352,1.180909019887308
0.3068571737887225,0.3262892446945948,0.940445260694815
0.30973355186514273,0.31578210490565395,0.9808458017520709
0.38405395064521164,0.3506712852970337,1.095196461038723
0.416130113880326,0.37873232722308975,1.0987446382817154
0.33159114887990954,0.3310588984830602,1.001607721161667
0.30322958126634775,0.3086034288091052,0.9825865591853759
0.38254069171643357,0.37569024327655126,1.0182342995658782
0.2775489912209866,0.3098222427374048,0.8958330065934874
0.2816252019663948,0.3109362178332687,0.9057330275928449
0.30052778994929114,0.3123669852700678,0.9620984422840312
0.4813139837455121,0.4115525094853055,1.1695080764966093
0.3238371353098437,0.32233789554774334,1.004651143358595
0.2838884114102558,0.3114004418320563,0.9116506378091839
0.43702587869701603,0.3750853682063959,1.1651371014199001
0.3282434522005468,0.3222760112443051,1.018516553351897
0.3874171671567454,0.36242017105444096,1.0689724195802266
0.38266362878243704,0.34948139584690685,1.0949470653655793
0.33323949614340137,0.32843900459456,1.0146160823826857
0.3799907525826192,0.3468525300278526,1.0955398034781687
0.3931531972042894,0.35607624429693724,1.1041264434266307
0.2839564890238012,0.3183657584742687,0.8919190631072578
0.39615825659245174,0.35119090711594897,1.1280424651246919
0.356238133828542,0.3443926411049575,1.034395313109999
0.376881051939759,0.3560018909817042,1.0586490170051592
0.2577758029004805,0.30959293115662445,0.8326281932130762
0.39745515633482004,0.3584472210632705,1.1088247668815492
0.35029020891270507,0.3451179266716868,1.0149869996348777
0.3908573495270742,0.3639412364033149,1.0739573052775235
0.2890826939846158,0.31373548120679723,0.9214217431597044
0.3174846177251791,0.3204877967925858,0.9906293497054731
0.4103156963660026,0.3770777159848916,1.0881462334476504
0.32955149662878225,0.32484097683110974,1.0145010024401004
0.46120640967749854,0.4036290802208301,1.1426491109737862
0.4275784826833314,0.39315054693721746,1.0875693446551704
0.3508640188670082,0.3270471961180384,1.0728238096264668
0.31848037183405986,0.31487264088287303,1.0114577466656711
0.29320998815020677,0.30822200778747,0.9512947834418931
0.36367697979635505,0.33355506632548804,1.0903056691738977
0.3289071323153089,0.31638565980484756,1.0395766120316097
0.40479846891705196,0.37145963069008164,1.0897509055426422
0.2908162672829764,0.30991733901007407,0.9383672053067131
0.3302701464217054,0.32114599757721085,1.0284112176808333
0.2851370771701122,0.30754430519846465,0.9271414633612136
0.32389838128757864,0.3237852176806248,1.0003495020796949
0.3886228356834477,0.3568382676992012,1.0890727560953173
0.5268054653270294,0.45123479240300574,1.1674752793807845
0.39073638627589885,0.3647267119043429,1.0713127761763102
0.40104270336020537,0.36675633645506994,1.0934854111493606
0.42375407001674403,0.3948475898391104,1.0732092101395687
0.40234622733181785,0.3597507780752712,1.118402660543056
0.3191394275839228,0.31357053486994657,1.0177596173578167
0.4640983230833993,0.39569321794556905,1.1728740904203214
0.4156779017901894,0.36595612949325546,1.135868122678487
0.3800402555789497,0.3490951312128332,1.0886438153938336
0.3212821196376626,0.3176511356018587,1.0114307289628424
0.31778903846185713,0.3204021785492836,0.9918441875168944
0.39030550764710065,0.37439091866206725,1.042507946084553
0.3533785375204833,0.3358590163971164,1.0521633193335265
0.3088865238243703,0.3203836426714831,0.9641145260998802
0.3757524933745571,0.34125128451881237,1.1011020629692099
0.30616064885952665,0.3135707879508308,0.9763685286511251
0.3327977130047605,0.32355964435017714,1.0285513623713387
0.34468177862224203,0.3391987935849645,1.0161645180966838
0.322509412156679,0.3248283307211464,0.9928610950919237
0.28584096111191143,0.3103292646053616,0.9210892871331637
0.423302391150322,0.39154400341546575,1.08111064773774
0.3199104878787116,0.32856190154294335,0.9736688471073358
0.3732092203254277,0.34562470093527253,1.0798106134067111
0.4429259872660313,0.3772503771688926,1.1740902436997065
0.3511571043379814,0.34333098487587393,1.022794678624584
0.31216961560485124,0.3131168514498984,0.9969748167795474
0.40942120136930993,0.38004366714133647,1.0773004177360705
0.40924555581214045,0.36137456828292885,1.1324691655992025
0.4283795835329825,0.3767936726386016,1.1369075826914405
0.3470255875639351,0.3335821284663515,1.0403002977389408
0.355656038390645,0.33890150461706914,1.0494377674495932
0.3927896608629849,0.3632513886766431,1.0813163365842933
0.38963874823333194,0.36972407512239175,1.0538636092452127
0.31361819788430084,0.3327416839310939,0.9425275312041961
0.34936249558173277,0.3460746822032367,1.0095003002171803
0.3089051266435308,0.3280023180306971,0.9417772669966953
0.3761390359910572,0.3510731113000243,1.0713980190570955
0.29006186385150123,0.3125247569598194,0.9281244361988059
0.428037899121471,0.37409368571195817,1.1441997431922666
0.33471085680136115,0.31989726004077224,1.046307357426884
0.28728516967614415,0.3061794716343259,0.9382901085519297
0.4290601106791211,0.3847500484652891,1.1151658392002244
0.27507373145786,0.3053908406675812,0.9007268549919561
0.3733225772821089,0.3362451508447435,1.1102690294394324
0.37562614409681727,0.33641765759726433,1.1165470527902273
0.2900044825491804,0.305644979452365,0.9488278952554422
0.2814376161765281,0.3056970856329167,0.9206421304077478
0.3637453514324922,0.34219899126866926,1.0629644175277722
0.2576351318761169,0.3096499678284911,0.8320205349377457
0.3237848921111651,0.3209368715801416,1.0088740832955752
0.3818213262640023,0.3600352803974756,1.060510863942209
0.2935571682109069,0.30910431124713267,0.9497026004797595
0.30831453411867865,0.3182864630036648,0.9686699560173524
0.3097764750424374,0.3121860948780526,0.992281463283762
0.38381257178930966,0.3686875968574432,1.0410238235861098
0.25702341088954345,0.31478812488271574,0.8164965275780516
0.3614141617354867,0.35780261080943987,1.0100936964039378
0.3748715083897194,0.34188332192637766,1.0964896043406456
0.4231360965541594,0.3702468456654799,1.1428486198001677
0.32367739616997837,0.32762296379307326,0.9879569869663137
0.3568303978161889,0.33520506816559614,1.0645137311584727
0.30847458163308816,0.31438210086220486,0.9812091107829768
0.2797718045159739,0.3050596833064171,0.9171051431104948
0.32580564573970483,0.3218192711447193,1.012386997773023
0.35931834294859943,0.35073837036545336,1.0244626003542359
0.2661854422623703,0.30154039626168777,0.8827521803458958
0.2808241448451724,0.303547802145632,0.9251397732421809
0.3980329077448055,0.3713243994931711,1.0719276952661594
0.5160361139667676,0.4585257629786156,1.1254244704039327
0.31840390356284887,0.3245557945335994,0.9810451975457993
0.37688971571417157,0.33980375369308313,1.1091393535769625
0.424304646693077,0.38641130238550364,1.098064792809215
0.39438903287853294,0.3526097689794406,1.1184858378144604
0.3127584084511276,0.32481076113829943,0.962894232183274
0.29371504213153476,0.3092559450620723,0.949747440013099
0.2745172145935243,0.3074319784418766,0.8929364342149098
0.3334422234310558,0.33363516747587185,0.9994216915252796
0.2598182430934325,0.30427549945789456,0.8538914357427124
0.4102507181903012,0.3595098477554084,1.141139027906168
0.3395315432084139,0.32855308946594963,1.0334145503252132
0.33346226047554195,0.327013898827231,1.0197189222581569
0.39588173888238665,0.35412191705494794,1.1179249851992612
0.32258217818451834,0.3144825891729246,1.0257552859536527
0.3072592843621303,0.31985540376707694,0.9606193321838661
0.4007353729287871,0.3571248260911274,1.1221156963938754
0.35699477290946696,0.3421651329873637,1.0433405934515572
0.3878399811228988,0.3597924538255004,1.0779547402931398
0.3140641566281014,0.32420451584672344,0.9687223381446785
0.27379126209490795,0.3109359534223232,0.8805390919944077
0.3307606773269398,0.34549682852297076,0.9573479407639448
0.3631100280166293,0.3309148270516917,1.0972915032299488
0.3879096624137472,0.3542439272118343,1.095035461770333
0.3375251804451177,0.32518138341296443,1.03795972851397
0.2614767939718778,0.3239828416564984,0.8070698825745457
0.4205532061109244,0.36428820397098893,1.1544518914601372
0.30001337559583197,0.3397689177318449,0.8829924102492827
0.41335682742238566,0.35999163966685777,1.1482400752553947
0.4213952724247494,0.37738807157024734,1.1166099412506485
0.325391850217458,0.3303193213493674,0.9850827038764172
0.40611509717038136,0.35695645846378965,1.1377160646375541
0.36608876376888316,0.338233753867372,1.0823543173412364
0.30941921253402377,0.31115580443306623,0.9944188992321497
0.2575479599940004,0.3041580137510842,0.84675710765514
0.4131431113777197,0.3584455921459759,1.1525964342434107
0.3346077331918878,0.32998705900846814,1.0140025920934708
0.3735488320372364,0.33899199903769184,1.101939966422931
0.32935477269930136,0.31761540472489036,1.03696095277425
0.2740120482346098,0.31051884604479385,0.8824329077761748
0.24752516027753654,0.30629633484454355,0.808123154340598
0.4364622297755294,0.3787197278931414,1.152467636696973
0.3517914109173092,0.33416364463914155,1.0527518973441998
0.39544724654211605,0.3673804585750104,1.0763970628050568
0.35710693424326084,0.340469095839182,1.048867396798732
0.35705526916596037,0.32756877425581643,1.090016195765706
0.37601380439721643,0.33766431618805376,1.1135728188340899
0.32003263263441994,0.3158293197380464,1.0133088115437157
0.42044977333670747,0.36931650810164274,1.1384537764041458
0.3482001893227558,0.32354712195074353,1.0761962190341023
0.37608564574051345,0.34092896286435714,1.1031202587799613
0.33065629618401576,0.3278131743147395,1.0086729945348278
0.42774773898024,0.38235844825865756,1.1187087428780376
0.5032873358596828,0.4297102597624255,1.1712248530857419
0.28210245809290746,0.3063329073439308,0.9209015790660094
0.37147452246691776,0.3483890719945485,1.066263417334544
0.3865610114702055,0.3581243464348908,1.0794044451833567
0.37480475876192554,0.36017622021561724,1.0406149482538047
0.37663667784198157,0.3543104420283708,1.0630132030142736
0.43484431849725896,0.3724663413372367,1.1674727894501058
0.42405936844089726,0.3804139752046081,1.114731308734949
0.3101100732543864,0.31890901464624294,0.9724092421732983
0.47642902455987707,0.4068023908892171,1.171155910658404
0.34138246415219176,0.3331028667990607,1.0248559774723451
0.31682966666203405,0.33540528279485193,0.9446174014373545
0.27558023489122335,0.31570261889748763,0.8729108293545943
0.3222006150420947,0.32146188059843084,1.0022980467926357
0.4604059954127436,0.3965361399433244,1.161069443704546
0.3414827285550709,0.3398112788394922,1.004918758792489
0.35382615098315406,0.3360256483302133,1.0529736427602936
0.3893978641010047,0.3548304302819015,1.0974195865660126
0.4770738872062684,0.4103436669742225,1.1626203243834585
0.3263985620232308,0.3251712440883809,1.0037743741402803
0.28604433826993614,0.3130616405416307,0.9136997358572845
0.37837374146465347,0.3413195105357947,1.1085617135413444
0.4078234156232575,0.37386142546810114,1.0908411187718379
0.44284778339099096,0.40571814042043064,1.0915158561361942
0.49824959230637844,0.4191968396651837,1.1885814614068535
0.3660500591089889,0.3408191922953651,1.074030064573822
0.4188125246463658,0.36980651378582513,1.1325179763840576
0.2770414991023264,0.30955008178911664,0.8949811852773569
0.2881843076634558,0.3211281836300328,0.897412068930919
0.28363481801366386,0.30706247189524527,0.9237039494374494
0.2754205892588678,0.32918171393187445,0.836682530050461
0.4023221959094703,0.35755461433804747,1.1252048771746452
0.3221487319651303,0.31976788017773494,1.0074455626564869
0.34572010826574257,0.33798611660762373,1.0228825720291268
0.35460255438602417,0.33840526872099724,1.047863574128868
0.27991571072172733,0.31665112004461005,0.8839877486689218
0.405072354103996,0.36386286838836907,1.113255540193351
0.33509701447868473,0.3330594497288684,1.006117720879786
0.34435513364655007,0.3318366085920537,1.0377249668371766
0.42429506183523136,0.36620117578248346,1.1586392668691337
0.39013292464265803,0.3524256910725061,1.1069934301764461
0.3948855916586602,0.35087763504151553,1.1254225183430049
0.4201832282846403,0.3707066021502557,1.1334657269317545
0.25132896894151235,0.3104354768879887,0.8096013105879546
0.32586558406268823,0.3249847685742234,1.0027103285250232
0.4224999435529252,0.38632281174618,1.093644824242256
0.47210728315079686,0.4037228945432897,1.1693844702190268
0.31082983442277373,0.3152891388608993,0.9858564603454578
0.44134005829624207,0.38610344670134655,1.1430616899869879
0.35680731796792126,0.33851891063337025,1.0540247730926857
0.3885527434544469,0.3655422421111353,1.062948952795217
0.3525686509167204,0.3361474785928534,1.0488510947415333
0.33508109094484967,0.33276106026009783,1.006972061823996
0.3595850681555169,0.3415990593518258,1.0526523955827602
0.3668110087113886,0.34769134812373587,1.0549903260199862
0.3554414620685986,0.33473803461920515,1.0618496415351948
0.3564074661437916,0.33757820766550894,1.0557774703778857
0.2812051234240858,0.3125242735666089,0.8997865036686568
0.3574289269901776,0.33491624635181716,1.067218837197619
0.37333762146062155,0.34461231811187154,1.0833554166204382
0.30468887276212814,0.324079104778814,0.9401682128506254
0.31968919529806744,0.32071017356964937,0.9968165080009219
0.26576278411999715,0.31101124978840716,0.8545118039968191
0.38747181471376557,0.3598075475660598,1.0768862891699809
0.26715675388814775,0.30446702410528753,0.877457106145467
0.2857194965900326,0.3105166161782864,0.9201423746869112
0.28973927820490875,0.31324665118203165,0.9249557085816619
0.3778029696252113,0.34735938985681974,1.0876428870425536
0.35130510798412107,0.3317769321406151,1.0588593538360571
0.3895070841409577,0.3593890268269373,1.0838034972295458
0.34999736296612594,0.3267337638073652,1.0712004749300303
0.2476050676114724,0.31601354229131934,0.783526762227221
0.38587224004085513,0.350770155362663,1.1000714688565791
0.3797303619425702,0.3397865863488126,1.1175554809946286
0.38656961030858134,0.35618147569374187,1.0853164375144773
0.37994904460953455,0.3556104724928463,1.0684416629973625
0.39971560905256437,0.3686951837882848,1.0841356942760945
0.29712913211129627,0.30728679412922616,0.9669440333525748
0.35782663914160046,0.33263129669825126,1.0757455557953866
0.31591592335305285,0.3230341007130733,0.9779646255788239
0.313884512325823,0.313348906159647,1.0017092964285093
0.2978519693996501,0.3190983437931259,0.9334174720529104
0.3953223933299868,0.35310360972322136,1.119564859843428
0.3845048670895121,0.35464362989468284,1.0842006867674376
0.3687841771949236,0.3396625208933882,1.085737031642287
0.4147302959720285,0.37556489552337524,1.1042839757269476
0.503145129284818,0.44192247819647096,1.1385370831060748
0.4036281926648324,0.3761604024389008,1.0730214824522715
0.41407165145802816,0.36267076232381823,1.1417287922656294
0.3561366241723896,0.34649231645358886,1.027834117124189
0.3346778962349644,0.365729552378872,0.9150966720027588
0.4450478245558834,0.38150638592892017,1.1665540629739337
0.4050948869144654,0.3644188252706807,1.1116189911801937
0.349721667798768,0.35749326372124274,0.978260860522019
0.4282293063104502,0.3769057954620162,1.1361706597945012
0.2752016630762043,0.3033679218897053,0.9071547886867837
0.3880895988037513,0.35335293416719926,1.0983058615840315
0.43625854638979494,0.3787734734153816,1.1517663643551206
0.45160646579824953,0.3814624404806375,1.1838818658771006
0.32796826269731405,0.31958653501209777,1.026226786071882
0.3423279666489334,0.3724517517884869,0.9191203021736339
0.3754364417238449,0.3472950944953033,1.0810300740626273
0.2510335015978348,0.3062083637073261,0.8198126875390397
0.37595448012501753,0.3461817297127476,1.0860032400813717
0.43553963204922436,0.37404321647703176,1.1644099207343033
0.40048856264837673,0.35641667967209906,1.1236526949771921
0.388961602426193,0.36191002763797414,1.074746684872957
0.39153443015158385,0.3569097806927972,1.0970123300952324
0.26480521039016974,0.303296118830446,0.8730913254389709
0.408188638662337,0.36609966042129993,1.114965903526384
0.4348391217246349,0.3906716786077465,1.1130551446019579
0.3599758814158487,0.34002115299593855,1.0586867265288888
0.46445456772292715,0.4008948216796096,1.1585446920392346
0.39635288342062786,0.35774942590038045,1.1079064136108412
0.2878392142415999,0.30859325421844763,0.9327462940516635
0.37229707591685557,0.3438160112309295,1.0828380987376307
0.37805219896151854,0.3437282354368064,1.0998578527629352
0.4549409788450117,0.3922874778239273,1.1597132321649215
0.3366045350252611,0.3302439882817033,1.0192601439216273
0.3029096557701381,0.3115300107326611,0.9723289742062105
0.29434551978447965,0.33335753011847663,0.8829724640684374
0.31419395344009265,0.3185026761370325,0.9864719419340576
0.32106564514574926,0.3202177743285637,1.0026477943610825
0.34956986006597834,0.33400141026080943,1.0466119283538715
0.3962934524371256,0.3741420419503394,1.0592058844050636
0.3118281396475007,0.32939180143107766,0.9466785095826012
0.3929617980744234,0.3472298845168132,1.1317050046577883
0.2962352733380068,0.31636843839038575,0.9363616511343162
0.44043591433763934,0.37962949495807524,1.1601730639666956
0.5823910854061205,0.4944505224262133,1.177855132093688
0.35465216694761637,0.3374915411568374,1.0508475730442208
0.41972947286057977,0.3742891128153621,1.1214044397482477
0.430186746600289,0.37624154145078054,1.1433791838654943
0.3303823168468052,0.33785696447184205,0.9778762955598039
0.3322317370993565,0.3236342991485539,1.0265652867246193
0.3615049385338248,0.34738778130530035,1.0406380361896426
0.3677848021813997,0.3379561118898921,1.0882620235056615
0.35660647334555756,0.34209590749334623,1.0424166601656688
0.4071885066521812,0.3840662839803519,1.0602037295026194
0.2753145416859533,0.30568915216548964,0.9006356284991999
0.317234719442121,0.3262698129256143,0.972307908591123
0.47044273510670176,0.3984286733619592,1.1807451786466185
0.33488871491189176,0.3249495264452423,1.0305868685988817
0.34074777993564964,0.33762499006562713,1.009249285337011
0.3594866692869523,0.34022346870903575,1.0566192586625784
0.36220345296490597,0.3306601829584753,1.095394824149093
0.26817383830701885,0.30584272261212564,0.8768357671440199
0.36005941160497745,0.34278407115179643,1.0503971505885141
0.4512926453191723,0.388976120079792,1.160206557735722
0.3080534969147965,0.31870632923176123,0.9665747701257038
0.33135381201496583,0.3262410048822143,1.015671871580329
0.34952775171512707,0.33320950662315624,1.048972927745504
0.40909709376237646,0.3692913787945099,1.1077894509690578
0.31094420637629483,0.3151911659455764,0.9865257658585048
0.3423018312856778,0.33501512254354476,1.0217503875252256
0.245968885021329,0.31112847052338305,0.7905701609613481
0.38296738191943264,0.35176759395970886,1.0886943211809823
0.4187268411634297,0.3787901385166962,1.1054322660117857
0.2909368845779614,0.323872872048868,0.8983058159130506
0.2635570813375615,0.3039887065096126,0.8669962919468767
0.402503392058301,0.3615405830994969,1.1133007216164472
0.3213088673031347,0.31943123368781046,1.0058780526676965
0.3055213544818683,0.31896195037626324,0.9578614443555422
0.2567562249932404,0.30714976902202434,0.8359316883446185
0.44763389519156127,0.3840488701982504,1.165564931776749
0.49024315659736056,0.42461436882250947,1.1545609206698424
0.28520973504951647,0.31879431466744507,0.8946512592203445
0.3274958555121532,0.3326716175962233,0.9844418284869972
0.3382409196871598,0.3314846108242037,1.0203819684001534
0.36188772235873895,0.3318105988120591,1.0906454575422282
0.3284403326998092,0.3237175892208534,1.014589085166249
0.3957606850871289,0.3607497751884216,1.0970503997692609
0.2926787673172755,0.3150565269948589,0.9289722390739469
0.33846938564591833,0.321739290131607,1.0519989197075306
0.42903559239517053,0.38210100628398036,1.1228329298779915
0.43403159347880416,0.37690937971205957,1.1515542378127686
0.4025298127225693,0.3646104886582834,1.103999542645698
0.3036040837297395,0.315561868719175,0.962106369068067
0.24596836062489372,0.3195496490774083,0.769734410083204
0.27999639255096426,0.30540171944518507,0.9168134123790331
0.36213421725074363,0.33641413530578607,1.0764536303493286
0.26413954574803067,0.3140230088623015,0.841147107993782
0.5426655614353229,0.4645694247075952,1.168104340437131
0.34538960889774284,0.3415867094562997,1.011133042756541
0.2889722162707643,0.3181958490135642,0.9081583470262237
0.39588317780049276,0.3528496763384812,1.121959872284906
0.30380085189711176,0.3098500693267021,0.9804769531188579
0.5320765738602956,0.46049257144881744,1.1554509385162461
0.4315830401979818,0.38918942362781495,1.1089279769604126
0.42888933898624554,0.3898955720564316,1.1000107970556028
0.4071243165425104,0.3686896838351224,1.1042465639602108
0.31743752213286247,0.3352777838676246,0.9467896097111944
0.30156561692333916,0.31156177899814463,0.967915955201729
0.26475990336388827,0.3039650776004922,0.8710207944080599
0.46871828335461807,0.39840854445210966,1.1764764834529293
0.4758454598913922,0.40300967328279824,1.1807296237216718
0.28222357772443846,0.30754543284397634,0.917664668646261
0.3855420470824492,0.35076994676072076,1.0991307854131767
0.4607973941436183,0.39018010914201623,1.1809863787184987
0.354989620909998,0.32854678593677156,1.0804842296595023
0.2463321103592524,0.30834125652972805,0.798894423443795
0.38505302999485463,0.3429783435807458,1.1226744696905429
0.40564568645111654,0.3839304228449257,1.0565604138512408
0.3219866166136566,0.32327681590358925,0.9960089953053811
0.4550472661079832,0.3908380967482673,1.1642858510824035
0.4210132238751386,0.36786845729700507,1.1444667666497599
0.372644516747764,0.3411565322876877,1.092297762112095
0.35002932112717466,0.3362074295310339,1.041111202139169
0.4047849922391426,0.36390822076159945,1.1123271449927536
0.34852167888724866,0.3314079241311679,1.0516395460396637
0.3851446596003408,0.3465830173140464,1.111262353779305
0.2732965577156934,0.3043454883517462,0.8979813014340856
0.4179661240302462,0.36691587671543696,1.139133383302466
0.3151650861923184,0.3155649328332165,0.9987329180168779
0.2907058869587992,0.30644024518010793,0.9486544001031555
0.4173819036366962,0.38444812462659483,1.08566507911071
0.2839232922944117,0.30430292823955996,0.9330284592953225
0.29958149460242534,0.3196990099656813,0.9370735762822178
0.38662706260835733,0.3506358856866649,1.1026454461476736
0.47569510131766524,0.4103942348982214,1.1591174067921266
0.30713643039147853,0.3169639048255549,0.9689949729781218
0.2613974120551561,0.305228831821243,0.8563981668948079
0.3518589855263762,0.3385531609720255,1.039302024285191
0.2700964356411923,0.30267420110674403,0.8923668903843491
0.4221578260214464,0.3666048461853748,1.1515336756022616
0.227022950444066,0.3156823470037231,0.7191499702116334
0.35870587867373976,0.3458148331172832,1.0372773065870327
0.3922946663942613,0.3750357919088049,1.0460192729808921
0.3471052010273961,0.330300984150525,1.0508754671745486
0.40484506711242574,0.3532471075563125,1.1460676066480964
0.4116697731775102,0.36486867671298834,1.1282683317355202
0.32119817533497896,0.31696767929342556,1.0133467741915638
0.42663487914434073,0.37187601973896584,1.1472503105841896
0.35186411784605326,0.3511357320931218,1.0020743709237152
0.2654559281630822,0.3042791118191707,0.8724093039973094
0.2517915633132525,0.3135685468474019,0.8029873080216392
0.3431583141476534,0.33311014044604065,1.0301647187568594
0.2755245352794857,0.30889284792387695,0.8919744731266344
0.39287374518541374,0.3729020151995914,1.0535575812727447
0.23784965141579276,0.3084117758244897,0.7712080732972652
0.3633143730335578,0.34250554816797935,1.0607547088707974
0.308193464693423,0.318795511431757,0.9667434253050846
0.3869322494335236,0.35701083558609037,1.0838109403551084
0.2746526550838422,0.3112972977238389,0.882284096559986
0.3729212745121381,0.34617023538243996,1.0772771208944185
0.2975595618662005,0.307813073811282,0.9666891603461656
0.3625371410649941,0.3346704475773206,1.0832660717114417
0.24115032768072364,0.30675158783914086,0.7861420681779218
0.412069441491897,0.3744055603559004,1.1005964791233183
0.336057572556705,0.3290728928010212,1.0212253269974054
0.43919315736426756,0.38034370242397875,1.154727039162825
0.3292520768417886,0.3179955839143501,1.035398268079315
0.42894558171981584,0.3792714486892577,1.1309725084823266
0.27437590603655937,0.3067277464923007,0.8945258757131923
0.2734654301873057,0.3117964686210615,0.8770639109439657
0.4549303519811843,0.3974307879488915,1.1446781824051515
0.3978678281890965,0.3726911134939626,1.0675538369002235
0.29082236717882737,0.3127150562131332,0.929991573480924
0.3655404708269526,0.34439259074887124,1.0614063154845925
0.3369872532446119,0.3328468306269585,1.0124394232922522
0.31183815811374416,0.31493383163297406,0.9901704002292214
0.356790828322073,0.3330672966937484,1.0712274422130916
0.417229581943966,0.3669841349247582,1.1369144936728928
0.28831356605520825,0.3073959296211961,0.9379225236017177
0.43589758155528185,0.39368650062566113,1.107220036405966
0.28616672940080773,0.30663879546995865,0.9332371951247227
0.3655239319328952,0.3435930630232813,1.0638280316739919
0.44688586002907266,0.3927607501264574,1.1378068197628928
0.3702096585752155,0.34548995886718764,1.0715496907322002
0.36860100169413207,0.3557248467271871,1.0361969513386844
0.24032161990026918,0.31250768714231675,0.7690102669084942
0.4354828861355793,0.380679734189186,1.1439613066430214
0.337168789964219,0.32735124655694464,1.029990853893286
0.3588419115354351,0.3303159160689158,1.0863597364789643
0.3706125418611004,0.3342468941509595,1.108798760277236
0.47615185433000246,0.4138797278767779,1.1504594747191013
0.39203964805651603,0.3550137186483884,1.1042943623392727
0.44143981773415414,0.3877423931238041,1.138487370900413
0.277745939437796,0.3276285094461239,0.8477465526652201
0.38603741656120366,0.3479771328075365,1.1093758185964422
0.3628981061997791,0.3420036274234258,1.061094319185347
0.3739054628118286,0.34612423586101504,1.0802637436864404
0.3654176726061749,0.3427483224797431,1.0661399302042438
0.43099239317576093,0.3772016808295486,1.1426046464796098
0.4086682941407907,0.35770595692930035,1.1424699148120783
0.2628518337137972,0.3163054176550925,0.8310064230402072
0.3873438264846057,0.34778606358971237,1.1137416562544038
0.4011691677720274,0.3553198375696035,1.1290367870142979
0.39271836816490335,0.3587937796274543,1.0945517744835875
0.3612126958610898,0.3335881407998656,1.08281036308721
0.288440726742485,0.31432645307555973,0.917647000181521
0.34962078167485233,0.3473145405221335,1.0066402090429376
0.4538651485791104,0.40851627791708767,1.111008723797358
0.3555722232942954,0.34105630550770166,1.0425616461334297
0.3639807701281839,0.33663227089117553,1.0812414661393217
0.4099851933744334,0.3666768101676486,1.1181105049620774
0.331773453909911,0.3244412138271705,1.0225995951508378
0.3641550442212801,0.3478934343754957,1.0467430777329145
0.3469327187214805,0.3396947845627722,1.0213071689282025
0.30431833475822967,0.3139575376665588,0.9692977496894292
0.26065978887411395,0.3089664834549319,0.8436506962158428
0.32922979625513016,0.33170001773730895,0.9925528448897006
0.43373768592058054,0.3698491627326173,1.1727421057707017
0.26070933051828243,0.30426994112819233,0.8568356425600473
0.2721922024667779,0.31912887980549937,0.8529225015068265
0.29852354352051275,0.31142212864438173,0.9585816679758229
0.37763087882389934,0.34740283423281415,1.0870115082907692
0.40079458605040014,0.35878221210902184,1.1170971484188634
0.4202938617143864,0.36446985672127974,1.1531649434477014
0.26384655943603313,0.3053311356748991,0.864132506017871
0.3923048223083099,0.3638896297643159,1.0780873930438688
0.42826430117317676,0.3680232502296127,1.1636881661850962
0.41600643337024124,0.36111992095278717,1.1519897109875308
0.34619165433954185,0.34205067770020964,1.0121063249082687
0.2537666667455744,0.30462546509860655,0.8330448232994269
0.31354887627407024,0.33038249535773334,0.9490480902584264
0.2596481242819369,0.316622714252364,0.8200552663918624
0.2368430160301198,0.3085598833920194,0.7675755299959565
0.376285193115192,0.34932113542931237,1.0771898833225222
0.30064322446133723,0.3308457738063727,0.908711092187892
0.2464600664814036,0.31789893692871635,0.7752780454772903
0.3139036033681873,0.31964634775584344,0.9820340685010965
0.3841594491418699,0.3533078520303712,1.0873221382830933
0.273314109497914,0.30948267783136946,0.8831321720915091
0.3935029621888901,0.351572121017484,1.1192666843151675
0.4331886073909919,0.3900744163086878,1.1105281179173399
0.4004301813226985,0.3530195964276432,1.1343001504019135
0.2725865488952509,0.3135880161098451,0.869250529011823
0.39648081527584117,0.35967113841836057,1.1023425927900405
0.3318427926112095,0.32646529492161974,1.0164718816157192
0.48556792242080526,0.4113390703438639,1.1804566048512941
0.3448685603098282,0.3433970861030101,1.0042850515230541
0.4176320689626819,0.3687742725532904,1.1324869982689239
0.27455876821634656,0.30554372043630257,0.898590773930124
0.3747201907099572,0.34490305543055794,1.0864507716296605
0.5110487639756419,0.43821864889310386,1.1661958368647696
0.2810091511487836,0.3085114332453985,0.9108549015273
0.3356237420895225,0.32154002888685435,1.043800808413885
0.45947785503526806,0.39528019717859847,1.1624105085832654
0.3658217799789186,0.3437995512160366,1.0640554319660636
0.3671393097294281,0.3462408086720195,1.0603582839861172
0.2831516054992327,0.3120367982029294,0.9074301721141506
0.27128240464230274,0.3081167658334319,0.8804532395648933
0.4257220283607354,0.3765053123122588,1.130719844950443
0.3441184979525754,0.34019462343598394,1.0115342049705551
0.40929525556877655,0.36544343956079756,1.1199961779603476
0.3597161716333687,0.3342780539624149,1.0760986770427172
0.2773126847797425,0.30482265962783806,0.9097508863623104
0.27407220252608544,0.31653397721391613,0.8658539754197234
0.36373198765936837,0.34839069541360396,1.0440347358518043
0.42841305645195127,0.37314556172106134,1.1481124268930853
0.4885953618267414,0.41544394227836645,1.1760801208153377
0.2671202103910746,0.3050834865984329,0.8755643032973215
0.385927306256739,0.3509427650234114,1.0996873129183724
0.3624458380827554,0.33207409277041733,1.0914607491929094
0.34636673866343254,0.3300475765732347,1.049444877794995
0.3286816117726899,0.32394913290816735,1.0146087097750132
0.26907131542202,0.3069267736696242,0.8766628997692076
0.3636972979642849,0.34019131768546984,1.069096355658753
0.35208771679616063,0.3338130830179843,1.0547451094874907
0.3596034069460744,0.33751748409898036,1.0654363814842172
0.3963793978204175,0.3690680569754999,1.0740008253998818
0.42367202524768705,0.3971652620777768,1.0667398831187795
0.3222889034917551,0.32065141114577306,1.0051067679388368
0.3500615041370859,0.3333553243289062,1.0501152331729267
0.2760810720992107,0.30661619624517883,0.9004125531530911
0.2672727722238557,0.3072152002193991,0.8699855086368828
0.31279660976248913,0.31493747648449893,0.9932022484402069
0.3404585941839124,0.3387710918315174,1.004981246608947
0.3068693445641671,0.32353560830888295,0.9484870805045842
0.36712404259476605,0.3410380275293117,1.0764900479117752
0.2593852254881471,0.30958837184574717,0.8378390439592677
0.26117711836944224,0.30603741532485845,0.8534156455745875
0.36600570129464827,0.3579412558848306,1.0225300807806643
0.36384267255401476,0.33423850586536735,1.0885719812922217
0.2933711519798011,0.3134547593407308,0.935928210491459
0.41338731395654604,0.3721198459122565,1.110898326164577
0.3341431204046896,0.32418703150867206,1.0307109413034963
0.4490554486797207,0.386796471346215,1.1609605618086902
0.42595520621980015,0.3830395386168453,1.112039785130076
0.38409639080745833,0.3482833699073101,1.1028272492874962
0.3873635166244225,0.3582812585495943,1.0811715862352385
0.3467659082826964,0.32872119013447726,1.054893687081253
0.2987691059430392,0.31340282939498965,0.9533069836025405
0.37396331029320357,0.33999295970619814,1.0999148647559074
0.4257624515830718,0.3860897515954977,1.102755123189954
0.36050023627497974,0.34324442379385944,1.0502726666041442
0.289593925172437,0.32580380523777125,0.8888598614159575
0.2935440778047292,0.321926605466075,0.9118354085079284
0.3481313412904796,0.32562009391466895,1.0691334711724207
0.3748756003769715,0.3561291586846105,1.0526394462099156
0.422741994252714,0.36904094621959127,1.1455151483412058
0.39769686282784245,0.3654227888529591,1.0883198173715158
0.269222574164631,0.3023556711283459,0.8904168165919722
0.2921648775470244,0.3073756689638187,0.950514003050174
0.368783737367749,0.33714706922458965,1.0938364026592937
0.2636867775144493,0.30652013126573346,0.8602592476572106
0.30304304529671744,0.31958935783735,0.9482263344042465
0.33933806651191445,0.32700063730017176,1.0377290677889948
0.41343475349497055,0.375320658643457,1.1015507512676534
0.35881306831739757,0.34049619948757465,1.0537946351747498
0.34178725276234284,0.3322963560142227,1.028561543262045
0.2964587445928598,0.31839316421162683,0.9311090121137531
0.41063939249602793,0.3759758256503931,1.0921962649744064
0.2931680879624033,0.30750024459863673,0.9533913976070477
0.47213320164850386,0.41268725795139083,1.1440459877346516
0.3010828914890763,0.3158513162457495,0.9532424783527494
0.26910474729467315,0.3231974075038736,0.8326327533782828
0.4000561148660125,0.35961354774066323,1.1124611889052483
0.287011546741116,0.31461024996579134,0.9122765287282399
0.3360904489701535,0.3200854509958545,1.0500022663463897
0.2502127442385834,0.30456514268305224,0.8215409748940606
0.31837535775693415,0.3213825543003326,0.9906429378223555
0.3618881041322848,0.3468628703353445,1.0433175040684348
0.4025361169051838,0.3639818579619842,1.1059235731117851
0.3161900932661681,0.3420629239039315,0.9243623648465631
0.4215612931759258,0.3691444713074771,1.1419954135647568
0.35587776275074146,0.34095522503958636,1.0437668544584484
0.3110226457996134,0.3231424604851072,0.9624938961370186
0.38365962268218645,0.35561765023698527,1.078854276289475
0.46347121788430334,0.4074451117109894,1.1375058984952422
0.31344993773160945,0.3197322990333235,0.9803511834096583
0.33367234027998977,0.31979451644057777,1.0433960656795398
0.3280239044519336,0.3219553673258182,1.018849001265365
0.3848759731573392,0.3462083381059982,1.1116889190563115
0.36488261893752316,0.3342053977857204,1.0917915190929137
0.35983990950710615,0.33149310743780985,1.0855124931205826
0.43955124206209245,0.3940456736007085,1.1154829795377865
0.33703549348641826,0.3322309782218838,1.0144613704906402
0.276823056718031,0.30361402341555255,0.911759785018714
0.3247245406121492,0.3286834902017998,0.9879551309765515
0.3118348808379235,0.31658778116772457,0.9849871011690023
0.4257957867537115,0.37381032555712207,1.1390690883648305
0.36931559265761654,0.3360494865337353,1.098991688596262
0.3829386423893189,0.3572940613033204,1.0717744397778497
0.39805169800375045,0.374522558432457,1.0628243587509743
0.28522765931096544,0.3203523962211951,0.8903559413803263
0.3253955649153675,0.31937521659186235,1.0188503929257562
0.3433863856473465,0.33178719557463515,1.0349597278840803
0.3224206520432879,0.32100096297370556,1.0044226941141563
0.36369069556297756,0.3425235870408654,1.0617975208801804
0.24951316849013658,0.30852208695146405,0.8087368102413666
0.27400706580619805,0.304910126315093,0.8986486251461525
0.3061250350085194,0.3174869253856023,0.9642130447945743
0.34798693649474405,0.3384939058739852,1.0280449085080217
0.3368820956925358,0.32471656755372563,1.0374650675524812
0.3306108752923047,0.3173740393232675,1.0417073683697065
0.4187206801633795,0.3794697959938119,1.1034361221471436
0.3189338786786242,0.3244262576611895,0.9830704856562468
0.2953889057631478,0.3147244968400835,0.9385634379558309
0.3492295574220057,0.33756805121463773,1.0345456454347723
0.42820960489886883,0.37296887526939515,1.1481108298636806
0.34325734397869406,0.3344780947658419,1.026247605897774
0.39409502698720056,0.3492528419804097,1.1283946173566317
0.37244065606976473,0.3409968525567914,1.0922114186016907
0.4155834287270712,0.370202926871393,1.1225827743696992
0.29932007508039427,0.3102062715655094,0.9649065880255223
0.26758524520594423,0.3048880950956238,0.8776506840059463
0.39145118612821356,0.35244011854742013,1.110688498635108
0.3896153605973859,0.3496054219081458,1.114443129831528
0.35222584935096435,0.342582656145132,1.0281485154979564
0.46253451548176394,0.40568055478168313,1.1401446532991377
0.4461103060211096,0.40180921440150874,1.1102540460292505
0.3792610668758316,0.3550598539998739,1.0681609385102893
0.37475581899591537,0.3409645847253882,1.0991048213929389
0.4377655545183122,0.3838465511820889,1.1404702039660772
0.2539697624881556,0.3107449593021073,0.8172932653792312
0.3690779708984471,0.3507999566909343,1.0521038097607758
0.3402286460578009,0.3247104680132195,1.0477908154286841
0.3318607582215329,0.32043079884025627,1.0356706016482977
0.41234330292055776,0.36009076269398554,1.1451093603058564
0.38092977284777935,0.35233845583055085,1.0811473074939593
0.3744019921028395,0.3379173754541167,1.1079690459825933
0.42037651529306713,0.3696625037979356,1.1371900340826906
0.33147691871019785,0.32585949634772693,1.0172387867330297
0.3739955701770579,0.33731921167366075,1.1087289345940952
0.3940195153003939,0.35275494371301214,1.1169780107205332
0.28193906686904013,0.30393937155657325,0.9276161407623424
0.3240520607737002,0.3195841514616569,1.0139803844827997
0.32724677233096056,0.32956197418609023,0.9929749120454583
0.4445160072725027,0.40475040817235786,1.0982472118550926
0.2701464990890807,0.3062633214671822,0.8820726484481375
0.3429813520841474,0.32725894229988595,1.0480427201584428
0.37887731381323236,0.351479126915925,1.07795110662108
0.3877851968501952,0.34479571370755735,1.1246810254117598
0.3193937248011164,0.32161316799919687,0.9930990288367607
0.3547409357449015,0.33140508789285034,1.0704148750413756
0.41821019508605656,0.3869961057880055,1.080657373113594
0.48471190796566344,0.4344102535719244,1.1157929721504851
0.3560532530339939,0.3384019428304049,1.0521607826951371
0.3284201488167027,0.320138673504963,1.0258684001563194
0.302373642096495,0.3133734099310243,0.9648988475539438
0.33392143204640135,0.32797621069226585,1.0181269895813077
0.41861882648624626,0.36197992102586685,1.1564697436804292
0.37635708080714647,0.3498862486038687,1.075655537503697
0.39228222726356365,0.35494306203413595,1.1051976196278959
0.44854876847968495,0.3872413207042306,1.158318455437456
0.2659956239391272,0.31250941430359264,0.8511603547428531
0.2756901344446519,0.30307058477708904,0.9096565232400377
0.27306489326193073,0.3026242603099877,0.9023232076047758
0.3600503183116663,0.33568695130992315,1.0725776408843775
0.37641261072122306,0.33714781278720646,1.1164616718388705
0.30357523021004806,0.3160095147294185,0.960652183115381
0.24141548740365157,0.312370520102191,0.7728497789249551
0.41389089566588905,0.3593684691261349,1.1517173353364434
0.2879915508006793,0.3221660148094401,0.8939228148289481
0.3467796679318937,0.326954331921767,1.0606364072119725
0.30684277010288197,0.3146721074215628,0.9751190616072242
0.450847834470695,0.3849544079592785,1.1711720275154944
0.37382581781090723,0.33667075475252345,1.1103602333552713
0.3898080667173107,0.37212402696108804,1.0475218972035683
0.28935190170377934,0.32358751366169203,0.8941998361725857
0.26115737458980487,0.3059253066851684,0.8536638482757664
0.3002184417539529,0.31461350947444633,0.9542452333196372
0.3836782330372329,0.35274246055333563,1.08770073337746
0.38970999739680434,0.35913191106235665,1.0851444424528969
0.27291366303024267,0.309421885629323,0.8820115050206373
0.3773114052261443,0.35087855805861723,1.075333321345647
0.5030208094633855,0.42905268544201375,1.1723986972489617
0.3218533214456137,0.3212371176274157,1.0019182211033058
0.28386348660265015,0.30516467231530964,0.9301977337316092
0.3205105102737774,0.3313030110139111,0.9674240789206697
0.3166269016222151,0.3177133797153384,0.9965803199912551
0.3712929013876623,0.33391628301661813,1.111934099269978
0.26660208827357285,0.30278903164085214,0.880487931906986
0.3589542648884466,0.33621232266627654,1.0676416082605742
0.29191970974379394,0.3217131455240835,0.907391301242121
0.2512956630141771,0.30482153741421364,0.8244025837081791
0.3436982445971992,0.3291398304776479,1.0442316996348457
0.4010725082580126,0.3524560542930053,1.1379362146651941
0.33829637507318283,0.3236610581203155,1.0452180346868511
0.5416124384216863,0.4620738982641956,1.1721338090212006
0.3731844125226118,0.35442173423719237,1.052938847911801
0.4257084404728102,0.38235061061484865,1.113398092364071
0.42850356595224015,0.3914286374262532,1.0947169547168658
0.2950718097170224,0.30792618395225957,0.9582550140093637
0.3238488342471,0.32861401554174974,0.9854991538118241
0.255623933064326,0.30534030941056994,0.8371771599949689
0.3277586663250129,0.3235652231766723,1.0129601169964144
0.23509809422325645,0.3136543038631827,0.7495452519784559
0.29762068275111503,0.31288161541001314,0.9512245785393957
0.3945947576250921,0.35399748074063453,1.1146823892631095
0.380681880337712,0.34418444618216315,1.1060403355247268
0.44115789172667974,0.38962600232467914,1.1322598827966788
0.3571781388068666,0.32694087121330256,1.0924854316358528
0.3457618884369202,0.32774426335972984,1.0549746466726537
0.324738061346339,0.3260532889495957,0.9959662188733204
0.4200773299255966,0.37623471888183774,1.1165299448547923
0.4468301215847391,0.3903667582557636,1.1446418326736247
0.41496834883961137,0.37895543257015424,1.0950320622802794
0.43591669097343755,0.3744085126160194,1.1642809292119352
0.3558806584052062,0.3392633024372498,1.0489807056895875
0.2749309625446297,0.3072844647792252,0.8947115590179915
0.4243167790940028,0.36951161556769935,1.1483178368888445
0.3396609828315009,0.3300955926923837,1.0289776366327654
0.2496413460969078,0.3039632590352731,0.8212878980480284
0.2702974514354957,0.3141107693670235,0.8605163458106908
0.2482486443652394,0.3124403860556574,0.794547233471338
0.26399076346247063,0.3082083838528912,0.8565333627928637
0.42395308420146127,0.37982420903456904,1.116182365729289
0.4801721927392084,0.4120774301835453,1.1652474937181896
0.347095542477308,0.3360693305041495,1.0328093371585492
0.2571577341969356,0.3095826964090552,0.8306592622255285
0.33448235860184816,0.3434538753731572,0.9738785396974728
0.4378962695189587,0.38077418991628104,1.1500156289879753
0.3459244435828054,0.3433928123790539,1.0073724059225706
0.4094037832036404,0.35463647491472394,1.154432248690961
0.32195364823620815,0.3268782139221805,0.9849345552067145
0.33266273336888524,0.3179891647463902,1.046144869854914
0.42983498648674784,0.37527333568463533,1.1453917601221844
0.36371063282572247,0.34178840887811357,1.0641397524847798
0.2841508331340654,0.3082268277327988,0.9218887117132945
0.390956359293689,0.3525270161190148,1.109011058493458
0.3460411502817549,0.33729851804406985,1.0259195690760277
0.29663537149459634,0.3115080122463159,0.9522559928893275
0.2718276777421434,0.3054280091844698,0.8899893577801087
0.33055374969534823,0.3215831408119174,1.027895146682075
0.3639333841886735,0.33362632293589606,1.0908413370566108
0.36167767884034463,0.33528153925153026,1.0787282820513773
0.26348323332912915,0.31185744811197685,0.8448835675539862
0.39364443207811084,0.3535859796030083,1.1132919707961229
0.3358626358750042,0.3212365043898574,1.0455307266928677
0.36139992943448096,0.3431589176525459,1.0531561642247758
0.3447425425762549,0.3331963664676048,1.034652767168674
0.36993286830855354,0.3456209920873056,1.0703425913872344
0.38027017550842357,0.345932471998673,1.099261290249394
0.36477685729653103,0.33417184341319556,1.0915846576741448
0.36248220192170794,0.3368898524227207,1.075966519368101
0.2885771049186513,0.314444399400092,0.9177365075326791
0.509759020978506,0.4380786008714675,1.1636245640952219
0.2667437197178137,0.3014747245194175,0.8847962964159974
0.36153357931063435,0.351377411642535,1.0289038718243833
0.35869702665248077,0.33905990196630315,1.0579163875536342
0.30945509872225074,0.31853284499738604,0.9715013807282267
0.40764496247918397,0.3634125400429361,1.1217140785263544
0.3132591078248634,0.32972558157403986,0.9500600660993028
0.3874455940158149,0.35039695331604903,1.105733341426485
0.3945148756453038,0.3637631555086001,1.0845377539506655
0.397642495349942,0.3523714745848993,1.1284752712130652
0.46410362193028054,0.4091396944526766,1.1343402466757264
0.36712714326649676,0.354587626547269,1.0353636612798054
0.3843634709518409,0.35793233335631225,1.0738439507481352
0.40048842579974486,0.3568807150441086,1.1221912782545467
0.38967397682059385,0.3518977424862452,1.1073500331870563
0.31049262573883263,0.3168947063726616,0.9797974516295636
0.3286541922730961,0.31956971773937526,1.0284272070519827
0.26881195205927283,0.3090427886459657,0.8698211443050994
0.41631122486104455,0.37100631459873246,1.1221135826523931
0.3095713923087413,0.3314589035293483,0.9339661388258076
0.39178299892480234,0.3691650685345468,1.061267796761055
0.3787349712972094,0.3565335353760057,1.0622702599288163
0.3693586912564044,0.34567986091036246,1.0684993053505714
0.4171975067608998,0.38545185143382976,1.0823595870897504
0.42116824772551614,0.3656164158284733,1.1519402015119162
0.30473696431419006,0.3156898438546313,0.965304935354573
0.4425668529545386,0.3820135353356235,1.1585109217811227
0.41081186843465767,0.3798363584156909,1.0815496182307733
0.3501295686482303,0.3530778736754258,0.9916497032325912
0.2691611280351038,0.3098860122934499,0.8685810825827748
0.3576177984313687,0.34363315501234487,1.0406964322709822
0.3203074205713147,0.324480504509972,0.9871391843865644
0.5245095435358416,0.4405753677947409,1.1905103686600216
0.30088326233314283,0.31507414325125377,0.9549601856513039
0.27948329317813436,0.3178973547163807,0.8791620598022329
0.34858550178602066,0.3324327228128394,1.0485896178826994
0.48555731094332294,0.40966778115466584,1.1852465174946374
0.352312484337493,0.3307503617207773,1.0651915314756895
0.30042772786142263,0.31087249678078815,0.966401759475266
0.33346838965799147,0.3204119852464021,1.040748801582902
0.25854125433640324,0.30607993472246087,0.844685407329417
0.42936216515757575,0.37561789758918357,1.1430822863163266
0.3715023561904524,0.36446249825836485,1.0193157264896346
0.35913432900526193,0.3379839401456556,1.0625780883271894
0.3902978728459036,0.3494011120002988,1.1170481702575974
0.35887831782654134,0.3347358655447042,1.072123888614538
0.31047727293191446,0.3208065416529387,0.9678021879859331
0.3733878768444074,0.3507892817423701,1.0644221368161253
0.35790298601090054,0.3457839206982025,1.0350480880898896
0.3746121504862036,0.3517582978902372,1.0649703297208293
0.4084801165849527,0.36729435999633775,1.1121328315224486
0.2954427759020202,0.31591126462713015,0.9352081074118428
0.3791308408419427,0.3507998847377961,1.0807610188507402
0.3841715472727652,0.34030613834173606,1.128899846311263
0.2814519640049479,0.3060124100543694,0.9197403594022286
0.41132835890742253,0.35794294343629973,1.1491450423875262
0.4375271917423733,0.38383563343174487,1.1398816410831645
0.2915325858627657,0.3134629711832613,0.9300383543302972
0.36076391139242153,0.3407736947950108,1.058661266707912
0.4559751206332495,0.3875798319502127,1.1764676153010527
0.29856537076121026,0.3170433371583937,0.9417178529509613
0.37959123583972093,0.34857900623215804,1.0889675770861207
0.4092219917460488,0.3622800698734026,1.1295735696668323
0.3299803208077232,0.3282857444240475,1.0051618945155498
0.37364005747557383,0.33871334836953193,1.103115833120156
0.3168122217339072,0.3168735418305893,0.9998064840114834
0.37775814194863777,0.35857354393987795,1.0535025473378943
0.4124125993159367,0.3708593523029456,1.1120458382806195
0.44594188529329143,0.3949856995292118,1.129007672492485
0.3491405263244416,0.3303295778720022,1.0569460009413034
0.34601849113007277,0.35364128645513343,0.9784448377013023
0.29905775431553555,0.31767028795293456,0.9414092713632802
0.3686640455623483,0.35338993150320075,1.0432217012923277
0.35102903788287276,0.33787271833435434,1.0389386855895808
0.27073418543105393,0.31016078793438223,0.872883342972196
0.38545542357546814,0.3513456709618544,1.0970831731617297
0.31665351502973754,0.3346448892014685,0.9462374153848215
0.40802241690101154,0.3591238436010258,1.13616075393287
0.35171402222942777,0.3268996318551778,1.0759082848562007
0.302201888849072,0.3189782099230077,0.9474060592477931
0.2935438532097705,0.31036671329268767,0.9457968288401709
0.3114240800119956,0.31330606379278936,0.9939931460055034
0.23572119800880909,0.3133464739545552,0.7522701469523982
0.2670120081472542,0.3066588482140725,0.8707135297164436
0.428194642753399,0.3839088754830738,1.1153548930448673
0.40742438106687917,0.35762645338729726,1.1392456492183827
0.3993743009359983,0.3497271717761176,1.1419595992720375
0.32197082076931416,0.31918871952228656,1.0087161640649187
0.3195147886155116,0.3223915952449002,0.9910766698889799
0.3468462208238124,0.33288024327155097,1.0419549607841054
0.37321669647999345,0.33962988843219083,1.0988923801814
0.35321446489587266,0.34290413301860795,1.0300676803936488
0.3140938201574002,0.3196844493404907,0.9825120389977557
0.41294189116352603,0.36479127030910813,1.1319949921323973
0.32613750403352154,0.31726054912901286,1.0279800149400198
0.3850448086923094,0.3586673232978887,1.0735430402521309
0.3606964312058977,0.334732452091287,1.0775663636805968
0.3426985024368788,0.32586495297741486,1.0516580543739256
0.3786699486633304,0.34576666686104424,1.0951603637822882
0.3553167867411123,0.3440240496219734,1.0328254293022472
0.3891666013563921,0.3566548658289768,1.091157414751227
0.2595708879064762,0.3167198439654238,0.8195599134445566
0.2562466510752458,0.30404190118886,0.842800449784303
0.4083207720849541,0.36151871139596037,1.1294595804136203
0.37274320432573094,0.3574152833811909,1.0428854658914866
0.3437943989584712,0.3389736739035171,1.0142215323079224
0.38885020069263443,0.3508250168466876,1.108387891455768
0.4133857508865261,0.3577103074605592,1.155643945015774
0.26257013688068637,0.3067297038659611,0.8560310057073175
0.30834109806270177,0.31241210610696135,0.9869691091840539
0.37593781434512036,0.3367269346546302,1.116447113833372
0.32185046461356037,0.31894978341211894,1.0090944761598832
0.3513096958658252,0.3251279682956447,1.080527454181896
0.3860781920234992,0.3477482595646302,1.1102232186779508
0.24920745898367164,0.3060066218681351,0.8143858373465543
0.3484847809440082,0.3324473590460096,1.0482404851824347
0.4384656846314137,0.3833449318479569,1.143788917510246
0.4029241570725697,0.35578490186955936,1.1324936919900352
0.3285590652954991,0.32530579248130576,1.0100006605765568
0.29671728958587945,0.3184736305383269,0.931685581265639
0.4243819555229391,0.392619972121152,1.080897523450453
0.469698559245893,0.4111241182360711,1.1424738623001143
0.322774582751198,0.31756094336164986,1.0164177601135624
0.3876511831524544,0.3624536448941707,1.0695193402335377
0.2898507499387267,0.3147721419988406,0.920827199313573
0.3902572107717439,0.34975406638055007,1.1158046418454628
0.43848231002818694,0.38020220790151127,1.1532871217354232
0.4809105397658721,0.4082932466741839,1.1778557291437066
0.42644046918548656,0.3749388164400536,1.1373601518093746
0.41385975758786786,0.3666416703349136,1.1287853811319981
0.28483400220970634,0.30438816945297137,0.9357591089088428
0.2634638496300039,0.30519781162402226,0.8632560247665503
0.35207616935453534,0.34019277319713676,1.0349313597867416
0.3553528317203236,0.3359249292872539,1.0578340597534417
0.3342088547004802,0.33272655954489877,1.0044549949893056
0.38876735104789417,0.3588474663624098,1.0833777230999522
0.33862932328271106,0.33303225045433316,1.0168063988419807
0.45194377712223427,0.3848326570646732,1.1743903975547552
0.3936376281522135,0.3695130522062586,1.0652874798384355
0.4477140405913367,0.4122887112746336,1.0859235975857353
0.30755000555523726,0.3113146306739942,0.9879073299234074
0.3312705220895711,0.3199000177940815,1.0355439314255017
0.3023885852383805,0.31815786563270415,0.9504356733002214
0.3631985233451205,0.33109130488332317,1.0969739101820022
0.38405012872813526,0.34135193007655684,1.1250855638695298
0.31920607282754765,0.3152589784696697,1.0125201647770286
0.39177564754069366,0.3555651184317325,1.1018393740889785
0.4104873369029657,0.36468721704489987,1.1255874012508285
0.3427474646016483,0.3311728605269251,1.0349503400016142
0.3786323148459078,0.3388972123749022,1.1172482422990513
0.30882690490169246,0.327847610177367,0.9419830900539911
0.2840463675636684,0.31566551474178445,0.8998333815336762
0.2906690694769808,0.3121418571718696,0.9312082400949335
0.3336249199299612,0.32302808510815795,1.032804685754352
0.33546772374482164,0.3247838575784093,1.0328953115036916
0.26141835411609937,0.3037014585307689,0.8607741147532694
0.3575674686171876,0.33291271730757377,1.0740577034996102
0.4146005772185972,0.36686781391502354,1.1301088879784638
0.32296784143549256,0.3214701013745473,1.0046590337780752
0.39725543413650294,0.3668029739443595,1.0830213012306786
0.27861998198516896,0.3039982895606303,0.91651825537525
0.38620726721357684,0.3497831317755704,1.1041334819466855
0.3723655030835403,0.3441675922260459,1.081930755522659
0.2668842700459055,0.3101531664113576,0.8604918438650909
0.2964499103187983,0.33344583974895814,0.8890496595848578
0.3526857001984165,0.33728276118465855,1.0456677327938648
0.3751044463565173,0.35564371514297183,1.054719738842347
0.3454401831061267,0.33376217490110993,1.03498901038884
0.3479500859738708,0.32539803317400395,1.0693060513608184
0.3976157147081693,0.3587073165062055,1.108468370762353
0.38146284805127256,0.35715540365834225,1.0680584533901747
0.298546526044226,0.31512362132040567,0.9473949454924399
0.3701579928090812,0.3434819959964473,1.0776634499728184
0.26707465813342757,0.3079493823085062,0.8672680429859411
0.26896203865263024,0.3068866663128052,0.876421389968377
0.3076117124396686,0.3187148516988029,0.9651627804604876
0.35390970450710935,0.33381788032298515,1.0601879808375885
0.3901301443643865,0.36670027654776005,1.0638937827841395
0.35512715116871024,0.34093802075447266,1.0416179174820046
0.3654457971678136,0.3316010185378832,1.1020647607753469
0.27200343067706867,0.3360322058130488,0.8094564329598738
0.3757551028044319,0.34714685983891636,1.0824096262279037
0.42005284808140225,0.3722413819470009,1.1284421035735588
0.34975406870463094,0.34178486251923895,1.0233164398407006
0.2987714431188063,0.3207452136161403,0.9314915092587115
0.37970740243213114,0.35240520373257767,1.0774738806645765
0.4629279825922218,0.40193358318467987,1.151752433634082
0.43745023149188356,0.3811134712511386,1.1478214875370314
0.3333494625938836,0.3208687635745303,1.0388965846357752
0.36083860670872264,0.33634018686089784,1.0728382179854017
0.41918771975319874,0.3836957833899332,1.0925001991152887
0.2890494914104964,0.32515515596438876,0.8889586589921807
0.29945431922968846,0.31479477069102646,0.9512684044030872
0.36674285774306253,0.34932677225092995,1.0498561429457864
0.36077563521566647,0.3517029206818439,1.02579652883244
0.3641282119336992,0.34609525828926513,1.0521040182219492
0.33647525568994174,0.32739968056186336,1.0277201709925416
0.3086855825641034,0.31546617322784615,0.9785061244622083
0.2875322029707758,0.31902174501483704,0.9012934305070749
0.5138878170546921,0.46063124191521804,1.1156165068570756
0.5048135343860262,0.4284463214386318,1.1782421954072786
0.28194437054177157,0.3180435271170614,0.886496175845758
0.3929767982348454,0.3625840713201337,1.0838225650786442
0.2765690386257775,0.30519789504261846,0.9061957605807105
0.2596147994294654,0.3102811427682534,0.8367082740293041
0.27627776434748585,0.3145643055281406,0.8782870767349996
0.30391207603103165,0.3150450588400861,0.9646622522821238
0.2802007326902917,0.3068929708508046,0.9130242765531139
0.34150145291371237,0.32724108328539747,1.043577565155161
0.26000906246550265,0.31653662277441785,0.8214185776879285
0.3811313402198232,0.344995592048656,1.1047426373090323
0.3672951264508468,0.3442501048775966,1.0669426711763652
0.3725275651785245,0.35244060014928985,1.0569939020099444
0.4318236137647259,0.39347718352663785,1.0974552829071271
0.3497073129206618,0.3427204238415521,1.0203865559011445
0.4213883801338607,0.385514117115806,1.0930556403133695
0.2663977181692324,0.3069267861318068,0.8679520009531864
0.41220384889162615,0.3821544400992064,1.0786315835676774
0.4435143745465396,0.3780821495524133,1.1730635129735354
0.39170348564448504,0.36475623775201554,1.073877414841607
0.30775135559617617,0.31725800028109075,0.9700349725570618
0.2778823978533183,0.3174513688414484,0.8753542278537382
0.35061293709359914,0.3552589457998811,0.9869221908098014
0.31895575098752754,0.3194412279237486,0.9984802308099787
0.33862258328104816,0.32899683129294544,1.0292578866193753
0.32920301141939684,0.32172921948760047,1.023230068887431
0.40698277782388304,0.3938899862447645,1.0332397167644232
0.2804664799515115,0.3102551173656089,0.9039866363300173
0.2582168348559345,0.3254217065744282,0.7934837462874559
0.23635880407142595,0.31683681613483206,0.7459953895346615
0.36856572038767266,0.342207594943579,1.0770237885820138
0.358979247916952,0.3433762371621805,1.0454399840936053
0.3593457642372694,0.34036652954525626,1.0557611664030837
0.3888703782426776,0.35110798543657623,1.1075520762056912
0.2968142010236341,0.3276888687149409,0.9057805417303786
0.4074882238749091,0.3562071839248323,1.1439640811985932
0.4197419930592837,0.3616399448626609,1.1606626950977115
0.30764597410804384,0.30981045473119206,0.9930135326613615
0.2452711577241284,0.3087997257938217,0.7942725891145712
0.2422706442031034,0.30588767130780053,0.7920248735991642
0.38665616327834196,0.35654059630058776,1.084466025160189
0.36612776190562707,0.3317766926697927,1.103536716094831
0.4167376162016673,0.37381781528949953,1.1148147550938121
0.31117225118423447,0.3147431017695044,0.9886547137484686
0.30133516922028364,0.3105399730820014,0.970358714949437
0.37823695941526186,0.3600338816155437,1.0505593465760426
0.2699922219502054,0.30862559932546535,0.8748212155449924
0.26432913670837327,0.30891268493220153,0.8556758903131051
0.4007631736232342,0.3718381529989087,1.077789275767004
0.2865687714665098,0.30665219280550127,0.9345074915158695
0.34272674163966355,0.3398956894996553,1.0083291792966709
0.23929797827240867,0.3136092406219925,0.763045048665659
0.27211317109632766,0.30823261221937187,0.8828175874610643
0.30165035458538064,0.3133910005058867,0.9625367483381657
0.37267306599755823,0.33956642206963555,1.0974968129243752
0.36286616610037814,0.34644229869585236,1.0474072232702294
0.36745316351690427,0.3456335503987934,1.0631293261112393
0.29164523951624444,0.31884639870457143,0.9146888304248016
0.34724027178371647,0.33020952669442455,1.0515755716068487
0.3974833048539915,0.3545809999453843,1.1209943705816596
0.3820018883109996,0.358573123246127,1.0653388766363032
0.3415125389396224,0.3454917975893037,0.9884823353913266
0.4370670424580867,0.3748684779213021,1.165921031508662
0.29427801466970227,0.3124233592276235,0.9419206534275147
0.4385845219858695,0.38226063820552864,1.1473441891499627
0.4324647575166292,0.3860087253809301,1.12034969440096
0.3984131756557813,0.36831368767053135,1.0817224257279707
0.4702517813460995,0.4063899844630397,1.157144120978867
0.2737302917282729,0.3066351625313107,0.8926904842503904
0.3548810773900997,0.32873209727402647,1.0795449557037804
0.3124167508450455,0.31550398070986546,0.9902149257899254
0.26653591544895255,0.30230461331796815,0.8816799470030132
0.42936537298883437,0.38361855822171875,1.1192507864561534
0.3353003221178117,0.32967877119290545,1.0170516011830706
0.40715423471943446,0.3604528424191549,1.1295631128522843
0.41801529240647467,0.3622146557011121,1.1540540555912995
0.24816005888212683,0.3084693341199954,0.8044885874639063
0.3103483867085471,0.32358458873443047,0.9590950790405334
0.38434741507897013,0.34508936750607266,1.1137619737652642
0.3924037982288816,0.34554714193382136,1.1356013423604996
0.35473979851973125,0.34460766487385225,1.0294019393027372
0.31143302840370396,0.33811378130848313,0.9210894249813598
0.38380891253205773,0.3580043851917093,1.0720788024049768
0.310795104881946,0.3203054841056805,0.9703084096412266
0.41404765766679547,0.3610602784861889,1.1467549390998253
0.38739458863124976,0.3463861112319136,1.1183894967771384
0.4114502115102331,0.3755058135270156,1.095722613840788
0.5269659474664865,0.44894255339779626,1.1737937147596604
0.4134677566362243,0.3685443380615043,1.121894203587583
0.3428375987058818,0.32680324695083657,1.0490642363705076
0.33479031890224736,0.3207593929006069,1.0437428375043352
0.39734050479462646,0.36726025032816595,1.0819044654018022
0.3031172669547749,0.30892924344637923,0.9811867066168078
0.31475120577364174,0.31244826372884454,1.0073706347966644
0.32299058124751473,0.3254343294163693,0.9924908101329163
0.30123253529117966,0.3200911323049868,0.9410836630243213
0.41697124351774956,0.37282979386629156,1.118395714016591
0.2511937000156778,0.31076551175305805,0.8083062325631634
0.3233787596374552,0.318377107380383,1.015709836357978
0.29901372258043685,0.31240636874610045,0.95713068776601
0.41369255038601016,0.36177938706908863,1.1434939777456357
0.3717438105861848,0.33799531439027986,1.0998490060632493
0.35861981950026867,0.33259911601352815,1.07823443368888
0.37392470752035506,0.34684255399988073,1.0780819804495028
0.3215753790322133,0.3233967956225325,0.9943678582627481
0.32173761992045163,0.31627168579033904,1.0172824010990855
0.40598534616000825,0.35247837566718593,1.151802136490053
0.36356290796188284,0.3410882978391497,1.0658908859234206
0.3720229710150498,0.35153299481279565,1.0582874908034332
0.2993776902253379,0.3223386455094708,0.9287676001497057
0.3569547704882244,0.34199301909035845,1.043748704104141
0.26243872769722226,0.3085004347134756,0.8506915976989341
0.33968260326706345,0.32991991234548756,1.0295910933419277
0.3024890726781208,0.30851832600836765,0.9804573899766222
0.4131500993228295,0.3597204955977983,1.1485308854482692
0.34357325920051635,0.32913329623048715,1.0438726896835047
0.2661530178049569,0.3035344302790972,0.8768462199172318
0.43109100532905015,0.3805615341880143,1.1327760863925675
0.3667452993510183,0.35284633178196795,1.0393909935207684
0.2663397344225081,0.3070635420537578,0.8673766108510526
0.2346170610158989,0.3108761624329004,0.7546962082258035
0.3423352643755269,0.32611267914306874,1.049745337332748
0.4009207750106121,0.35593819009901,1.1263775176782502
0.35608279245107005,0.3344527052114738,1.0646730820308945
0.3881711377963337,0.35239601500969453,1.101519657609224
0.4196058102093226,0.3733426659510308,1.1239160387427025
0.37426789901246615,0.3386903852885925,1.1050443569384427
0.3429335836889496,0.3275413124750427,1.0469933734392047
0.4026958532863216,0.3637936115308706,1.106934922775987
0.40168324876823835,0.3810732341583559,1.054084130719393
0.45273184111886544,0.39335162104895205,1.150959642448057
0.28813195113794315,0.31487771497949946,0.9150598388860335
0.3100245741744015,0.3212521841448925,0.9650504789551032
0.33155109331460336,0.32059768652695436,1.0341655827473606
0.2977701314292674,0.313263266286281,0.9505427653848986
0.33849626391582244,0.33302808180335475,1.0164195826455755
0.3987071202089972,0.35317167733954097,1.1289328838950985
0.3285146595038196,0.3270096995638131,1.0046021874642064
0.29256914583524096,0.31416623458832393,0.9312558563736701
0.2738455457243145,0.30713150819893653,0.8916230943877569
0.32526456966846035,0.3211551877502284,1.0127956267716527
0.3734827185648657,0.3353759161330972,1.113624147109733
0.40188071132454223,0.3587624328230043,1.1201861581834305
0.3484201193018936,0.3291503526577083,1.0585439647522552
0.2929455232744102,0.30660539603639425,0.955448035362161
0.28010591979546534,0.30567158307011155,0.9163623159932984
0.531297203521179,0.45172603299287317,1.1761491805134934
0.2401323834924668,0.3065675790355049,0.7832934723493903
0.2566923408479245,0.31124081143452925,0.8247386956254635
0.4446539001614952,0.3776575258470007,1.1773998126059761
0.3470049588685144,0.33301457713018434,1.0420113193208982
0.2837616161013107,0.3171550195839092,0.8947095224082882
0.35013542861461594,0.3248143229313306,1.0779556315582748
0.48766381707734785,0.42004864149248566,1.160969870881184
0.362375331474471,0.34206601222895383,1.0593725144254424
0.28128636582207683,0.30694935105953475,0.9163934207748808
0.27350044565756965,0.32164308655091384,0.8503227866341111
0.3546716283523152,0.3378576775647898,1.0497663717714423
0.39927212547978147,0.35773152360986904,1.1161222848093626
0.3606996387836108,0.33358327407663585,1.081288142464677
0.3964194615980452,0.36877406308886496,1.0749656802802816
0.32746857920514577,0.33311386366934076,0.9830529885426844
0.3251401958022694,0.31466743154504045,1.0332820089000214
0.27085480692787284,0.3089933816862712,0.8765715480692029
0.37198707945932896,0.33708724696879905,1.1035335296851507
0.4046052002969493,0.38658937176010166,1.0466019757729588
0.2560398262159633,0.3038991972568242,0.8425156384983303
0.40188416136460925,0.3795926451425424,1.0587248370254805
0.31317150883335304,0.3117655769669841,1.0045095801789492
0.2811461719804462,0.3198896610622338,0.8788848349986211
0.4044261625723702,0.3636152331438622,1.1122365778673562
0.3899803476930677,0.34637507653337224,1.125890325586097
0.3926602988489741,0.3601535863959816,1.0902579168467643
0.3005093306753765,0.3158695405252558,0.9513716649464302
0.4389298207327528,0.3780106460724261,1.1611572988572778
0.2722971337831794,0.3114661187947089,0.8742431916411868
0.32333083564532666,0.32262752353810437,1.0021799507354778
0.3970131138214148,0.35192184201947757,1.1281286536328188
0.5170664009445425,0.4372020245023199,1.1826715613522938
0.3327542967109683,0.34805406809711775,0.9560419693704589
0.34862563546768155,0.3300674396932126,1.0562254665038096
0.35824009832853604,0.3366271041124724,1.0642045573633976
0.29573826897961303,0.32640484989027535,0.9060474103832366
0.2994799028994188,0.3129402493572373,0.9569874872744386
0.39236107372153145,0.35153906540785385,1.1161236753767783
0.2550899567920457,0.3083751950847469,0.8272064707472419
0.31508319875306595,0.3185035255364983,0.9892612592665307
0.42010228754984047,0.3693945532986505,1.1372725553161944
0.39467676653064565,0.3495105866152258,1.1292269294410329
0.45773959425388017,0.39201267687004504,1.1676652854918363
0.3835831256198126,0.3692516197890829,1.038812303217291
0.3162983118030285,0.3250581227239185,0.9730515550650307
0.3057420318480932,0.31076825288061605,0.9838264655867093
0.47885722479688375,0.41438550673808067,1.1555839116244804
0.4119750043604921,0.366886597419892,1.1228946689731423
0.30833392357951583,0.32118998942152843,0.9599736409432725
0.307358021805919,0.31142230199898585,0.9869492962868147
0.2825717102427606,0.30966123739760193,0.9125188306340757
0.36129224462692094,0.33552967584942883,1.0767817890094862
0.24908095930054835,0.30827957865350203,0.8079709995338636
0.36274440240454175,0.33754407518581975,1.074657886395574
0.3702531831526121,0.3519748923424161,1.0519306666692978
0.32590090962087653,0.3187429598754363,1.0224568089228936
0.26994999687585713,0.3051499409191348,0.8846470560103904
0.30257329643402653,0.3182120740558153,0.9508542293117209
0.30870854456710844,0.3213463706084824,0.9606722614683846
0.46029404788707656,0.40153258366606176,1.1463429535020857
0.36636770554975756,0.33792683162501247,1.0841628165126145
0.299295371887207,0.31633868970492013,0.9461231952575543
0.3171167797500254,0.31478488516104625,1.0074078988506265
0.3025618536601307,0.3114766492369143,0.9713789280877911
0.3048314774005787,0.31319808442540886,0.9732865319397483
0.3597085642197735,0.333807904533667,1.077591510968831
0.35811872639968717,0.3397845186899443,1.0539583374205255
0.42071605282222063,0.38115134358038516,1.103803147773743
0.3620429238507407,0.3354156899765351,1.0793857731463559
0.37955297133321386,0.34514192667634763,1.0997011432028505
0.25106772269329936,0.31100828566095984,0.8072702055500746
0.45704395082073596,0.4070794364236708,1.122738978996385
0.3455265423663272,0.3371401287303996,1.0248751570081827
0.40952406094345745,0.37101251980872474,1.1038011901986147
0.3019093429462574,0.3112835544282206,0.9698852979908232
0.2894030394635939,0.30749815808127445,0.9411537333082242
0.3781759015720582,0.3521379759810161,1.0739423957853549
0.3624618958689183,0.35117086505605905,1.0321525272634928
0.315594693209995,0.3167366807413977,0.9963945207459722
0.3058702207286435,0.3210278417201231,0.9527840921514394
0.34542592829187624,0.32642401205372507,1.0582123726701322
0.36761522019460047,0.33720443773434516,1.0901850007211749
0.32501354406821803,0.32666084576554066,0.9949571498430976
0.3027276169476601,0.30827118317326385,0.9820172415451236
0.4207652416934846,0.3635280387500513,1.1574492111811698
0.2831708947069572,0.305927239567868,0.9256151727676986
0.3292327595868943,0.32130651267865473,1.0246688025155803
0.375945552533235,0.3524626125079107,1.0666253361122018
0.4261394266118468,0.36624076284645407,1.1635499645092895
0.27800322020685697,0.3172714728152773,0.8762313792035025
0.305753222874267,0.3176846961941693,0.9624424044883492
0.2658320289286176,0.31321486226176815,0.8487209930237904
0.3658805148406325,0.3413822185434523,1.0717620747844017
0.28434128684508325,0.3195109794943598,0.8899264973462442
0.35661282835325153,0.3275043941474399,1.0888795226139996
0.40045586658645943,0.3652163493441919,1.0964894296368333
0.4066925070188369,0.36151135662245154,1.1249785091636024
0.39625099532234553,0.35815026298376773,1.1063819750435437
0.28302272779739823,0.30884717625827846,0.9163843789224606
0.5275826728234417,0.4428606295626909,1.1913063334268634
0.37084788599339835,0.33843550216759705,1.095771228544901
0.37940971787440264,0.3469895833338767,1.0934325873100663
0.39276652485052405,0.3473807529918535,1.1306513716369742
0.3442709369159795,0.324242031896876,1.0617714640570524
0.2570174514762313,0.304904580559475,0.8429438842952941
0.37129563297369983,0.3387401570444857,1.0961075185571776
0.6271202851723928,0.5394676207360148,1.1624799358982665
0.26849760819917545,0.30823112369724204,0.8710918124637713
0.33615099209466276,0.3228339779546423,1.0412503486293239
0.35670943950808204,0.32856914803920956,1.085644959780321
0.3561063795964807,0.3308468134576873,1.0763482225347893
0.48175873623112014,0.4185390527202369,1.1510484699097865
0.34573465755058935,0.3342486953924483,1.0343635212836213
0.39093528298370844,0.35892243805946883,1.0891915398137786
0.3603665243963178,0.34196356743031886,1.053815548551817
0.3165331880294643,0.3211838066363981,0.9855203826879148
0.2761261863302316,0.3051577784034486,0.9048636668378338
0.36920722870326234,0.3506708697932348,1.0528597055151945
0.3353413271200008,0.3414362367749264,0.9821492009386709
0.2518344693655919,0.31500215271238036,0.7994690423450372
0.30146250330807595,0.3201819246452381,0.9415350464961341
0.3447420368700381,0.33312678019608205,1.03486737591952
0.4036600648612452,0.37021848855913175,1.0903292983347916
0.30337154697515656,0.3289883786288855,0.9221345393399869
0.3290364354662882,0.3293523900882604,0.9990406791282507
0.3892122717446581,0.3606265068029952,1.0792669545982068
0.376721728284737,0.3406143950121819,1.1060064806458452
0.3814767319775416,0.3443444757953166,1.107834621410616
0.2505647298009144,0.30508140508939846,0.8213044965080419
0.32959325309523474,0.3229839146649584,1.0204633671529197
0.43657967640525897,0.37657369427682974,1.1593472487335166
0.2610483196327336,0.3078290830225862,0.8480300726282572
0.2722800197832547,0.31350792866130195,0.8684948445990093
0.3437973949182074,0.3216253405062488,1.0689375233215737
0.37586537338179843,0.35095822207773064,1.0709689921399002
0.2628651654874709,0.3088442215847865,0.8511254124769401
0.38825008410830625,0.355493238270821,1.0921447788903667
0.4125116002707081,0.3708377326387663,1.1123776357260182
0.3061812667180164,0.32066022661255905,0.9548464115818236
0.39857968896171914,0.36223122741751385,1.100346018766376
0.29765090526954535,0.31992011456612174,0.9303913437053557
0.3653789604107835,0.3403541953961094,1.073525654606813
0.3949972808460966,0.37068398826342697,1.0655903501431827
0.36343045801151774,0.33945877206044733,1.070617370720948
0.4343391425280008,0.3921384086965235,1.1076169354890624
0.48385744241748113,0.40970401104853843,1.1809926907456065
0.4361261284955436,0.39033373201864624,1.1173160111991292
0.31353658468603496,0.3188320746708572,0.9833909747308548
0.3188058236700925,0.32118531028815567,0.9925915459336283
0.4742525384273008,0.3990153334237314,1.188557177384639
0.372818763542364,0.33622539131562496,1.1088358380179197
0.4075794853314273,0.36654234624146714,1.1119574300507318
0.32683149098893216,0.3251463940487895,1.0051825792042763
0.43109029734452625,0.3719599906391936,1.1589695348785238
0.3240839800914065,0.3270558046458882,0.9909134022015008
0.28563481068712443,0.31379219232024846,0.9102674243583877
0.3519420107719053,0.3357891346593829,1.048104225078359
0.33076088215530963,0.32541035372425386,1.0164424037828548
0.43652555374559765,0.3732773400527921,1.1694402710967144
0.3258413095703606,0.319294238848185,1.0205048194599233
0.41284796905170507,0.38271726015725605,1.0787283773981569
0.46533325050585733,0.4018889381841875,1.1578652863856456
0.3183938729645728,0.31803054757775173,1.0011424229200254
0.34670316080564284,0.3247136282597916,1.0677197709985187
0.46265572470659994,0.4044818981472327,1.1438230655706423
0.4010435584661691,0.3535691670968396,1.1342718647079504
0.3384065451851857,0.3255696179218958,1.0394291314565154
0.3028438166510512,0.31594903007047614,0.9585211152048745
0.31857920806564993,0.3203148961252105,0.9945813070807605
0.33283222767272924,0.3291743768673059,1.0111121978576658
0.3631414447362804,0.3384486207703655,1.072958855349181
0.27575162417252563,0.31052106868719753,0.8880287103813339
0.2768793889785854,0.3141024817490133,0.8814937960274654
0.2961615805038458,0.3192764792196339,0.9276022500239137
0.3133006116579075,0.32074524165036883,0.9767895855472225
0.338352805711835,0.3337047710680745,1.0139285831271867
0.3708309670159442,0.3363771075620485,1.1024262908484053
0.31183403529949516,0.31822106813667256,0.9799289441312722
0.3581618737394002,0.331087826308337,1.0817730078841665
0.2804977582915588,0.3050384647901823,0.919548813243918
0.3286400228522851,0.3397210576179139,0.967381960825956
0.4225262225951211,0.3673414154063373,1.150227567255766
0.2803891422174269,0.3138564340894817,0.8933675138152077
0.34061918326742946,0.3206762289012884,1.0621903108767066
0.2622756588353653,0.31984562362510205,0.8200070267110618
0.3796894592417719,0.35834239140593177,1.0595717066911519
0.396986908432432,0.3554657096237218,1.1168078880313448
0.4190807570840622,0.36502546507080397,1.1480863588593009
0.45193289114739127,0.39536397094877407,1.1430806152185946
0.38921704681597247,0.34297920707887836,1.1348123699127344
0.37665801978302565,0.34069286669801974,1.1055647376288755
0.344045141066065,0.3238635965452648,1.0623149521467736
0.3829047252975323,0.35635054221168644,1.0745170273097875
0.43256087113127667,0.37819854793214075,1.1437401690100883
0.2397001745000374,0.3139958422369685,0.763386460127516
0.4235715679077048,0.3676977734939695,1.1519557594347296
0.27591400720169096,0.30798106302061684,0.8958797807098313
0.37020331539895496,0.3444523612570997,1.0747591163198174
0.3071796889080276,0.3213189203294834,0.9559962687321454
0.2850317223788788,0.312766899635949,0.9113231697812234
0.38264798503323794,0.3530010029169346,1.0839855464186305
0.2880072371609573,0.31537715874660793,0.9132152699503479
0.38699466226022644,0.3526856114500078,1.0972794174085037
0.35383895557452194,0.34197065160080786,1.0347056214273274
0.467277622957473,0.40964549184941884,1.140687819723985
0.3180573712068312,0.3133171208941106,1.0151292412594415
0.4062352151320091,0.35605949553329963,1.1409194817949095
0.43245481778123235,0.3729191626029594,1.159647615753282
0.5413661344776977,0.45789481637662244,1.1822936515455535
0.28952516691560887,0.3147757987690628,0.9197821689208731
0.3224085312799073,0.31873946485089,1.0115111771011278
0.26763568345243777,0.3237032585397986,0.8267932941414383
0.3005665506018719,0.31600349213431705,0.9511494590512826
0.34499874671747505,0.3480476020106189,0.9912401198125456
0.2359944754967961,0.31845278977966796,0.7410658128009388
0.2686508803772094,0.3037526785371956,0.8844395436147969
0.28757888869483,0.30929453534749984,0.9297897499926024
0.26738756345578973,0.3058742413697567,0.8741748316510174
0.3451997152301654,0.3351151787002643,1.0300927477203918
0.3986405109653946,0.35999719265187347,1.107343387954945
0.2642172518593,0.3117363063680986,0.8475665056071844
0.38124279290678775,0.3394344917410368,1.123170456105703
0.43282804167131594,0.3741060939829276,1.156966028174532
0.4102907613982349,0.3723960341178875,1.1017592127964264
0.3863435033627427,0.35522872370138464,1.0875908325688044
0.346912162368504,0.32964571923040475,1.0523787876827573
0.30899114343028594,0.3316266130121899,0.9317441101113562
0.27417479812183415,0.30486974890253465,0.8993178205079523
0.4184061231498597,0.3678891288402917,1.137315811610999
0.2993519313245954,0.3120925647966483,0.959176747833277
0.2991912455138109,0.31974125448799695,0.9357292539334879
0.3137554219826719,0.31529791524814016,0.9951078228213013
0.3793133191750861,0.3492853821079696,1.0859696357342385
0.29460272749798777,0.30952898788651656,0.9517775039732265
0.3085753411959604,0.3209604617910537,0.9614123168754785
0.4268473274028662,0.37457495717758366,1.1395511611858786
0.3227867260083356,0.3260295894727075,0.9900534688596313
0.27374412797545256,0.3060144478251197,0.8945464174027857
0.48618522166013745,0.4258207083326441,1.1417603985580183
0.3059604147160185,0.3113739877051796,0.9826139202280221
0.32827407338754244,0.32436497463612585,1.012051543961557
0.45133278980568536,0.3897887889309193,1.157890638783029
0.258272606713694,0.30537160077895276,0.8457649829089642
0.36344708236902046,0.337260496079025,1.0776449853879702
0.38352934772627295,0.34550197299159663,1.1100641319220519
0.3782589371612224,0.345023779055336,1.0963271522817448
0.4533598769941103,0.39419035443968314,1.1501039330060039
0.3103601006953078,0.3322342284959585,0.9341605231355118
0.327302390988486,0.31968253536606644,1.0238356956650576
0.33104482035284305,0.328960849387546,1.0063350121121615
0.2524958306024306,0.3071857320238448,0.8219647082528918
0.27154338742650574,0.30307454325318856,0.8959623745094893
0.34756983578437595,0.32561827583196906,1.0674150119378885
0.3289424709799486,0.32588208671062385,1.0093910785346183
0.40021452553549036,0.3613209970885736,1.1076425913808225
0.3556391448491838,0.3290115867981162,1.0809319766218641
0.4225001886615193,0.3778952554071701,1.1180351767218901
0.3971406227493059,0.3522204234467559,1.1275343401809874
0.44334429238345835,0.3865412962854215,1.1469519470336065
0.360864981170588,0.35340521478186054,1.0211082521612818
0.4138940250584543,0.3737176910127102,1.1075045014242522
0.35055053629625177,0.3288409939596298,1.066018357611725
0.2513351877178491,0.30499102198380623,0.8240740533378518
0.27421276514858267,0.30450619138111656,0.9005162223627204
0.31214971156104526,0.3204625226202813,0.9740599587394313
0.4323888450051694,0.37289889786321323,1.159533716733532
0.3711179124316684,0.34206081282098666,1.0849471746589354
0.45429347001146914,0.4090371387052592,1.1106411301659833
0.3592738068924715,0.3360839389710054,1.0690002265281315
0.3945931733788774,0.3506783218469468,1.1252283041068538
0.2770218348868928,0.3216815705427945,0.8611678761063483
0.4353430718580902,0.39041761258425906,1.1150702679022593
0.3701023330386823,0.36504576175148845,1.0138518832897345
0.34145546942506916,0.33725197474801083,1.0124639586771853
0.25674391879784403,0.30195303950257,0.850277643241471
0.25904893534217127,0.3061567778167444,0.846131636181609
0.40362615543500197,0.37788699709882123,1.0681133739286872
0.4143300322780882,0.3654121292782749,1.1338704960243957
0.41246608949529745,0.3616421531105646,1.1405365385301047
0.30208584123027504,0.32214402457931285,0.9377353549387367
0.41369081992564916,0.35730084796840716,1.1578221050352169
0.42141582203493916,0.3676617906545511,1.1462051068311703
0.36308291794700204,0.34845566539552936,1.0419773704493207
0.3159574417246446,0.33045503329474335,0.956128398391899
0.30514672370191653,0.3253152860790464,0.9380030289378125
0.455719696439619,0.39010915636495597,1.1681850810322507
0.4022675304773648,0.365023633310619,1.1020314680147105
0.29031867753973617,0.3154491617000332,0.9203342813629218
0.41245949965904116,0.3790269821657278,1.088206167545864
0.4174933746682683,0.37900970105035403,1.1015374369343687
0.4058333045684397,0.37469606318471604,1.0830999960850236
0.26130422755340005,0.3069375152711196,0.8513271091107536
0.31860690040620215,0.31917505958995074,0.9982199135970131
0.2803120394921468,0.3052687366366204,0.9182467965129981
0.37254378651162645,0.33561920603141826,1.1100192712950747
0.4277916182770606,0.3694900870618329,1.157789162028239
0.3895262220014463,0.36207069123354585,1.0758291997464962
0.3164921941329598,0.332098264224388,0.95300767341294
0.26832478647594143,0.304938258519806,0.8799315237727493
0.36370018288284095,0.3443268809058656,1.0562642740119723
0.3609786067973633,0.3499812855164257,1.0314225981103824
0.3632347840921865,0.3522348383566037,1.0312290112667573
0.3931044899499525,0.3585366205747667,1.0964137758641512
0.3358320970410483,0.32687363031886707,1.0274065139896487
0.40923699812072883,0.36119828418291,1.1329981786776488
0.39823407906676994,0.3590911409755319,1.109005579989803
0.30823219335215774,0.31192816077138696,0.9881512223516811
0.4019276936657041,0.3553026125524069,1.1312263953770394
0.4710359328674936,0.3990488445005839,1.180396684162819
0.27757176871747674,0.31572855432864155,0.8791468649634792
0.503891032562314,0.4226432192038774,1.1922373521370606
0.4114081562179399,0.38887204798903835,1.0579525022316256
0.27210677503728997,0.31060606318990025,0.8760510733202514
0.3349907146072726,0.3247998985898588,1.0313756748744625
0.2970415471359427,0.31377564600252095,0.9466685860430233
0.361633277401489,0.33641399201186223,1.074965031147508
0.4151942764490607,0.36799460180244475,1.1282618669280229
0.3221801531427592,0.3177600864502248,1.0139100751825443
0.3456822268486995,0.3361811329035951,1.0282618297554162
0.3476925354538814,0.3414396105787389,1.0183134137967877
0.3021306072432923,0.30963225376592957,0.9757723995759556
0.4226786691548664,0.36853791834757754,1.146906866598805
0.3367513758165287,0.32991864452821235,1.020710352087216
0.2847407255464813,0.31473536164156474,0.9046988684759142
0.35993237687326674,0.3421375281270493,1.0520108064252147
0.375851700206374,0.3424101112101113,1.0976653080660406
0.3817152388650169,0.3599020094892838,1.0606088012864585
0.28852024829948086,0.3089558039666341,0.9338560551224985
0.33988243734894036,0.32511100760187894,1.0454350341934595
0.24056676252670656,0.3137257330392773,0.7668059619979866
0.34145471754406526,0.32667089321851617,1.045256019536641
0.3872470467699941,0.3580938382924092,1.0814122036184806
0.2617240182479344,0.3060212774565589,0.8552477802302074
0.38647916188455805,0.35352883562098497,1.09320406977749
0.35442017226876965,0.3290110995829791,1.0772286184812503
0.40232579124269485,0.3562337147076814,1.1293871821560622
0.36127213771972155,0.3482866477714806,1.0372839155084723
0.3911252612668102,0.36187809563280815,1.0808204917262487
0.29216610635959694,0.30905799382365223,0.9453439554982236
0.3689142246917126,0.3381754510261831,1.090895934557797
0.3857583566260397,0.3578436663785348,1.0780080601398045
0.3236448917552509,0.3197699687462227,1.0121178452880402
0.3505375313487419,0.33008245479870857,1.06196959654371
0.3463541703141075,0.3390972647659853,1.021400660819633
0.30920994969429566,0.3193239228482024,0.9683269168695682
0.26252985133831735,0.30423261921267125,0.8629247317980656
0.31678658654373526,0.328100300231277,0.9655175149807338
0.3404296203626532,0.3276567088354753,1.0389826033856413
0.4476732583447996,0.3839639728029779,1.1659251650011253
0.3280138748589246,0.32266056769675006,1.0165911415838262
0.40743200143585967,0.37491594126133054,1.086728934665022
0.3028565106851463,0.32615993741137855,0.928552148644669
0.42961929531767684,0.3715847638459951,1.1561811385133498
0.26918223824222837,0.3081659072827323,0.8734977876552137
0.4870218048618472,0.4130811893155424,1.1789977792714823
0.372559033896118,0.35058534111706013,1.0626771578898413
0.33969382723859265,0.3512099933556697,0.9672100272345763
0.23550828238497828,0.30995226141881743,0.7598211457046024
0.4024554681367048,0.3685301673580162,1.0920556952552847
0.30599485565160167,0.32411352270667526,0.944097775051888
0.3884269771125605,0.35360615484636787,1.0984734620394867
0.39735413448873635,0.35521863818794036,1.1186184838603621
0.33552298896115157,0.3287893421644161,1.0204801249104
0.3557046201910685,0.3651908371341217,0.9740239458977191
0.3017207563333938,0.3093318474293611,0.9753950614551404
0.40520116097231323,0.36290641314255356,1.1165445037565258
0.37556667428564944,0.34258698415268907,1.0962666174096722
0.41822479944488966,0.36505777596118977,1.1456400246336684
0.3216372530453838,0.3398597047784869,0.9463824293468974
0.26175613864468517,0.3114447475935191,0.8404577077225756
0.2786795753735604,0.31098723759839775,0.8961125785278727
0.3965480151117497,0.36797145554289756,1.0776597182699699
0.40006659083353585,0.3560600301460455,1.1235930937528713
0.41533865919786783,0.37128225359666306,1.1186601437974053
0.3894201723174101,0.3444167021396833,1.1306657601043837
0.3672580885710741,0.34731325194481105,1.0574260743423414
0.3070057883761965,0.3214999723756752,0.9549169976831534
0.37427200341061334,0.3533071252736847,1.0593389621584577
0.3721500315919586,0.3387917255468402,1.0984625760598938
0.3433638132728727,0.3368596180622903,1.0193083256698927
0.3360949790770097,0.3276978575405895,1.0256245847911292
0.35854859282183144,0.3387286773909194,1.058512658519427
0.45184086584599786,0.4169376420688241,1.0837132948802264
0.4085200034046357,0.3573455138272549,1.143207309444828
0.3523505050534975,0.3320336417745197,1.0611891709839896
0.4320773138057075,0.3790668752739931,1.1398445551155003
0.2686936191472595,0.3038728080464311,0.8842305465719845
0.28024511949403125,0.3220456890974124,0.8702029835563572
0.4364034496981594,0.3797916644138157,1.1490601047595934
0.45728566724660225,0.39520656549891187,1.1570801377485247
0.3173703877718638,0.3151064187706395,1.007184775892719
0.26716253805645584,0.3075722890074559,0.8686170620851331
0.4065654631722726,0.3808773158417024,1.0674446764407637
0.424106546843584,0.38120274567806456,1.1125485103450772
0.30815910646501415,0.3127236972110268,0.9854037580563253
0.26964884666315586,0.30281890334847844,0.8904623974311435
0.5331656364388023,0.4529111493026278,1.1771969783913396
0.3368409299958121,0.32433163323306563,1.0385694624913668
0.3938570107676485,0.3523520804309477,1.1177939130824426
0.36426254088171584,0.33562373812031976,1.085330086965211
0.29434265057433673,0.31614473689056877,0.9310376426611882
0.3877805926416246,0.3456565840023017,1.1218666462289706
0.3585961152629953,0.35548891498713536,1.008740639004095
0.45761681408988447,0.3931087814266068,1.1640971550652608
0.3575675446452392,0.3375358572245564,1.0593468426892378
0.32578252590738827,0.3254590019669393,1.0009940543616669
0.3147177419197565,0.31329478404000105,1.0045419137254892
0.3633301914232181,0.3350613528299004,1.0843691412171574
0.3418135782282165,0.32948077668712966,1.0374310199978614
0.28826255482646534,0.3092037527917584,0.9322737910642487
0.3952110250044809,0.3636768383396592,1.0867093621050734
0.5122902951346231,0.44424250918968666,1.1531771150605508
0.46695377814265865,0.4118212470835965,1.1338749067696128
0.33005243647505045,0.3253354066061098,1.0144989748215498
0.3829699919901685,0.3582432256203655,1.0690222859817768
0.4558964845612721,0.38614721507444366,1.18062870005001
0.32700248532943366,0.32370732994224766,1.0101794277805631
0.4504326934188951,0.38300603185129695,1.1760459521790945
0.38487632486993256,0.3609642666213496,1.0662449457183156
0.3488862721668636,0.339664325561217,1.0271501771356455
0.3755520717216094,0.34142024430099527,1.0999701335534269
0.35575689931515725,0.3412739541262306,1.0424378860848245
0.3839132466926562,0.3545555121849624,1.0828015176714518
0.3313613942806249,0.3327204073932443,0.9959154500823474
0.45920466921438113,0.38888617306630885,1.1808202528611946
0.4276684562414019,0.3725289479269042,1.1480140231285243
0.3894324497209842,0.350413517637937,1.111351104107129
0.29862617793501633,0.32605353593319764,0.9158808141132975
0.43039473712803644,0.3713927997522748,1.1588666700461532
0.30938256756702504,0.3179146516066267,0.9731623440552879
0.44618363602163646,0.3813957842320638,1.1698703930879109
0.3023972313780925,0.31383288748197674,0.9635613201801835
0.35579409051326594,0.3425913722367933,1.0385378014346116
0.3845415999139871,0.3437214544393697,1.1187593760802552
0.2593552843852604,0.3068744921971845,0.8451510014022597
0.478663335197915,0.4141559536913577,1.1557562578338068
0.29614934642926954,0.31215934468228884,0.9487120968000684
0.2630420845735886,0.310869300356001,0.84615008388528
0.27454537231415066,0.3042854748377528,0.9022624969546779
0.4890624833149157,0.41078299552846,1.1905616557612164
0.38612408174810703,0.36566551867545743,1.055948844033083
0.4164096738945255,0.3805346775211389,1.0942752355897807
0.3807827483003971,0.3623742389996338,1.050799718411501
0.34964514687124265,0.34150777837589374,1.0238277691186062
0.4086298726443607,0.37357549025758685,1.093834802606036
0.3436414305861581,0.3315928396658205,1.0363354978728738
0.3579961021094187,0.33024408554547613,1.0840348632379095
0.3881906861575116,0.3638043439454082,1.0670314761710562
0.32776410333743855,0.3271137855889548,1.0019880475147596
0.4176429110541445,0.37148611778327284,1.1242490393619493
0.35930447951737854,0.3436962763566679,1.0454127793474066
0.3888901342325503,0.35690364899097926,1.0896221860773956
0.3108287071877662,0.31842765777622534,0.9761360220983087
0.36949397186266036,0.3461929119498579,1.0673065770802879
0.3954871625642749,0.35220020872474944,1.1229043957590468
0.47565315956507376,0.407649212483171,1.1668197680737828
0.27291346150160783,0.30960400114181197,0.8814920365857989
0.3846701762287682,0.3412432937997216,1.1272607644402066
0.4119521837364413,0.38352432166953876,1.0741227099839505
0.3468337081925617,0.33515797473033443,1.034836507982904
0.5200550496467314,0.45003813951481575,1.1555799475293376
0.34867230133491356,0.34768811988199105,1.0028306444673938
0.22984165242428434,0.3228985901820654,0.7118075439557937
0.33793856709249803,0.3222887692405796,1.0485583096450881
0.3235288576098565,0.3365573509926597,0.9612889353200093
0.23613649632875014,0.30968175882409466,0.7625134177272621
0.39720788842766797,0.3482011753521626,1.1407425262879745
0.26493940946159267,0.30178152577665784,0.8779179201899481
0.4353243252919331,0.3842159552935928,1.133019905327166
0.2351200268296833,0.33207228097208297,0.7080387021205472
0.3566356058349225,0.34123833618668487,1.0451217463439222
0.3037953918488207,0.32224229384583003,0.9427545596921711
0.3209465976664579,0.3218814973215334,0.9970955160117773
0.3129177201851324,0.318984417918448,0.9809812097628337
0.43517094166601705,0.3909902851560611,1.1129968139549082
0.4142573673016398,0.3645456332607848,1.136366285878105
0.3575270394059626,0.3382130456768685,1.0571059986478075
0.2722872522989856,0.3107085544748293,0.8763429534768208
0.27465547633185655,0.30714108684276004,0.8942322863904744
0.46198859347986265,0.4143282222186929,1.1150304727154536
0.3335724287117272,0.32582756559456344,1.02376982163259
0.42541904800434316,0.36897666806251106,1.152970051570496
0.46575128028736806,0.4013213329759973,1.1605445363035916
0.4186269212372467,0.37527064254997666,1.1155333611834453
0.31424665181505523,0.32584913773883845,0.9643930746470707
0.377430731038503,0.3449930006000991,1.0940243146440074
0.2617860790052981,0.30262355819378867,0.865055187929752
0.3099818551330494,0.31468112361439077,0.9850665701604019
0.49507997595406555,0.42751788529420937,1.158033366518365
0.42118000036091596,0.3842081475015422,1.0962287059756466
0.37987302324357886,0.33941409037073766,1.1192022783398545
0.2754384968106135,0.30579462827081383,0.9007303312296359
0.576839684725387,0.497665583713051,1.1590909711329105
0.46208665339768695,0.393415985855948,1.1745497641442644
0.4272515649926835,0.36843421972523127,1.1596413745479903
0.38040666169840437,0.3521535166226587,1.080229626404724
0.3386354228714911,0.3335231255778319,1.0153281643808119
0.2711307199247382,0.30840008985583917,0.8791525321911468
0.36077304361884455,0.3313766529667594,1.0887099027312401
0.2997077769476236,0.3190337777110845,0.9394233397412785
0.30848476074044084,0.31613725998470693,0.97579374463916
0.38564515039028274,0.35615241347302856,1.0828093136577541
0.35409946043965806,0.32873137547974074,1.0771696493007274
0.31443769941537875,0.33170841457691014,0.94793404567816
0.33452379147504574,0.3299922126162804,1.0137323812063248
0.3458569235550303,0.33929856180800694,1.0193291763810493
0.28618512734086643,0.31505906529415095,0.9083538893688816
0.47594159646878215,0.4004388489369169,1.188550006404997
0.4428866569149529,0.3879669821307762,1.1415575997796235
0.4219051372554677,0.38670432328522875,1.0910277228637943
0.3898072724607063,0.3547118689053847,1.0989405955420197
0.39018506348842025,0.3588973511932355,1.08717732853464
0.3384867521206001,0.3352343646020377,1.009701832097146
0.3771527113042658,0.35154990220696797,1.072828377810854
0.45010770298708164,0.38616858408936733,1.1655730723111268
0.3015414962198387,0.3220319632465869,0.9363713253176109
0.3562380488089918,0.33015556228566545,1.079000596999661
0.34316116633055505,0.333276705355662,1.029658421413956
0.3834859683327103,0.3500927782806287,1.0953838300123808
0.38143674554352697,0.3617120240087516,1.0545315616444593
0.26242403467726444,0.3066473227936708,0.8557845289059894
0.27550462645872953,0.3057423247879653,0.901100711685221
0.43311740732090365,0.3830448337932859,1.1307224875786732
0.3586191897909722,0.33784256791550016,1.0614979397169055
0.32873063330411456,0.3160989045934708,1.039961317572072
0.28873470754758734,0.3070189506722302,0.940445880996568
0.2799029983953865,0.3137691248213407,0.8920667339553009
0.4286050632732962,0.3793785118657366,1.1297557712625037
0.35935790926858774,0.3339504396272387,1.0760815576997274
0.3769355670504076,0.3499247423747925,1.0771903824013813
0.3493894415094104,0.3362909476348931,1.0389498854091612
0.3229361664702315,0.320069038380621,1.0089578426708081
0.38694461223611615,0.34417633324193675,1.1242626957854063
0.3333907188093854,0.3189524126772443,1.045267900659374
0.3209963047326027,0.31989519300645697,1.0034421015076758
0.3036318106848079,0.3493611464877711,0.8691058342843974
0.3948343347889876,0.35504534956139044,1.1120673324597856
0.4028663432171889,0.3701185598290771,1.0884791711154256
0.34510448806789484,0.33566078927819365,1.028134649894642
0.2991244302093701,0.31534621259825235,0.9485588164981431
0.3300071803943981,0.3239791306272938,1.0186062903355309
0.261388042962743,0.3125092683445571,0.8364169304398025
0.3647676033020094,0.33394101605151694,1.0923114734900874
0.461620299579984,0.3961030771180346,1.1654044773866423
0.24562705818854152,0.3051573335104843,0.8049194012900972
0.4447746280142107,0.39893990269985663,1.1148913031866805
0.3805354789401167,0.34026663667247614,1.1183449622373685
0.36833048657606754,0.3684777688484887,0.9996002953641371
0.32124420749490185,0.33682931739115424,0.9537299483994925
0.3443749572391624,0.33732183364604446,1.0209091819431968
0.39470317034499847,0.36238437684539104,1.0891837384959784
0.36274646948307043,0.3322102092079999,1.0919184884410085
0.32373169789031403,0.319391301160462,1.0135895896791234
0.4085589861134136,0.361675718558072,1.129627910168412
0.3826477248477811,0.35961153106826216,1.0640585514905143
0.3714991606940943,0.342372945874715,1.0850716015103525
0.28370590784280525,0.30960814731822645,0.9163386374041445
0.4892989904931061,0.4153026087249646,1.1781746134350575
0.4401307778651538,0.3875424119154343,1.1356970600709242
0.46468515989743964,0.39493125350561975,1.1766229078419272
0.37722345515297173,0.34793119733488054,1.084189799714619
0.39238828204340637,0.38916992416744545,1.0082698011231108
0.32736940906987977,0.32478475318936567,1.0079580579295455
0.3752650898797194,0.35713184545668264,1.050774649905132
0.346852174437385,0.3662981698086125,0.9469121142991571
0.3108258668873276,0.3178806550275334,0.9778068025574104
0.3447632169101878,0.33288015033096774,1.0356977325545103
0.39348670770391747,0.3507961404376834,1.1216962285074448
0.2637360022809191,0.30788033610471427,0.8566185343880451
0.24664794451311084,0.3068006007308344,0.8039356635077213
0.392955775678559,0.36082747251620867,1.0890406235930583
0.46023426685633767,0.3971334144992957,1.1588908161671545
0.36747201910805943,0.34838887675912705,1.0547754065125514
0.4137335538332176,0.37987379595863874,1.0891342288802293
0.3864826654524405,0.3426480541429772,1.1279289661197736
0.35251571681336014,0.33066239154438876,1.0660895397474852
0.48859984336510887,0.41910108539172786,1.1658281507632497
0.4686411866129951,0.41410201327719265,1.1317046804582784
0.43982652480469453,0.3924770241143693,1.1206427326470132
0.30639106299714,0.318644177680484,0.961546089520485
0.3364283946628389,0.3212803144114011,1.047149108027953
0.30275818324907133,0.3094051327278654,0.9785170031919272
0.3405433400641162,0.33094973277055534,1.02898811010738
0.38495753848018377,0.3576923621199592,1.076225212634204
0.2711613161470327,0.3082216389228408,0.8797608016577783
0.3757274460281267,0.35590547054764843,1.0556944950859486
0.3966269040138664,0.3613341370481395,1.097673492059304
0.30436007972886586,0.3120845194869303,0.9752488852354373
0.3734471508383752,0.35767354817769587,1.044100556893413
0.27104920557737766,0.30694785078814035,0.8830464356776343
0.27865984873866023,0.30634604474473914,0.9096244378505091
0.35699477408217295,0.3329423518954728,1.0722420024060244
0.2805245780087628,0.31311288812641463,0.8959215306892931
0.26970257706780637,0.31523210817793845,0.8555682307449718
0.37334032327431493,0.35530422202575973,1.0507624174734618
0.25930514659202747,0.31085010621984416,0.8341806594353799
0.4437033681513899,0.3772537460594271,1.1761403903501473
0.3684394847213895,0.33457458332297446,1.1012177944363581
0.37539862847260463,0.33995772957844866,1.1042508988929391
0.3958217075111397,0.34812053874587795,1.1370248619547345
0.35029920901746436,0.34822628172684267,1.0059528168877494
0.36596043059894223,0.3404774860096399,1.0748447272915451
0.37068672553141385,0.3483843707856164,1.0640165191552795
0.43579951482541945,0.3821563285076763,1.1403697448298717
0.3698976567631584,0.3477331192571642,1.0637400819149543
0.2694487742938194,0.3041912999698358,0.8857872474345535
0.2564272082133244,0.3053856100408285,0.8396833373355129
0.4040299617099054,0.3590261355877813,1.1253497215417085
0.3401401633833516,0.32194455387400267,1.0565178360385312
0.37758541767465953,0.3436897395038098,1.0986228981400068
0.3194878657119652,0.31877570650960535,1.0022340447776197
0.3859190186806581,0.34593978666303493,1.1155670251267318
0.3858881445478488,0.3520537981553956,1.0961056138855199
0.3219910627498331,0.31781470113391325,1.013140869824521
0.2616974280208338,0.3183323641330679,0.8220886642598494
0.3571580379814187,0.3338211286126483,1.0699084251070565
0.3022243227909519,0.3288084300685784,0.9191501651217338
0.2980044441872568,0.3148251433983615,0.9465712965948824
0.39124421063355624,0.38209524340791334,1.023944206015346
0.42471153947743084,0.37583764943414716,1.1300398991875007
0.2611751366798999,0.310714848014739,0.8405621371126457
0.4265513934469493,0.38642576293476677,1.103837876148429
0.3961989490002046,0.36892435615027497,1.0739300412001527
0.2619502057578587,0.30738324583523546,0.8521941560154846
0.4018347871197576,0.36378051724210425,1.104607773297346
0.3619253857622079,0.3361752484363478,1.0765973623746299
0.2832510126104777,0.3086265171704816,0.917779247251179
0.3758347514250382,0.3480560055891201,1.0798111378336936
0.3965547194174246,0.3484727643954994,1.1379790902894051
0.3644710956674906,0.33266167557252124,1.0956209339119822
0.3128063399841526,0.3190044492982885,0.9805704612340993
0.34534384348444724,0.323747370669668,1.0667077937037979
0.2919783454539415,0.3198024939571626,0.9129958364022386
0.4117439252969407,0.36077844577757634,1.141265311483672
0.4866545164992012,0.411409889924275,1.1828945497367014
0.38880156883165484,0.3442826762208983,1.1293091278928957
0.30382150230785493,0.31440217287057665,0.966346700259361
0.42830899333463646,0.3843365522081923,1.1144112910255402
0.40885806304969285,0.37280219721801156,1.0967158082778041
0.32796955194028454,0.3274244947557093,1.0016646805394995
0.255217838834035,0.30249867198533686,0.8436990389379503
0.44408111792560373,0.3878929254590039,1.144854903966374
0.4233362204786325,0.3735644689702451,1.1332347041612028
0.3998397216271517,0.3672731177780441,1.0886713518433677
0.35215039099262696,0.3353576789572143,1.0500740346475117
0.4282458648386728,0.37182467702331656,1.1517413751745642
0.26664425074123876,0.31410475863874854,0.8489022958353393
0.34912805174280714,0.3338637949831582,1.0457200121397379
0.4070420841089587,0.36910598535767924,1.102778335373017
0.25305380626111607,0.34051988464409566,0.7431395864755524
0.3496135023745109,0.32558857149673864,1.0737892327342113
0.2459447552148443,0.31065219222329726,0.791704553747552
0.41175521561329853,0.3575733433629225,1.1515265979863147
0.34871900220097124,0.35126618562791745,0.9927485663830895
0.3195107025997967,0.31964670826714797,0.9995745125357661
0.46097000650362174,0.38895585288604495,1.1851473710531237
0.40893205956091483,0.3581441314593939,1.1418086285389246
0.3962352747044798,0.3576423731705532,1.107909197648463
0.3215977493738071,0.3363546624036236,0.9561269258931565
0.3952307156279061,0.37275096981391315,1.0603076789450485
0.37210502305601323,0.34864376765308885,1.0672929149454036
0.2878414632411825,0.3126149260844727,0.9207540626623947
0.32086761636098277,0.32850269545070504,0.9767579408161416
0.3946767515833055,0.3539999984473943,1.1149060828087995
0.36288979851961767,0.34294194954872165,1.0581668384318264
0.37715384461525603,0.36305446634812816,1.0388354353795723
0.32233291324982755,0.32079571091393116,1.0047918419218167
0.2754190728208256,0.3142106934824116,0.8765426464909368
0.35970384335223027,0.3499466335361779,1.0278819936555945
0.42317259066290325,0.3755942374443841,1.1266748753714952
0.448480132582615,0.3834957813602434,1.1694525843071202
0.41245385977133603,0.36453882178441466,1.1314401515656896
0.27721116086594083,0.31658464517602986,0.8756304675225285
0.35279110327613283,0.34697969622054914,1.0167485507621454
0.36899914756661295,0.3336876890582561,1.1058218797583272
0.3577224427374766,0.33273102711883207,1.0751099644510131
0.26258147520647773,0.31124797382674635,0.8436407536347259
0.2705734674045834,0.30702248256448417,0.8812822603235729
0.37391514721115704,0.34555071246500885,1.0820847236685134
0.3391863713789174,0.3211203568328786,1.0562593250836505
0.47940032891220913,0.4309574223719097,1.1124076394221931
0.32598363775948647,0.3216416606613693,1.0134994238283346
0.40784307159664973,0.35900264750256394,1.1360447462820924
0.4410659125606978,0.37660906182761134,1.1711505570797733
0.41290559833724755,0.37332722368664306,1.1060152384810413
0.29123487986100377,0.32276381667538595,0.9023157640805448
0.4463741391633303,0.38110639759245934,1.1712585828608046
0.36206256392004754,0.33830113324574984,1.0702375142711593
0.286385513289899,0.327211165187356,0.8752314827824385
0.41395485407146576,0.37283216191396573,1.1102981350814618
0.369753202628763,0.34626725808544406,1.0678260620804165
0.4194869736930281,0.3795386962512418,1.1052548207504562
0.33925435748384003,0.33599205707578655,1.009709456933137
0.2817440782680888,0.3075204967751141,0.9161798358895235
0.33740284494192746,0.32191493419307216,1.0481118118601054
0.29507751752301836,0.3107931052124903,0.949433924286296
0.43489386448337924,0.3875847811709793,1.1220612511396055
0.27102073722260944,0.3023293945882505,0.8964419010322134
0.449168851783828,0.38696165698867135,1.16075803292567
0.39442716013369417,0.359370751763185,1.0975494199194327
0.32462794032002523,0.3259752037487577,0.995866975729323
0.26603822957203943,0.30472115795318944,0.8730546685993744
0.3274123506699123,0.32208306535735,1.0165463071045027
0.3905147658786076,0.3496838432506012,1.1167652535743406
0.44595461361165367,0.3876122677904298,1.1505172840730826
0.45843858369751594,0.4125620935627769,1.111198994892046
0.31558159598562635,0.32187467065749475,0.9804486800436533
0.2761361869934519,0.3035248540540114,0.9097646644261764
0.4179476632364854,0.382086960824361,1.0938548186380246
0.38220147470600413,0.35925061332320257,1.0638853784284388
0.35594974497691495,0.33249669633363044,1.070536185477619
0.39689514193884345,0.39851599561209144,0.9959327763726059
0.35357190031486785,0.3386526661051714,1.0440546781493907
0.3020683363243424,0.31102181266685125,0.9712127060615542
0.2904360869583784,0.30566587131664297,0.9501750578412209
0.35850697469382314,0.34570608002689984,1.0370282601507248
0.4186680444746956,0.3621037574563949,1.156210163119095
0.37047389731342306,0.34653412962702335,1.0690834340391413
0.30832670481906727,0.3102322582496658,0.9938576554180738
0.3820655305053533,0.3433085812819215,1.112892456922319
0.4120934396629873,0.36714172795209793,1.1224369454314775
0.26230782913951733,0.3066175939640537,0.855488511759273
0.43628633702275343,0.3742675993828183,1.1657069373416413
0.321159440172152,0.316806618778933,1.013739679461231
0.30198439350694095,0.3176896672051202,0.950564102898446
0.37093507065093834,0.33884895895362604,1.0946914867213846
0.39676529949696565,0.35645242155952667,1.1130946951098404
0.2415350252918494,0.3165077915628665,0.7631250532544137
0.367925558638133,0.34241044085420225,1.0745161792388072
0.368596076771916,0.34566443935994406,1.066340747849081
0.36359318586956274,0.3423003487085247,1.0622051284533434
0.37781345785520737,0.3556467537823091,1.0623278684176223
0.49217414251288527,0.4159850709973312,1.1831533793577964
0.35671643280521903,0.34225985343304566,1.0422386067988
0.3951855312384917,0.3492601431982864,1.1314933551239252
0.39318157952288163,0.3570864205597153,1.1010824183865322
0.41468750891968964,0.36866178533188626,1.1248453878840978
0.2679340233582591,0.3084340688833732,0.8686914008178902
0.35605155272908345,0.33080466077226295,1.076319637993859
0.31174777455948766,0.3218206767295596,0.9687002641581769
0.2822738247975017,0.3040852115683366,0.9282721226121405
0.36808466066408146,0.34695490444098454,1.0609005837722378
0.3536689612956386,0.37018677475092526,0.9553797850655241
0.3714208309817227,0.33528579828340616,1.1077738242517887
0.40779916230316243,0.3811540090271935,1.069906527663121
0.26532630756534814,0.3020033598728332,0.8785541580632449
0.29507471120482376,0.31996819686855105,0.9222001251769594
0.38454492918351496,0.34535233921300684,1.1134858100565372
0.28144894800347375,0.3313968106965351,0.8492807984842096
0.37089172816055044,0.3474665614889902,1.0674170388401605
0.3238019221728286,0.3322051610722881,0.9747046708355295
0.28519811409490947,0.3086292883623168,0.9240798746232399
0.37285899056794325,0.35128483543388095,1.0614149913628224
0.38735210625736205,0.34571574870896454,1.1204352353165388
0.3758588866506661,0.34658220695197695,1.0844725410348193
0.4231699116736201,0.3700271105798338,1.143618668941612
0.28475482645459305,0.30736710573344295,0.9264323382136412
0.3800294396010067,0.34542045479030725,1.1001937908735293
0.41231068591132597,0.3635959740615406,1.1339803389614544
0.3975725441683982,0.36111688211707116,1.100952527717905
0.379864063933335,0.34269407465089075,1.1084640559376757
0.29849023978517847,0.3289829082763146,0.9073123018733692
0.37586197464236093,0.3483445611281473,1.0789948131387377
0.3512134685649242,0.3437888596879392,1.021596420790727
0.39959622088437424,0.3567394563451525,1.1201346354515858
0.3485481639767628,0.3260252890593178,1.069083214318835
0.33745296962693044,0.3284671549110624,1.0273568135550757
0.2756963945198218,0.3476158449113939,0.7931065242152465
0.40921167939142666,0.35909636046106874,1.1395595289966498
0.41180334384599393,0.36486678958037244,1.1286402479096618
0.48153211482778546,0.4344073896103538,1.1084804870831058
0.3598766519704026,0.36578532282651305,0.9838466157951535
0.3376510378615234,0.327442125667576,1.0311777605680206
0.367525960860761,0.33973957769872165,1.0817873011741956
0.4191679552114321,0.3861579159912544,1.0854832643672268
0.29867640233215004,0.3082013518745691,0.9690950429500533
0.30075648588348547,0.3193661781499458,0.9417292952739571
0.4226704039682383,0.36371766549256873,1.162083792096906
0.3836516559984754,0.34818802591626036,1.1018519519414607
0.413040019746635,0.3850067419934576,1.0728124333824103
0.4118505229342175,0.37296663695317395,1.1042556682782472
0.2994642449404336,0.32000042186305305,0.9358245317207485
0.3387450235509242,0.32610720125461107,1.0387535824038612
0.3587279593350542,0.33051789641863494,1.0853510905826664
0.27278433030193266,0.3129599865395279,0.8716268597726281
0.43117635075264377,0.3781880840066819,1.1401108839405572
0.3589775020129147,0.3424296598853181,1.048324792113915
0.3555098905292146,0.3362487157177097,1.0572825230585423
0.3922125463774577,0.36280492082921206,1.081056302877681
0.2785297990293078,0.30969113448258817,0.8993793105981458
0.3596207278838396,0.3349582586751884,1.073628485251252
0.3438731586192316,0.32219888897912624,1.0672698459910257
0.4024016590488748,0.36830736005139403,1.0925702353401876
0.3941396354887468,0.354010524746006,1.1133556997254037
0.36349981216338767,0.34003614854926334,1.0690034389409189
0.35870076774814924,0.3322540620768953,1.079597839996109
0.2340497930529156,0.31046172181285436,0.7538764897851088
0.2989303188321361,0.3123285731311279,0.9571020538893614
0.3574169315722544,0.3479051338682038,1.0273402050676663
0.4193992694020003,0.36592173882432455,1.1461447214081746
0.30984895751215347,0.3209551500062107,0.9653964346923789
0.3073258390923317,0.33572848698334884,0.9153999467062626
0.29956550625783823,0.3111611414229892,0.9627343083004444
0.3432140573647671,0.32891768696673634,1.0434648879173123
0.388341858823063,0.34468979901676156,1.1266415772408127
0.4205378989105216,0.36197576593653596,1.161784678657889
0.45644306324981326,0.3884732444162513,1.1749665383923633
0.29803260626964245,0.31690275418449254,0.9404544527755527
0.26998551973567136,0.31066599521456156,0.8690539804628626
0.33388754845665136,0.3185274877266903,1.0482220885851479
0.3652345217087598,0.3420824459028342,1.0676798125224518
0.37785665292538206,0.34757333334327717,1.0871278567052665
0.3791053638428604,0.3728298236905169,1.0168321838908272
0.3653543997677259,0.3412631352290938,1.0705943949159915
0.3381513010573756,0.32761437674672855,1.0321625821652904
0.3041174098091489,0.3166665748521055,0.9603710462690372
0.47709885402831276,0.4232496836940208,1.1272279044943625
0.35069066484889944,0.34357192374939693,1.0207197987012901
0.40151835197938024,0.35121360244693195,1.143231210812939
0.532998265378546,0.44762308498286635,1.1907300656733277
0.34887854368579596,0.3243628239064618,1.0755811639696535
0.3967543346893631,0.3747760544561955,1.05864376865021
0.29737778068443826,0.3100365315286561,0.9591701313977323
0.36363843783780686,0.34898993461155686,1.0419739991715076
0.35152049266331836,0.33340404615661223,1.0543378123797458
0.4343948003416657,0.3779764514487464,1.149264190074999
0.3551500927148115,0.33294469303805824,1.0666939589099114
0.41031932626553785,0.37119112274764815,1.105412551971214
0.37941130638537723,0.3586458436341612,1.0578996330775772
0.3502574177770464,0.33630693479476065,1.04148140147868
0.36913083377295547,0.3368072333267444,1.095970624285415
0.29326941280881874,0.3179248966073122,0.9224487164685724
0.30473306563239255,0.32570012316593633,0.9356246558038249
0.34437143538532067,0.3317094517644468,1.0381719108500573
0.4005491417060534,0.3694352745161147,1.0842200767934018
0.2723529948338971,0.3157652510578261,0.8625173096833921
0.3435634802415935,0.32184726441871986,1.067473669108528
0.3541297616184213,0.3387367127715108,1.0454425170539268
0.4008870963747709,0.3538254280918913,1.1330081575444524
0.26603950802028453,0.30700115113221255,0.8665749526968791
0.37870786113443666,0.35106516485368244,1.0787395020872412
0.34007720734910973,0.32730363059369727,1.0390266882534802
0.31634545419579346,0.3202778661495994,0.9877218741304804
0.40644883278957833,0.3559972035195811,1.1417191729912626
0.34226018061535324,0.3260145214093331,1.049831090761821
0.32531751624784017,0.3182967148759715,1.0220574107232128
0.31312782804885736,0.31732814141718435,0.9867635018137111
0.3703515640397005,0.3577758118665972,1.0351498110157105
0.3809018277968219,0.3404621739199547,1.1187786984123966
0.3106295437019979,0.3138944394390368,0.9895987461808066
0.28636097849210795,0.3149555242334027,0.909210845528449
0.36049017478227807,0.34430917019078516,1.046995566753354
0.44973786884598665,0.39378560793464074,1.1420881306577175
0.38659067768354116,0.3525842852716934,1.0964489735713638
0.35738925599248184,0.3336567654195342,1.0711284560440633
0.29034856315051205,0.32167796072445615,0.902606328691631
0.3305692830520103,0.32877192016517354,1.0054668990159918
0.2329878565650345,0.3130814127067263,0.7441765850957174
0.34165389744156316,0.3227307536218882,1.058634461102041
0.3539384298498692,0.34108149589968056,1.0376946099531887
0.3472655026440717,0.3297042836174841,1.0532635452409278
0.25067974296020623,0.30909563677019286,0.8110102930588509
0.328411143605584,0.31979062717263673,1.026956751388131
0.3416429525041716,0.3353591895795932,1.0187374108711789
0.42648283745909377,0.36759987943282935,1.1601822016838392
0.2976863183153671,0.3128653358922601,0.9514838627500743
0.40381302761910715,0.36416562575598793,1.1088718952559384
0.39966128220618896,0.36771969003934757,1.0868639701165403
0.3973986673634868,0.3715488085179231,1.069573251893006
0.40889226112224036,0.3898195850489548,1.04892693134156
0.32742837703138455,0.3259101620044263,1.0046583850519446
0.39823552419120045,0.3514375311460326,1.1331616258871393
0.4726796192878621,0.4082983270424286,1.157681988833482
0.3092284159427564,0.322752097246524,0.958098858476393
0.31953303728522425,0.3265015356981735,0.978657073088345
0.3146024979715217,0.3292322659283244,0.9555639909243049
0.28368981416093897,0.31154012654260427,0.9106044133359602
0.3889313811394241,0.34863699344522003,1.1155769136717713
0.46860032133647284,0.40440668057728724,1.1587353618084393
0.31803479900723397,0.3138977360891008,1.0131796519773524
0.3129665578032476,0.31917689076530215,0.9805426610079326
0.2932424962849542,0.327309434869639,0.895918250574558
0.34660887524560713,0.3350409565772377,1.0345268793002107
0.29700087528667485,0.320635705781129,0.9262875903453259
0.3687898851846887,0.3571422593981643,1.0326134067868427
0.3970229660328885,0.35410427238143843,1.1212035465226422
0.47234418833507874,0.3980417781924805,1.1866698779208749
0.3825385852265024,0.35024199838946823,1.0922122046629041
0.3441708587801404,0.32774046084521746,1.0501323452482805
0.423336492135058,0.3727372818610629,1.1357503333751728
0.46160462597132373,0.39955640378169555,1.1552927736919198
0.339881646313371,0.3276686529155997,1.0372723887045645
0.2619412220202939,0.3042179225799971,0.861031525686702
0.3103680077346786,0.312257743351715,0.9939481545061065
0.29550028018143637,0.3093044320699753,0.9553703391957346
0.44348135603061656,0.39874084416254957,1.1122044870071754
0.4285928561351423,0.3827010311032167,1.119915603309541
0.2809871860991418,0.30991884524941976,0.9066476285848509
0.25894379493298664,0.3278167946814993,0.7899039925168312
0.27640247832132503,0.3069958383580034,0.9003460105507948
0.27216555645476354,0.31710545884728314,0.8582808931896613
0.29192158749816155,0.3099776864607608,0.9417503267130006
0.41906480341409913,0.36351534970961447,1.1528118516834545
0.3440322207127556,0.3397572527936285,1.0125824184295595
0.2996261049712213,0.31520776123575134,0.9505670285419268
0.3715112749249863,0.34408072179111626,1.079721272935839
0.3301981250677145,0.3357206496352175,0.9835502386478056
0.3329402523831995,0.32271948613761137,1.0316707440505464
0.37614131356291625,0.3496512662097933,1.075761336832193
0.4003359968885773,0.37253729419744014,1.0746199189292553
0.27818610184455694,0.30932784220277465,0.8993244832522923
0.2857545630490505,0.31664449856046534,0.9024460060040608
0.2821077091663239,0.30930661581192,0.9120649049998499
0.3810852919281282,0.34129819829437097,1.1165757505682485
0.35200530970671434,0.33817929280140735,1.040883688622018
0.4190349710298656,0.3659440889225857,1.1450792176028592
0.4376958227630661,0.37370431390884873,1.1712356707496445
0.2862234298654538,0.30750441768922765,0.9307945297706877
0.3134300325277238,0.3142204906031101,0.997484384058248
0.2925528620833226,0.3145559060447701,0.9300504503694939
0.3858748232368869,0.34599811200220687,1.115251239389496
0.2735381191652028,0.33522978720239893,0.8159719977391238
0.2649159885013567,0.30567166007213936,0.8666684652376208
0.26841772644812795,0.30438356053528753,0.8818404186352566
0.32251379502211525,0.31664506319860025,1.0185341017612333
0.4105313292768089,0.3570866182587718,1.1496687590216754
0.3487283326582936,0.3322630513088773,1.049554957388596
0.4264915223809854,0.38569769737839155,1.1057663171957512
0.3330548729510795,0.32683884607525016,1.019018629365734
0.25123164808667814,0.31428279948774407,0.799380839473766
0.34554354265663345,0.33170641191115857,1.0417149932850285
0.3161364217861281,0.3232991961640511,0.9778447504265108
0.32665153924242196,0.32460455993956905,1.00630607069486
0.34679158989033143,0.33154069274519093,1.0460000762466335
0.28997139099505054,0.3138909667442847,0.9237965463060919
0.3713770347650013,0.34737606027849866,1.0690921949752685
0.3755539399360711,0.34616153401066235,1.084909509109419
0.39996361119033497,0.34855932617179314,1.147476429860914
0.35166780721546403,0.34759769623293574,1.01170925764652
0.3880288422547042,0.35791135421762793,1.0841478977466674
0.27621345303246203,0.3158860428458652,0.8744085384210496
0.4699537476322465,0.41146626970194117,1.142144040075685
0.4730691326227825,0.4156919165101271,1.1380282219446467
0.3194493857724733,0.31320095550306803,1.0199502273528154
0.39563306090114775,0.35949301136207407,1.1005306039250764
0.2578064321549748,0.3190684710124786,0.8079972030357463
0.38805610132516133,0.35924240201756774,1.080206844030022
0.4340731777840646,0.3745804761534676,1.1588248865544784
0.4339620726453558,0.37448892990276156,1.158811484115263
0.4282989048448691,0.3737336708248829,1.1460003159457188
0.288756418546104,0.31316386462587076,0.9220617419927241
0.42538481404253237,0.3741648713381055,1.136891372301338
0.3982401948456337,0.37266937034355774,1.06861531034467
0.3221068817373105,0.32085816927981536,1.0038917895102935
0.3882204940364576,0.35870756879620846,1.0822757248733055
0.38926548989018905,0.34815123174913,1.1180930997558127
0.3955614467194814,0.36594133757364744,1.0809422333705954
0.293165726118466,0.31500956753704323,0.9306565778640722
0.2983910673102185,0.315779661511403,0.9449344073713988
0.3804799626536441,0.34204807550807953,1.1123581446510924
0.29736348464680457,0.3106147321287233,0.9573386381543962
0.29761040469502487,0.3141972981669024,0.9472086693022213
0.2970395198035777,0.30931667605267216,0.9603087799669622
0.3868255290544227,0.35651395259822316,1.0850221323325302
0.2871200183693401,0.3132885288795928,0.9164715331140958
0.4420395873918338,0.39627162829352924,1.1154964318172256
0.3006557138334305,0.3220254773856164,0.9336395252770755
0.4434261602764082,0.38439704869776586,1.1535628636552158
0.4799837306473771,0.40893338512536076,1.1737455245925579
0.309272936131212,0.3173650574032611,0.9745021668791759
0.3675385813467834,0.35087911696317114,1.0474792131483872
0.26485752493204395,0.302138073517824,0.8766108880230853
0.3504251408575548,0.34675682110778216,1.0105789404172454
0.43469181298254733,0.3749288579410591,1.1593981198718057
0.30844771205133464,0.3205105801572945,0.9623635884343043
0.32679222590860896,0.3270530607522509,0.9992024693392504
0.3754678548149135,0.3402571481472279,1.1034826361750674
0.3238206349382151,0.3267500062096868,0.9910348241291485
0.35331140918995724,0.327485091737754,1.0788625745225822
0.39914472943732654,0.36406501205982805,1.096355640381432
0.3353578298939918,0.32513937790119657,1.0314279127270165
0.30411280345865205,0.31834548975376414,0.9552916980035719
0.3430848891012461,0.32579773448166083,1.05306100316225
0.3686993447604213,0.3439064164632504,1.0720920782814771
0.3229657264863489,0.32277049145316855,1.000604872621104
0.36097510525073173,0.3446888217061265,1.047249236177698
0.319993357542538,0.336413939938996,0.9511893520243673
0.2752203297226656,0.3110805115616563,0.8847237917317003
0.2964041038236036,0.3117177462778081,0.9508733697806324
0.26351831480503257,0.3137468611827217,0.8399074139312688
0.3585122987850854,0.3342652223456213,1.0725384360039505
0.43124240357486554,0.3803637099708338,1.1337632699185027
0.28598995310603703,0.30591156093158406,0.9348778850826026
0.42319519921297943,0.3660166678801387,1.1562183811573445
0.32539215969459256,0.31895783251253995,1.0201729712400138
0.23966469046829572,0.3143951776696336,0.7623039648532247
0.4357388532613643,0.3819739117785575,1.1407555328385255
0.35567288104748457,0.3404302884168476,1.044774490253267
0.3721388518261138,0.3472358787931247,1.0717177416099497
0.3723586432337147,0.3438235688125172,1.0829933634850883
0.43758517148451975,0.3794436801858369,1.1532282505540938
0.43134228772898836,0.3726049135484563,1.1576398271862656
0.36236762987964855,0.3578190076525702,1.0127120754621703
0.3583369754090158,0.34971559778866435,1.0246525395917898
0.4484025664198128,0.407716545990319,1.0997899664107815
0.36575165227403494,0.33267844497323407,1.09941493896144
0.3308016264474261,0.32404430064311435,1.020853092589195
0.3494223616381686,0.3287636804571303,1.06283747995616
0.4470384907848841,0.3929843742230734,1.1375477502602367
0.3225344725317087,0.3239651271508305,0.9955839240115011
0.312633133368462,0.3253891011180665,0.9607978026744785
0.31571236437044836,0.32124165181260633,0.9827877630096877
0.37238279184090944,0.33995788708641844,1.0953791807343727
0.26558522961805353,0.30592046801555345,0.8681512268232762
0.29422554553153407,0.3088841016725829,0.952543507219459
0.3584035415244847,0.33759043049447385,1.0616519579643464
0.33534055125753587,0.3334657625373966,1.0056221325567989
0.3819867712298436,0.35763075272799266,1.0681038146637676
0.37572634956305284,0.3471057256541223,1.082455061364934
0.30638857412820075,0.31260194149597625,0.9801237083236238
0.2412704459992336,0.31123925448832124,0.7751928541143801
0.37867455756935753,0.3478436787785241,1.088634293712331
0.3712419990186059,0.3430975329738995,1.082030511268198
0.33550082036740336,0.3509159322988623,0.956071780980493
0.42645949285640594,0.3696891775258297,1.1535622863252732
0.4674567845143018,0.396512357294552,1.1789211002244964
0.2914036778592356,0.3330653380600867,0.8749144523909146
0.37060325354929397,0.3353474389372094,1.105132201766079
0.3431626906384869,0.3239098551477375,1.059438869132179
0.29850081833025277,0.3082805288082277,0.9682765871857621
0.34581227932525826,0.3312717384156857,1.0438930920552203
0.27645459828283875,0.3142930509199858,0.8796077338446145
0.35650457608074027,0.3413173425711418,1.0444959327152645
0.29704299519950966,0.3111221202185886,0.954747270913469
0.30839374308455975,0.3136664995347162,0.9831899279713393
0.5000526212335041,0.42541679341488736,1.175441658566187
0.3480308047299588,0.32696025127648337,1.0644437767930934
0.3900386464659131,0.35487401758484405,1.0990904578486413
0.4203284556618263,0.37085295030383697,1.1334100357498962
0.2551680996521452,0.3053099641127134,0.8357673500559026
0.2717956326771688,0.31289872296263416,0.8686377179929435
0.36707538245545734,0.3473141313092081,1.0568973426786834
0.37403604946707214,0.33783443507046085,1.1071578579284282
0.2581557153254257,0.3065243080067564,0.8422030768265708
0.2764994899834216,0.304611369149491,0.9077123114460209
0.3441179295263159,0.3413277133016247,1.0081745961899835
0.37780989562650186,0.3402019765465698,1.1105458570867062
0.38898180007693334,0.34629581915687935,1.123264499767802
0.36001582363740536,0.333025809831946,1.081044810968493
0.4147119846919433,0.3642396303517098,1.1385690906052628
0.3187175158059761,0.32437531803941805,0.9825578522199572
0.41868502039999334,0.3849599808301024,1.087606611724077
0.433223323276999,0.3742238543350013,1.157658225841429
0.3901523630209104,0.34609688367455604,1.127292331784706
0.331660272426185,0.3339497599144933,0.9931442157979257
0.38823701476793365,0.35799521225605313,1.084475438431982
0.3411680437492458,0.3735814161248419,0.9132361220967042
0.42743366277887573,0.3752711108301507,1.1389996470374029
0.44253516783106706,0.3798345723685426,1.165073429392014
0.37282462648561915,0.3401778746884914,1.0959696506629748
0.39035018071579836,0.3564466378624188,1.0951153391618345
0.41768173106643874,0.3684725293052021,1.1335491735409051
0.45866226659348536,0.39267874830769456,1.1680343501403023
0.4137979432098686,0.3601033912283975,1.1491087095800634
0.3498844533418254,0.32571117960969675,1.0742168990364276
0.3959083858953819,0.3513578333568194,1.1267953872350966
0.38118044179084815,0.3627019631562722,1.050946729027255
0.3057204137565841,0.3186795717721895,0.959334832968618
0.30517082447330335,0.3180140037598796,0.9596144222118167
0.4012886839147015,0.3611803278752174,1.1110480082772973
0.3575337206764576,0.33180981843117874,1.0775260429811975
0.3418259276521814,0.3303465161027497,1.0347496068215267
0.3574091553484046,0.3395392988861169,1.0526297147956394
0.32900755650055447,0.329142098555536,0.9995912341339136
0.30880116259000995,0.325551077355672,0.9485490421296858
0.2619585390417598,0.32592988820044927,0.8037266557176045
0.3786319896827541,0.3458177902706665,1.094888696693147
0.3563599401200671,0.3448818514560253,1.0332812196860564
0.43065710264532087,0.3709236666668209,1.1610396999341512
0.46234206010450624,0.39388464128180667,1.1738006808285815
0.3136295551247526,0.3145107021579231,0.9971983559633273
0.47504701655544224,0.40657313456994454,1.1684171337536269
0.2851015009418568,0.31034640995614743,0.9186557079301876
0.40965982444309207,0.36529811146197433,1.121439754516047
0.40406692688185675,0.35939134231303976,1.124309017243669
0.30026006970178326,0.3123642613569382,0.9612497550053478
0.37793817610488506,0.3559734787818529,1.0617031847377947
0.29709735662813525,0.31099675563119905,0.95530693246348
0.3583693154456724,0.34223822353472344,1.0471341036788437
0.42242355753739913,0.37741529359534154,1.119253948384812
0.3160656557461019,0.3336555784733915,0.9472811969523466
0.26111203696612234,0.3074232872882276,0.8493567265817253
0.44748276855302427,0.4136069216214562,1.0819034816892454
0.27720167991636835,0.30882120663042895,0.8976121910180211
0.4324612054991346,0.3994618446802341,1.0826095439611165
0.3571637435657484,0.33672056915130344,1.0607125797689507
0.33820871202876557,0.33456118043096544,1.0109024352230631
0.30906824123865706,0.32046045713654325,0.9644504785405329
0.42185389536775564,0.3758223447901713,1.1224822079253554
0.4449309255213147,0.38476896576164105,1.1563586596454953
0.3386763072595437,0.3337870247816066,1.014647910538572
0.336241571580249,0.32719528610492116,1.0276479700640522
0.39989237393007104,0.3667279185716433,1.0904334076543694
0.27903130058326125,0.3079612035063793,0.9060599108143219
0.47753351816295114,0.4131356631907472,1.1558758071739526
0.3110407829738577,0.32725577959750607,0.9504516111416235
0.4063879379655526,0.36346840890884463,1.1180832446636977
0.46967063102103934,0.39957239479911916,1.175433130852699
0.4055270890672707,0.35476769524743845,1.1430778351575368
0.3134744019782541,0.3291588069387831,0.9523500370341117
0.3203384688692666,0.3135980461967003,1.0214938286584172
0.29528476499996803,0.3084523862595639,0.9573106844162481
0.2687668380503331,0.3093005609142673,0.8689503738883634
0.26439419602695324,0.30554315192086656,0.8653252228524153
0.41035616575877604,0.3609660941995516,1.1368274537494933
0.4416756189635749,0.39196199820740696,1.1268327567048015
0.3881651215772805,0.3588013313679104,1.0818385765109126
0.46590151514755634,0.39892391679563627,1.1678956701566525
0.36379954969815465,0.3348347840761205,1.0865046494555637
0.35278848535653506,0.33359005662208335,1.0575509621865054
0.42660212139849146,0.38652573483839553,1.1036836177980534
0.32222228332420244,0.31799787676296554,1.0132843860601803
0.3743537057298171,0.3419831096894701,1.09465554035619
0.48767542589736074,0.4255310185518388,1.146039664880391
0.29815628055191684,0.30845431654606,0.9666140642495908
0.4804947294592318,0.4421138365983296,1.0868122408387144
0.3588004660054104,0.3394517515109801,1.056999895885953
0.3860512885030076,0.35450355802291,1.088991294349883
0.26140926792376945,0.30684262599692264,0.8519327035298908
0.27778768733090764,0.30601999791347556,0.9077435763183347
0.26497646498462407,0.32541335757271306,0.8142765464856971
0.26261608478201653,0.30213257349068756,0.8692081153246158
0.2922540977961454,0.31711212081904916,0.9216112491736377
0.2393093882267308,0.30793160431685407,0.7771511104150496
0.312316591342398,0.3135318911329523,0.996123839950817
0.339734381566188,0.3281837574396017,1.0351955996137685
0.24786514997577566,0.3192473890369179,0.7764046269055389
0.294597110034947,0.3196352352946874,0.9216665670896498
0.330022982295946,0.32429770296570415,1.0176543937187472
0.35078672716519776,0.34087723729307456,1.0290705532314655
0.3128548688219058,0.34494892358982826,0.906959979947394
0.36725240919922575,0.33827248038372093,1.085670370769243
0.347121310148043,0.3258671917976436,1.065223253169953
0.3875602601140367,0.3446566913595557,1.1244820420727675
0.28107683177853027,0.3053556275866442,0.9204900987088412
0.28153432466506884,0.31243146465017513,0.9011074636170164
0.4819380652445234,0.4129864722689147,1.1669584783172051
0.38693438816515763,0.34198505049355804,1.1314365572609915
0.2751967049630981,0.3038431090011796,0.9057197507876663
0.2593953328015198,0.315202929525092,0.822947087428229
0.4007628911448661,0.35359569274937086,1.1333930230562153
0.4004096677165673,0.3627412641097671,1.1038437237055048
0.4102997473054429,0.35898202041388383,1.1429534739160276
0.33406888051803296,0.3374105548337078,0.9900961180146787
0.3071008440854703,0.3159735909596977,0.9719193403243656
0.2733276077301518,0.3051459033611518,0.8957276002052635
0.3466317790160425,0.32748587744628094,1.0584632892235242
0.4461795162281812,0.3936118785807116,1.133551959450559
0.4044523982798919,0.360300725020281,1.122541172397379
0.3386419663563046,0.3322784306841412,1.0191512150188662
0.42394221155042827,0.40086767088866865,1.0575614905801871
0.4524889264853112,0.39124973066838925,1.1565220139891326
0.4395036748856422,0.37717756121345963,1.1652434293059915
0.3691247412142453,0.3486236464817803,1.0588058066036448
0.33376085668530975,0.3250074727300044,1.0269328698253566
0.2821650820098009,0.30596499104230174,0.9222136200895927
0.34383408570930535,0.3276538370319208,1.0493821431299406
0.30476678771304694,0.309874984861388,0.9835152968200191
0.42212057291773536,0.38862915123773983,1.086178356855962
0.3485397853753835,0.33475649844687966,1.0411740682927804
0.3747794857607209,0.34694871961621415,1.0802157914728505
0.3383416071174191,0.32337447251308393,1.04628421807083
0.4132670925448667,0.366109332505314,1.1288078610748558
0.31293711781633266,0.32153136875480937,0.9732708787582388
0.38815662543792995,0.35054232163996474,1.10730317418448
0.39728647550775575,0.3727371882561046,1.0658621892988676
0.3957820019723954,0.3871701917653441,1.022242957723023
0.28834415934684904,0.305990706713787,0.9423297930958279
0.3731336088338979,0.34897793102923397,1.069218353531474
0.3589965871959791,0.3700871821871656,0.9700324801155161
0.3393376906181661,0.3219086375102173,1.054142856317099
0.34502461167912224,0.3332593236375276,1.035303702573649
0.2738911333250927,0.3029131988305806,0.9041901587070824
0.28765392546665325,0.3162886564320078,0.909466462413235
0.2994580807934214,0.3237197630479857,0.9250534412044286
0.2622736091196972,0.32409855165071116,0.8092402998528541
0.3948537572361299,0.34943184431734986,1.129987903671219
0.38093750254918923,0.35303459134817666,1.079037329159322
0.348631869667101,0.3309194684586005,1.0535248085916602
0.3264928896295089,0.3255135432495029,1.003008619457825
0.37938116882779893,0.35790044379563307,1.0600187158315784
0.3770734371516539,0.3422697421508527,1.101684989102723
0.2663955644304737,0.3199004411430276,0.8327452237284291
0.44009702555527397,0.3787002457575784,1.1621250064807145
0.2813803407526898,0.31499982092055784,0.893271430854728
0.3274798201025126,0.33850855640236227,0.9674196232524753
0.3480592149407262,0.33411815867946665,1.0417249284395638
0.363584868175632,0.347767640921401,1.0454821708320063
0.3479771858440043,0.3288530685423363,1.0581539876955897
0.3962024547871918,0.3492507829514135,1.1344354089603002
0.31083160120864944,0.3424508733428946,0.9076677135450465
0.36593118647478867,0.36219958146715203,1.0103026209818387
0.4797788508551203,0.4053105879030583,1.183731353620284
0.2926744112602705,0.3173428911875518,0.92226553481325
0.3365303384312547,0.3261627536502868,1.0317865380548144
0.25488151650422375,0.30617165367438753,0.8324791450984202
0.25891636080479224,0.30608168800297264,0.8459060798249312
0.29904011637095645,0.3108039916025407,0.962150179697087
0.3013142861277281,0.3215055930400236,0.9371976495918007
0.4028172020035439,0.3622444866742066,1.112003679343303
0.2681485700335778,0.3224797803751606,0.8315205676511688
0.3163270483239985,0.3183924638775221,0.9935129885664689
0.2677681151332139,0.30357083755426795,0.8820613906477306
0.3102100362299028,0.31443991752118833,0.986547887034729
0.36870293618264627,0.34195287803632285,1.0782273227233432
0.4027585416864225,0.3613176454888694,1.1146938067236734
0.4163551449985977,0.3755546971580289,1.1086404940460655
0.2655950502707062,0.3111889675898567,0.8534847887691097
0.40549915028964334,0.3598426515611399,1.1268790637530806
0.3811359162382835,0.34748197809945325,1.0968508879882057
0.37807450979276674,0.3457869150126988,1.093374252692246
0.3433684552387658,0.3316645324777533,1.0352884364016148
0.3818298378214379,0.35199351772631987,1.0847638339701364
0.3629563689614689,0.3345689804037879,1.0848476404579424
0.373582945046785,0.3502069816840682,1.0667489929821128
0.33638908804442136,0.3275684600551456,1.0269275863365808
0.37043722047880484,0.35664858596685983,1.0386616828286717
0.35399119367693005,0.33478288173648574,1.0573754304306502
0.3127728732955527,0.3255527687672625,0.9607440123452117
0.45923501518165166,0.3905279792223189,1.1759337092726443
0.318980688210476,0.3232218442180164,0.9868784982097939
0.34914393535359306,0.340207204306966,1.0262684944160192
0.2842904317416025,0.31031278631975917,0.9161415329133678
0.2614671186319217,0.3043307955747279,0.859154322973269
0.35456783258942337,0.3337722706374057,1.0623046423608058
0.3271284492240492,0.3221360833097219,1.0154976923511154
0.31189098752676236,0.3209901391075117,0.9716528625893344
0.4060699196472711,0.37500757822237346,1.0828312365636468
0.2972891579250592,0.3100695639506924,0.958782133071063
0.35805191235544326,0.33885134945217965,1.0566636754857406
0.34844274446633144,0.334733027892681,1.0409571671488775
0.3807740329438412,0.34698653012815306,1.0973741049925176
0.4912159019297949,0.4370745063961171,1.1238722340044467
0.3657506403110121,0.33472748880616526,1.0926818159318006
0.3951313067267333,0.3562547157731997,1.1091258283252687
0.2628464714740136,0.30272531706257233,0.8682672266214327
0.28714730486178824,0.3183807032258767,0.9018992104495424
0.39233522336337856,0.34916913959379087,1.123625140010384
0.31658704194470727,0.3188317404816264,0.9929596139533402
0.32759986468556207,0.3179353670495185,1.0303976802761246
0.34914975700613404,0.3353489922098145,1.0411534404960578
0.3721014237010246,0.3443256336249253,1.080667215460222
0.4044626983503945,0.35977272564970236,1.124217233588199
0.39599985853353453,0.35018195771323135,1.1308402669272415
0.38966649676380044,0.3575468721414232,1.089833325711972
0.2755648524226477,0.3179139011485935,0.86679082426738
0.2724030873542216,0.3044934572252883,0.8946106423320495
0.3930597027061685,0.35427616483756863,1.1094726140732094
0.3557223366968295,0.33507113860549603,1.061632279572869
0.2931855400970294,0.30670026770384196,0.9559350641980439
0.4086049317551673,0.3696682902255958,1.1053285947404627
0.2894179152137452,0.31125002764483795,0.9298566731180985
0.3705851015947342,0.3366510662974643,1.1007988350385496
0.337639536135173,0.33261697477925806,1.015100135401232
0.2937235604626289,0.30663158193070744,0.9579038095593313
0.3253403952533503,0.3176582984969802,1.0241835229638843
0.3156432298298865,0.3236103240544646,0.975380593162914
0.4417048272320051,0.3995642552082944,1.105466321059532
0.41903637848402336,0.40957775627105275,1.0230935935073364
0.4037746870420592,0.36493495426039874,1.106429193280144
0.2954324259719001,0.30895783535385857,0.9562224749326477
0.41612744237895954,0.36026390107347395,1.1550628334924196
0.45862753853968985,0.3926435498588973,1.1680506115648783
0.37527673609873885,0.3571453570128255,1.0507675060864985
0.3242477872358972,0.3172337769115537,1.02210991021394
0.35262933085134507,0.3305529359510596,1.0667862617428212
0.4051357128941781,0.3767784141628243,1.0752625353932808
0.28097955859607293,0.3066077879759746,0.9164136385801464
0.35878573275119274,0.3447768513910609,1.0406317341306721
0.3239933884115728,0.3462682934502928,0.935671542962343
0.411452705348353,0.3717467177992733,1.1068092484693277
0.36392010803724567,0.3343472680749287,1.088449473903551
0.34954265481484315,0.33822895497091077,1.0334498264493808
0.4391236964785985,0.3852616779171648,1.1398063229455553
0.3429889191909328,0.3464602107456252,0.9899806920187983
0.26863613494810235,0.30458410199707103,0.8819768766220294
0.35777645508338896,0.33535098481426573,1.066871639818036
0.4676527019282101,0.4023464135242808,1.1623135840379206
0.3785505344882548,0.3425941058057655,1.1049534363643574
0.31614161870739876,0.3165134814018794,0.998825128418437
0.2639101775321508,0.30811305307620485,0.8565368292490956
0.35543187398364556,0.3341019040113578,1.0638427070190017
0.38395308995912353,0.3471782321330357,1.1059250103330096
0.3536173191849184,0.3319629486777822,1.0652312873873009
0.326080789681001,0.3258404608320165,1.0007375660112032
0.3001320610452475,0.3085183607133997,0.972817502177957
0.2829466972305135,0.30991656387504524,0.912977008045928
0.49464681477404443,0.441837514685819,1.1195219924360134
0.40306936970209306,0.3750762702535195,1.0746330857712023
0.3514588373719804,0.3257745745539831,1.0788405996789698
0.36876726149606903,0.3481179619409397,1.059316960951968
0.25390265965594294,0.3105496433028587,0.817591213293806
0.2756871535647242,0.3038892215176113,0.9071962216624629
0.29716026409032037,0.31179044019171553,0.9530768932735741
0.4457112012453695,0.39256323294804907,1.1353870251632912
0.4787339128196379,0.41455612031681466,1.154810867232588
0.3028879783147949,0.31703967955756657,0.9553629966365076
0.3417757693226925,0.32762999737174264,1.0431760585551617
0.3626636482680645,0.3370417737818238,1.0760198778885683
0.35195644703958,0.32673237879259864,1.0772010057288903
0.2866330736891553,0.3106103617507018,0.9228058976319958
0.28278437197518674,0.3152860856487191,0.8969135805449255
0.3832667260804375,0.36262771640715225,1.0569151466903102
0.35476043892034415,0.3258065673782773,1.0888682870178303
0.3549158309242318,0.3310809761114949,1.071991012871456
0.33910785629595985,0.3319563898811523,1.0215433913393501
0.3319588801354063,0.3226431904870197,1.0288730397016124
0.40076056879630323,0.3580839556421761,1.119180467266656
0.3869542712420345,0.35676154067506716,1.0846300038671108
0.24520116490423485,0.3131576444926501,0.7829959421922711
0.2782312150909763,0.31708432196927216,0.8774675876845749
0.26888562895425855,0.304339780184114,0.8835047090840145
0.3715128577534683,0.3485114624341577,1.0659989635883387
0.3372695124126574,0.33851303952698863,0.9963265015844919
0.3245541970504871,0.31999462472381557,1.0142489028701869
0.4106150380073989,0.36128280905673893,1.1365474019631874
0.4194787726667419,0.37339940925385057,1.123405024943585
0.39709041349166446,0.374967012925676,1.0590009248903547
0.2377505389922928,0.309030878644847,0.7693423389755397
0.32030754494973046,0.32762830894055445,0.9776552764487996
0.31400419759401504,0.3189525752644923,0.9844855378064473
0.32231110761249715,0.3292264022172299,0.9789953218874291
0.358479005845487,0.34068616657107736,1.052226480028497
0.42110160194437685,0.37018234292333063,1.1375518308597237
0.2939902629948813,0.30646184223718176,0.9593046261444572
0.4292717087083755,0.36870031964344924,1.1642835274010657
0.253616482051941,0.31064554513314024,0.8164175731000518
0.3327523450635999,0.31831729471962533,1.04534799265836
0.32879437543144624,0.3331641414191943,0.9868840446960049
0.3099564700595264,0.31773946975910694,0.9755050900491489
0.3308904188829968,0.3227438449226683,1.0252416090608343
0.43015715224250417,0.37024948324737683,1.1618035181837132
0.3272189681672615,0.3338053074899582,0.9802689197118448
0.3323886417444479,0.3298290755153086,1.0077602807609982
0.3202351203769228,0.33561000746005965,0.9541882341367113
0.37970787481656154,0.3401964415715366,1.1161429939199303
0.3295537097845969,0.32205835265594784,1.0232732890385747
0.25044550689015105,0.30422190649768815,0.8232329807322873
0.2594791642725532,0.30413995493507284,0.8531571076478467
0.36653426145361884,0.34852040881775326,1.0516866507099885
0.3551813308387035,0.3273618308211466,1.0849808908624903
0.3212610897314815,0.31891530402147034,1.007355513142302
0.40919791394641136,0.36913258798473386,1.1085391191831984
0.40768982318172525,0.36506627687035936,1.1167556386658584
0.41828112663404515,0.36569189616652953,1.1438074811577652
0.34102616077020964,0.35991636622700657,0.9475150139605419
0.3429465031940733,0.3341531905353903,1.026315213823319
0.28092473842361904,0.3074659944945202,0.9136774259718201
0.43282653429996193,0.3949180425740589,1.0959907819830594
0.26837927511259213,0.3098780691339447,0.8660802484753616
0.26404571861188664,0.3096966418067685,0.8525947103315211
0.28421776112809305,0.3113958587225146,0.9127217115027854
0.37145128480156225,0.3529565142641558,1.052399572723468
0.3509451957096302,0.3433918306273446,1.021996344725168
0.31695637720595,0.31553841067356914,1.004493800071294
0.3260818840395413,0.3332004292642979,0.9786358461768064
0.35280945659422,0.3365441835792091,1.0483302752168429
0.3834523062786745,0.3528855967992151,1.0866193172991734
0.40941878629336187,0.37347622363896654,1.0962378871248855
0.27303440646041566,0.30251682898221954,0.9025428680414447
0.30622594914280377,0.31094577460983314,0.9848210657535009
0.25249631616805146,0.3047075399207089,0.8286513560962624
0.27228039954536604,0.3151165110036206,0.8640626245770969
0.34628165379538733,0.3286735582202487,1.053573203973224
0.3404106555770148,0.32741862153787543,1.0396801928311719
0.2731572673796325,0.3046778767042027,0.8965444762004426
0.28571645071895235,0.3120766455422461,0.9155329461533661
0.3270411700897239,0.32771610610858987,0.9979404856633981
0.40869931769145773,0.3655198297423094,1.1181317248358038
0.3763155441165796,0.35153065550144474,1.0705056251204612
0.3172302523035737,0.3270054514468307,0.9701069229885717
0.47007661185864424,0.40704518214149044,1.1548511872454588
0.3013980306175228,0.31251259299449563,0.9644348335839107
0.356596768971311,0.33843105433167764,1.0536762640636108
0.2753964767613484,0.30623345246061445,0.8993023934795885
0.2975684338414889,0.31880227828303404,0.9333949413539209
0.304539719440265,0.31385727180126927,0.9703127720841719
0.4219272496458554,0.3749451582085425,1.1253039022074307
0.34131161572113516,0.3259493906774228,1.0471307064320168
0.4322879343398193,0.40195961409115294,1.075451162717528
0.3955340153483341,0.35760512756451684,1.1060636016103387
0.27506970050347634,0.3068458469109259,0.8964426381280831
0.4060899739333434,0.3672168678457896,1.1058587159015754
0.41854208392479875,0.36881576235842656,1.134826996678213
0.35566924066232153,0.33839421888617444,1.0510499908450206
0.3733787466422659,0.3614280626823517,1.0330651800284176
0.4105089299459461,0.3560744669550787,1.152873817256138
0.40289765511391396,0.37505113650236765,1.0742472583105225
0.3651621327628836,0.34202821711213166,1.0676374477114199
0.3054698693546071,0.31239115436300635,0.9778441709640839
0.4168959376181215,0.3716045002589468,1.121880755824039
0.3422210036574663,0.33823261327235066,1.0117918563397201
0.3847366788168334,0.3594066314795764,1.0704774066994265
0.31657923872408505,0.3218753215322721,0.9835461669351496
0.45438420970387294,0.3878663464498666,1.171496867059602
0.3384020822771003,0.3368286248711478,1.0046713886224914
0.3185274532306937,0.31921893187602973,0.9978338419927908
0.26980347962574924,0.30233267782598033,0.8924059468723571
0.3689026685541388,0.33639709229156756,1.0966285886751883
0.42714809803833503,0.37742422015601135,1.1317453285371297
0.3842738152231672,0.34646435293151273,1.1091294442609756
0.3422045433948051,0.343453692076398,0.9963629778616122
0.2676803381588052,0.314797798312075,0.8503246833176391
0.269538384598307,0.30574328875983714,0.881583977498295
0.2654469872373535,0.3155764807665542,0.8411494626993965
0.37559162234699417,0.3698854343200377,1.015426906543228
0.40308559916914993,0.35798800773183864,1.1259751457124032
0.3733259281960594,0.34126965502836015,1.0939323865904085
0.5105745436800371,0.4356619464603626,1.1719512062697222
0.3144079173215935,0.32461669502494933,0.9685512856861191
0.30644074188742115,0.31423683119591583,0.9751904024782058
0.4810442487032843,0.4158432470546275,1.156792257925236
0.4181117952774794,0.36570087423148756,1.1433163679363147
0.3680561776227307,0.3497565900842591,1.0523209227710708
0.30478003693241207,0.31505886133273225,0.9673749077971028
0.3187673968931793,0.3224834731712253,0.98847669233557
0.37784968786421186,0.34948326917915407,1.0811667429793799
0.3932652883224498,0.35439793339209597,1.1096715055822632
0.35710229975380353,0.3387787151076575,1.054087177939509
0.24838559229390728,0.31493767115371263,0.7886817457689174
0.3845972152688545,0.3765443510224471,1.0213862303989985
0.361565042587247,0.3433323003002933,1.053105234407035
0.34768953983518286,0.324460415415491,1.0715930921494556
0.36731865487385984,0.36710896522846737,1.000571191840172
0.39951205882396523,0.3582532899595883,1.1151664758445932
0.3702510032039174,0.3458675984005742,1.0704992457116582
0.2546058521249498,0.3127101554556397,0.8141911852973626
0.3961603968721263,0.36080253785508093,1.097997811288254
0.38872594602685967,0.35068335568829007,1.1084813114779941
0.29510820112569486,0.31358762026654774,0.9410709545066049
0.46303053975698294,0.3947417832649703,1.1729960176173544
0.3047120833490178,0.31122676547919476,0.9790677317866722
0.4225285702182918,0.37112213039924213,1.1385162338978496
0.37700764073620496,0.3508636075764218,1.0745133795447528
0.3465773893513011,0.3255958233079251,1.0644405257727558
0.4134765044071108,0.3584951402207039,1.1533671116226518
0.3684248749676824,0.33654825611294237,1.094716339412683
0.524411737368566,0.45022871340651055,1.1647674209864882
0.28906424316204765,0.3089892896140308,0.9355154138938854
0.298472906874369,0.31187953939874824,0.9570134272026148
0.3750782049898834,0.342914251717731,1.0937959070264252
0.2793753194250858,0.30364729870085844,0.9200652224484814
0.33737924566411537,0.33832139299635156,0.9972152298029633
0.3294928554596211,0.3275101354680687,1.0060539194877702
0.38533873054609763,0.3549801652803405,1.0855218635716783
0.2606898512694353,0.31370372704701616,0.8310065478768269
0.36774294489135584,0.34042020230908976,1.080261812891639
0.35992050930103575,0.3370573393606984,1.0678316929211578
0.37807058394150767,0.3510942026864442,1.0768351657436952
0.3439210414012409,0.3423985002913643,1.0044466932786826
0.4331761240510166,0.4115080950428013,1.0526551707469123
0.32802125530152965,0.3228587966645932,1.015989834225578
0.3461266264624654,0.3293194622795492,1.05103604890697
0.31903764772127075,0.31730637820782864,1.0054561446990775
0.334578978795392,0.329865462960134,1.014289206857123
0.4131105556400634,0.3634134771825728,1.1367507854765762
0.23725328901123716,0.3228417133432045,0.7348904407498899
0.28448254223367175,0.307458523708873,0.9252712814787442
0.2458188025492787,0.31168293222270205,0.7886822701399561
0.2651127809746407,0.3086477410250061,0.8589493643925997
0.2980695823230895,0.3192064718861978,0.9337830168724025
0.2769786697095376,0.3075987276301751,0.9004545364782787
0.42005278172247623,0.3833325012057637,1.0957922440732517
0.29484828190122897,0.30936408322997133,0.9530785824353379
0.24355259258121487,0.310860665781306,0.7834783212893099
0.3276356147542155,0.32985560524511204,0.9932698112277131
0.2479317161573384,0.3159368295923008,0.7847509151664297
0.3245603167598795,0.32146459181038955,1.0096300651093664
0.2966127069246055,0.31029684915616934,0.9558998350489961
0.41536918262771066,0.36429157047076394,1.1402107989787975
0.3888877851420562,0.343274389624266,1.1328773625312298
0.38608151665082424,0.3631385391499216,1.0631796822078161
0.25142869207532104,0.32104421135866873,0.7831590889344096
0.2523937632411814,0.3077232199106585,0.820197329647269
0.36096910442185015,0.33563029516074006,1.0754961921687518
0.32799697082368945,0.3263152175721532,1.0051537689968884
0.28123757449998316,0.31307624761708586,0.8983037730922225
0.3045836840878729,0.31870669841312005,0.9556864841700303
0.2965322628833574,0.31116293976494525,0.9529806573602885
0.2936435990609161,0.30723454560424984,0.955763612074925
0.3129600830699737,0.3114717544975762,1.0047783741251217
0.395430713020479,0.363348064738721,1.0882972868035727
0.3811785832820272,0.36215382489092557,1.0525322586247199
0.37845901432341517,0.35380737520598327,1.0696753116101096
0.33135487474947567,0.33830502639415666,0.9794559610338647
0.4194309571989005,0.36813708422152835,1.1393336210228302
0.36897248641712393,0.3563176890382142,1.0355154901601098
0.38190391859757417,0.34535350344112853,1.1058347889691418
0.32577297368834407,0.3168350073067819,1.0282101604161051
0.37992859576416327,0.34814910818878214,1.091281255151597
0.38005228664576746,0.34626275692880204,1.0975834941553162
0.3118653335557804,0.32870432128685423,0.9487716265330788
0.36044759473529236,0.3399306595960657,1.0603562360735763
0.34415344448685065,0.3475563914272816,0.9902089358033199
0.2714962459754892,0.31550488804354687,0.860513596664203
0.42045194068325686,0.38034226911137875,1.1054567815078489
0.382630213999535,0.3507864254050201,1.0907782807095454
0.29615212705592553,0.3249218528625678,0.9114564762167259
0.35169706957100516,0.3302230765947706,1.065028747226488
0.3827107855400605,0.3475947367466351,1.1010258357824958
0.3321923356984559,0.3174903476755543,1.0463068818644077
0.3165554435596391,0.3290413767225409,0.9620536077034763
0.39274276285425286,0.3472482195513511,1.13101447535622
0.3428193529425761,0.3254748577594168,1.0532898156943966
0.32230063190519337,0.32154856750500926,1.0023388827573376
0.30433825676669274,0.3151687310598853,0.9656359491730966
0.4595742326565,0.3983890564874712,1.1535814680967598
0.29864668306895376,0.3142403892912318,0.9503765055235273
0.536625505989764,0.46359233047510945,1.1575374973089114
0.3730985561841941,0.358952627864466,1.0394089002882834
0.36571627069496787,0.3414222248215686,1.0711554319174612
0.2988551348243611,0.30930817701322066,0.9662050894037219
0.3607924683503036,0.3497436990733557,1.0315910459751572
0.31237262655994297,0.3151911916953321,0.9910576018313557
0.24963141182232587,0.304641963043688,0.8194255621525351
0.3666570906869624,0.33643209411189445,1.089839813454347
0.36799866819241855,0.3338863309880665,1.102167516422142
0.46856043783449614,0.39320460895628834,1.1916453346725264
0.429599057986928,0.3872660872336296,1.1093123620911318
0.39290069973384484,0.3466968696477327,1.1332686681972592
0.39516627606762017,0.3623708938149743,1.0905022528365402
0.43769502656721837,0.3801356857329696,1.1514178831257689
0.2548904860102896,0.3103286185913572,0.8213566868801458
0.36773367576695326,0.3433634328868916,1.0709750676569265
0.26658293113559983,0.313554239881398,0.8501971819498754
0.3302288156203813,0.32121100331677577,1.028074419028268
0.40940382781951684,0.3582013818752529,1.1429431837370625
0.3594061041280958,0.34388624261680206,1.045130800793877
0.35321182762735065,0.3366229119708449,1.0492804116017587
0.4059116412464931,0.35683424212053344,1.1375355650688423
0.2739586200147515,0.3145228192243909,0.8710293920496129
0.2960088341221682,0.3092332403961667,0.9572348488246079
0.3929447291274338,0.34650647128667705,1.1340184432005505
0.41187461962510075,0.3808398498331147,1.0814903424775153
0.2947134311521339,0.3168330631982297,0.9301852154481225
0.36349133822331503,0.3435043866433221,1.0581854333078615
0.3668014529547697,0.34302169302265356,1.06932436174101
0.36975995666969513,0.3524462847623369,1.0491242854752554
0.28452108735075626,0.3092552606339344,0.9200202019765932
0.3964554730308776,0.3502328579250808,1.1319768093137748
0.4423021374591452,0.3831060523671266,1.1545161835117437
0.43614945390139875,0.3918860231504105,1.1129497561437638
0.35558227814552057,0.3418083349458254,1.0402972712818084
0.3966977794176863,0.3578788486791624,1.1084694747448598
0.33049737197177015,0.3224363406338786,1.02500038091874
0.3059593461037998,0.3190157514412547,0.9590728505458792
0.37475217717767567,0.3533227405633561,1.0606511672024035
0.5240128318293497,0.4556880412558197,1.149937642395081
0.3527119955421591,0.3471998666184769,1.0158759534597956
0.46497953397169606,0.41006613914382395,1.1339135070808959
0.3268129138280024,0.3227462710734704,1.0126001231277006
0.38022938984078886,0.3446898561631563,1.103105829899474
0.28961850486927415,0.3078101585859742,0.9408997617223898
0.43004464101553685,0.3703815362939384,1.1610855263428932
0.29648566444271474,0.30822514559223624,0.9619126430227982
0.3900773825339122,0.34854783873302647,1.1191501974358695
0.3989519182542257,0.36811358789679033,1.0837739528541437
0.3789875671307322,0.3513714009136827,1.0785953727174102
0.39151410088408733,0.35171316091037014,1.1131630669455101
0.375010702748034,0.34725601182871035,1.0799257319496431
0.42434058840053707,0.3725982377115201,1.138869016146764
0.28663500978111905,0.30989039558659054,0.9249560937135485
0.39562540928511464,0.35950040635753333,1.1004866817637307
0.36350494324197224,0.34736286087098484,1.0464703748999316
0.2782884346683326,0.30507788212552583,0.9121881689011772
0.34859298534645433,0.35101225097947336,0.9931077458798995
0.32441406445547494,0.3245055981354803,0.9997179288106852
0.42221492133254845,0.3820783810474541,1.1050479228242682
0.25512370829249353,0.3035071701151825,0.8405854405208047
0.3733093312400739,0.3533013181690069,1.0566315834165552
0.3903055648017716,0.3535430090568545,1.1039832631480635
0.303764079545492,0.3158703706667219,0.961673229762967
0.44353085453543745,0.39018035087117825,1.1367329327198061
0.3177586698771231,0.31422757797507544,1.0112373710951867
0.3542525467514512,0.3414773948601602,1.0374114131230343
0.4199102588080826,0.38521212561160495,1.0900753919451187
0.30872882453698364,0.3192000002428909,0.9671955648560796
0.3963743651382783,0.36198379617371595,1.0950058243713714
0.3823813140861228,0.3575864061423848,1.0693396267806252
0.4670852606240181,0.40041158551101175,1.166512852089223
0.3846572267110848,0.34350632422661437,1.1197966371568833
0.4650089400924706,0.4059295372097198,1.145541029827125
0.4652894108380405,0.40270935198076824,1.155397580288279
0.39637657210801375,0.3596099221550894,1.1022403657067836
0.3600197751377277,0.3509457527062104,1.025855911808437
0.39517374951840245,0.3652774399837636,1.081845485820224
0.4019021979899776,0.36135935125967555,1.1121953716957158
0.5011732041421684,0.4272040395621981,1.1731471562295488
0.25003070078202777,0.30682255232416134,0.8149032686419596
0.3752231911739199,0.35677811927274145,1.0516989997558621
0.3355846276179151,0.32835048441787423,1.0220317725824772
0.41571948240926115,0.36904546744759154,1.1264722617635126
0.4036850180501009,0.3616534823056705,1.1162204646184084
0.28534483459086885,0.3047914027161133,0.9361971238297779
0.39057111133706734,0.3495888793926575,1.117229792937374
0.32905029888212395,0.3411641061106004,0.9644927264870317
0.2932845925894896,0.3104205009399379,0.9447977556296648
0.43934937397040913,0.3774932458297133,1.1638602248491594
0.4014177448029125,0.35396481417560743,1.1340611516368486
0.40262554387479427,0.38481098947011033,1.0462942974399323
0.4690745780708683,0.4222655740260439,1.1108520488623526
0.4139870752317186,0.36235832943295143,1.1424798096391497
0.32332199408075946,0.3157375958069984,1.0240212074028625
0.5049181413465186,0.4442494120199463,1.1365645686523684
0.4561069818626144,0.393193462962317,1.1600065230645173
0.39189995673978534,0.36561617312337036,1.0718890069656355
0.3226234353574845,0.3243157814144537,0.9947817955401729
0.3414377155929234,0.34046434847020274,1.002858939936279
0.3364474029547109,0.33560156003366354,1.0025203783944345
0.3536710953903504,0.3505049555442765,1.0090330815470423
0.3061412108638002,0.31371289456078943,0.9758642892011503
0.3271844105572886,0.31807813163315923,1.0286290631719117
0.4110302734758897,0.36564065082000924,1.1241372439144466
0.34975618977661815,0.3291188701545122,1.0627047595673178
0.4125013951133519,0.3729211557701652,1.106135677021178
0.4033888862968446,0.35905265715239465,1.1234811336478485
0.3845699468159064,0.3443527376467283,1.1167907345358088
0.33776163177008717,0.31973347375710914,1.0563849565112267
0.39061624889748364,0.36760856823528626,1.0625874439560707
0.2860532489567843,0.32422160349662976,0.8822769546254428
0.5363951112786914,0.45063522605197476,1.190308880151383
0.38194931548013833,0.35178024474367486,1.0857611283955022
0.3411722447379459,0.3267088861604109,1.0442698658965572
0.4000415944413987,0.35396598864039963,1.1301695848744613
0.3006295048302914,0.31881479265323426,0.9429597112743683
0.4085319270391644,0.3700318568203075,1.1040452855861898
0.42322610622929946,0.3688666129720873,1.1473689711823434
0.38792041079145884,0.3498768161245869,1.1087342542105594
0.3346686746402506,0.32890190205686204,1.0175334120822188
0.30292592502761356,0.3408597632129989,0.8887113051191057
0.26987045275003535,0.3103922647197837,0.8694496719938215
0.3940352729188142,0.36073561684744193,1.092310419365812
0.36969408293966377,0.33342532133723646,1.1087762664724075
0.3370236351205959,0.32272585978409296,1.0443031597965788
0.280090423062414,0.30447469572593666,0.9199136315568522
0.36851751615473305,0.34475549374280734,1.0689242748649352
0.43718578671673486,0.3937546816026259,1.1102999078952902
0.36960157916930847,0.3465744401477914,1.0664421156150394
0.4303022067214308,0.37404985859575735,1.150387299535024
0.4252492007941527,0.3667883699847937,1.1593857264661436
0.2664837941103374,0.3082349664776903,0.8645475792559869
0.37556784651772335,0.36104148638026273,1.0402346009681582
0.34461118764464704,0.32925844074829536,1.0466282560940883
0.3266901326508465,0.32806480306797214,0.9958097595222953
0.37576117721257546,0.35199424225693576,1.0675208060315122
0.326237412484964,0.32604312643070493,1.0005958906614165
0.3416443266765458,0.3416240580240206,1.0000593302844138
0.4336788530792029,0.3777851587900548,1.147951005984885
0.409726843609079,0.3652630186297871,1.1217309793531502
0.4249028312640906,0.3816199788696666,1.113418727506419
0.3025379813618845,0.31005743909479894,0.9757481782895865
0.4947559571493755,0.4190615985941034,1.1806282389252958
0.4048796435625131,0.3570032448572762,1.134106340474236
0.39110201731355265,0.37225022380455325,1.0506427996639631
0.42348013319506245,0.3791177096350281,1.1170149070660442
0.4035610871094326,0.3771662653403619,1.0699819262606944
0.32059930435320627,0.32863864079909244,0.97553745832706
0.3192933569686268,0.3240299200485282,0.9853823280294856
0.39859838380704593,0.360159461625127,1.106727508999689
0.33865966375496775,0.3376583243572962,1.002965540386358
0.3884354421681383,0.3462719441988257,1.1217641182766536
0.30684076030389645,0.3145767840429518,0.9754081542838867
0.37111571997670345,0.33388306349998814,1.1115140614993089
0.2730686438887431,0.31752675223171345,0.8599862593293327
0.31456138286339624,0.3153263307386237,0.9975741072005131
0.3381032902074719,0.33416059842057483,1.0117987931717036
0.3382234751439626,0.32314337046072894,1.0466669164889035
0.2497727247870858,0.3124470264629428,0.7994082312596744
0.3287408321373162,0.3222136283896985,1.0202573794914827
0.26693096404206035,0.3142337020163449,0.8494663759146239
0.36340623140619843,0.3493016958387648,1.0403792358739197
0.3864262213042897,0.34618996739369257,1.1162259386472626
0.5094557031901317,0.436389145972121,1.1674344054897245
0.39034036156635027,0.34909107116153815,1.118161974947003
0.3857419552595994,0.35410742406020246,1.0893359727866612
0.2550250816516306,0.31885180288256576,0.7998232387149377
0.3178403146172938,0.33002630966468927,0.9630756861179444
0.24755958702874825,0.31485349329692525,0.7862691451712276
0.47118376886742286,0.4018893242441489,1.1724217102646335
0.3529912437883798,0.34016398527811015,1.037709043477317
0.43636786902516317,0.4043317651622078,1.079232221218393
0.36348535968490847,0.3416382367143824,1.0639481200366654
0.3145954154194082,0.31475829349821494,0.9994825296674585
0.30610451247821674,0.31141003813377766,0.9829628945574268
0.44119902804283284,0.3855947784886783,1.144203844699591
0.37281436755867536,0.342664527932876,1.0879864624671782
0.33405468736966437,0.33558397815118246,0.9954428969167618
0.37795437197286674,0.3457581425903663,1.0931177763198614
0.25934152497854235,0.30827353725637513,0.8412707989361455
0.38241633131178887,0.36142628945429706,1.058075581300917
0.4330489812692917,0.3718526984582154,1.1645713021979127
0.29107426477630327,0.3187271457638669,0.913239642888621
0.31427684362029956,0.3253533811200645,0.9659553637904953
0.4407673427554625,0.4067786238760946,1.0835558136155181
0.2916507308033435,0.31407700046328857,0.9285962689822416
0.35566175952341494,0.3435378621929318,1.035291298761341
0.41822151482064895,0.36739888754772987,1.1383309231341006
0.28944339874937197,0.3078784773442789,0.9401222236970715
0.3724088222299973,0.35359444241030813,1.0532089240188258
0.3376493722311744,0.32347034029932753,1.0438341021273423
0.45457224357762355,0.389529829299895,1.1669767226675036
0.2816951473889026,0.3037109658375445,0.927510623832996
0.4448487739428317,0.38614691182061284,1.1520195043007082
0.2818152232108457,0.3042548032692675,0.9262474090226189
0.4113107275180689,0.3659849256686574,1.1238460894710374
0.3354706749391966,0.3279919589778053,1.0228015222833475
0.38079201755817027,0.3533127437223193,1.077776061928431
0.4111700484278329,0.3962259941201348,1.0377159866577736
0.46300525200629244,0.41530309984622404,1.1148610549204454
0.3529765597937708,0.34208098345964916,1.0318508682474214
0.30665153481188884,0.3155319951602657,0.9718555947270379
0.3589840126871062,0.3362566259022245,1.067589409499072
0.2894410726613332,0.30872345038364335,0.937541583905115
0.3594129913630811,0.3460102209285743,1.038735186488244
0.23754391778104897,0.3133124861604264,0.7581693302175598
0.2714665347656853,0.3023050904335109,0.8979886325314517
0.4235490324447239,0.3654529050292073,1.158970216452031
0.36686328954376407,0.34603499510357555,1.0601912949121062
0.3783743707058816,0.36176104030221096,1.045923492451791
0.3188735428191836,0.32046888225081416,0.9950218585329543
0.3646994275716009,0.33204111710126544,1.0983562239383002
0.4883510526195383,0.415540091548568,1.1752200631222611
0.47869163013919536,0.4034602295819723,1.1864654680714646
0.3243872444658491,0.32531696916670516,0.9971420958973104
0.24951214086887624,0.3101832881094201,0.8044022693474655
0.3703454942948295,0.33847896632588914,1.0941462576385297
0.3324553182394822,0.33136782556097094,1.003281829419227
0.2735627480768347,0.30605724411864665,0.8938286981725058
0.39199273617037517,0.3525748879655693,1.1117999311642843
0.28774779681154494,0.31005270562577525,0.9280609121948715
0.3309677254849025,0.3184649179223069,1.0392596071308733
0.32152407986505105,0.32532055220490597,0.9883300568804406
0.31735060610265564,0.31813263782910317,0.9975418060473643
0.34636096449661175,0.3360827200210241,1.030582484201939
0.4129883286504991,0.35643262217122507,1.158671521520007
0.48780182480713974,0.4215781441855824,1.1570851846446886
0.26317366945124065,0.30699066847133993,0.857269280404235
0.40954727963865484,0.36146982697855934,1.133005437997311
0.34883238025982666,0.3307280162399391,1.0547409446158111
0.3736298132382845,0.3447098825281796,1.0838964363249457
0.3019601452687005,0.31046882887577526,0.9725940809005363
0.2735311717102167,0.3148564511243369,0.8687488242132257
0.3519432420368996,0.32760974388586234,1.0742758681790456
0.2721581307802882,0.30540680591769537,0.891133155865664
0.4162042141308226,0.36433961264283937,1.1423523539254181
0.3925803301337439,0.3657246762972941,1.0734313421460768
0.2531139103875832,0.3020124385500934,0.8380910124190145
0.3151729757679389,0.32223380064312573,0.9780878825837185
0.295221086307546,0.31321441681571477,0.9425526746466608
0.3772957050427946,0.35458715555019793,1.0640422224470054
0.39327649856465025,0.35630580894076,1.1037611195107881
0.39798831046932126,0.36870271040588903,1.0794287626233965
0.36883783835020156,0.3464425270215906,1.064643655388229
0.2880877366170383,0.3078840149428492,0.9357021561204286
0.3555901105446092,0.3313779036840873,1.0730652424055531
0.3965384297512285,0.3701068477386907,1.0714160847712808
0.3311018754690122,0.31788977575668553,1.0415618894344034
0.37271907097518436,0.34538433556904724,1.079142950594737
0.34691383802682235,0.3374507270601241,1.028042941407005
0.314536777218426,0.31261305972397907,1.0061536696392193
0.3487456961293889,0.3430986229804872,1.0164590376371836
0.31451146968468247,0.32805634939347683,0.9587117282325531
0.2976548349564203,0.3108879315380082,0.9574345117994069
0.3351530923839082,0.3352248834383222,0.9997858421079079
0.3079171347627296,0.34019578014480895,0.9051174433488284
0.28541343427050553,0.30677363806101804,0.9303714493672891
0.22878518676190482,0.3131284173385834,0.7306433210580218
0.349363656028344,0.3395254504361765,1.0289763420666367
0.30349991454793174,0.3157857246855906,0.9610944726843144
0.4138014872474541,0.3710532430743112,1.1152078440790818
0.36057488643363467,0.3348549736859379,1.0768091107161502
0.3036414383135499,0.3118128110034806,0.9737939802292488
0.36296923810658005,0.33802592588196567,1.0737911216707214
0.4744743266615152,0.40783015649815146,1.1634115797998028
0.37662208826472554,0.3368756441627332,1.1179855082749532
0.38147581156361315,0.3408408194423447,1.1192198522106362
0.23440412249247997,0.3113404538393073,0.7528868144242616
0.2664831977466162,0.3303239681947249,0.8067328544246757
0.5483901424004436,0.4784286559434893,1.146231806117437
0.3268898012262184,0.3236704821539643,1.0099462856508574
0.3461709646357162,0.3309373555309306,1.0460317001093635
0.3168115837369295,0.3180281110097688,0.9961747806853404
0.38481964504112526,0.3471913699556981,1.108379062216404
0.4540348895008636,0.3881823887178696,1.1696431953044
0.2707390639732024,0.30251959578783855,0.8949471959597477
0.2877682013881425,0.31243955771113496,0.9210363869936012
0.3062931926669512,0.31033321925147384,0.9869816496143494
0.4075429012298305,0.35954620544279225,1.133492427566935
0.4482866351608058,0.38699586026884925,1.1583757894706608
0.3272954993112523,0.32143829086594206,1.0182218752766858
0.2956372252736559,0.3190878298295462,0.9265073676786187
0.46036233440830493,0.3895685910950526,1.181723436980008
0.3029224041511567,0.3187473929414696,0.9503525702774335
0.41469940671751976,0.36887641134469296,1.1242231651673924
0.37845764640131846,0.3471169031264588,1.0902887269175763
0.4627758469621492,0.4038309815933445,1.1459641980321407
0.41278722275514274,0.35803450824046423,1.1529258025539408
0.32504737263884725,0.31992805338154867,1.016001470340562
0.3098690404533074,0.31934121960230044,0.9703383761081971
0.3351286712039469,0.3464006227452929,0.9674597826874168
0.3311779083404659,0.33010422196549155,1.0032525678362472
0.3496326918946417,0.32687513712053395,1.06962155327744
0.3451298844420743,0.33342054724958786,1.035118823027188
0.41507016195750784,0.3663220059677346,1.133074604297911
0.4823396716798896,0.4093775854214307,1.1782268713694928
0.2889898232850552,0.30858951057538986,0.9364862167421392
0.40152747491363566,0.3566986766690118,1.1256769401648816
0.4584378258603694,0.39265211412654843,1.1675419776617293
0.33927810661474817,0.3286361544556044,1.0323821710267165
0.40709730371009917,0.38781768193502353,1.0497131066301042
0.37654337984194663,0.35111216486346913,1.0724304581937982
0.42346491088609056,0.3829757522534409,1.10572251218102
0.36549310097917775,0.3509131348846098,1.0415486473578774
0.356060280136147,0.3395002607278201,1.0487776338457755
0.28235612051640013,0.3053145525970941,0.9248040033290162
0.3043200167070052,0.3124186006897875,0.9740777790922133
0.5029129345497547,0.4391322099288193,1.145242647154655
0.3131552421097636,0.3145804081267491,0.9954696288129575
0.3267548239981246,0.3275046978660425,0.9977103416445506
0.31491561389537465,0.32520801453399073,0.9683513315212583
0.32314822683715533,0.31857652790023616,1.014350394760881
0.37902873914570545,0.34504759070491137,1.0984824973603573
0.3882893811382078,0.3534156896868054,1.0986761269209842
0.35749964603424095,0.335759847214647,1.064748060257771
0.3100083636455006,0.31898926866836597,0.9718457455940241
0.25835820280315097,0.3147062563729613,0.8209503229480392
0.3492268823886597,0.32467452650086104,1.07562144204046
0.3269477663386859,0.319539329701806,1.0231847411202666
0.40064348546030826,0.353584814637616,1.1330901918707172
0.42504648123811434,0.39110948732938783,1.0867710833108613
0.4125448172296172,0.379876387508803,1.0859975265508104
0.3299135355403458,0.3247217655181504,1.015988364727911
0.3125403481632135,0.31851035736465155,0.9812564676049037
0.4019714173151461,0.36571866531388264,1.099127431656104
0.41464751080969836,0.37528215393129327,1.1048953606400695
0.3866147372062364,0.3457007621978451,1.1183508383038396
0.2344767969751437,0.31242755888455864,0.7504997248395184
0.45618954143102525,0.4087809196704136,1.1159756228319944
0.4530664115047568,0.3853862336138387,1.1756164906469762
0.33973658528006223,0.33007968418544303,1.0292562722193888
0.39088200632244136,0.3495606602962704,1.1182093717043244
0.2920276121799171,0.3202925740803172,0.9117526780583045
0.3617165044041885,0.3457438062668858,1.0461980745505333
0.3088795557430391,0.32413514555287415,0.952934478043676
0.259809361199314,0.31205084888047113,0.8325866189161759
0.3049744770309223,0.3109902294030905,0.9806561370634866
0.40662812218970784,0.35523259063939133,1.1446813521749468
0.4050819321501396,0.35832383162843984,1.130491182540672
0.31446804038246146,0.31739503769820465,0.9907780621367926
0.2937849850247831,0.3262371641459762,0.9005258054944586
0.3558372474426782,0.3496969596181999,1.0175588824998143
0.31129204520061593,0.3297985728746757,0.9438853615625187
0.3875376600124525,0.3446873414221029,1.12431648465406
0.2750804569633214,0.3057537103103575,0.8996798654842129
0.4058752566765781,0.35353854342843316,1.1480367960466507
0.32998849563250393,0.3222626808030623,1.023973656553062
0.3768729919167613,0.3509386312854655,1.0738999879731108
0.403916809101159,0.35570514144065435,1.135538292939036
0.33428106179380174,0.32146486354508597,1.0398681153124478
0.30712212886821644,0.3181662954557924,0.9652880687071064
0.29786343072190113,0.30912137695006914,0.9635808227200462
0.39087714123782136,0.3630512611395164,1.0766444937030857
0.2700640755395571,0.3057654787502403,0.883239261159873
0.26181518642723495,0.30385421717033767,0.86164736782463
0.29089555738920275,0.3069636907844957,0.947654612328161
0.41397671472073094,0.39279232730999336,1.0539327933308096
0.33431066615428967,0.34557528754349,0.9674032785466967
0.34884119991324625,0.32936759304753976,1.0591242346750724
0.2533385519655087,0.3132909159700081,0.8086367623559224
0.36283925065695855,0.364248483239134,0.9961311229915258
0.34264695209,0.3459451130607392,0.9904662304908463
0.32705750088385943,0.3231955267462552,1.0119493427909858
0.3021666604093978,0.30983760396068366,0.9752420511479968
0.34153011865753446,0.3331074826469458,1.0252850399626587
0.3866202478719119,0.3491395942902715,1.107351484032714
0.318756416704077,0.32114623291375705,0.9925584797056554
0.3258259374308175,0.33818952132203456,0.9634418481007753
0.38151019088770705,0.34834780059852194,1.095199080436869
0.31053484435258993,0.31382900821429893,0.9895033162152443
0.3591204135795455,0.3483787134320443,1.0308333997840442
0.3657141809256146,0.3452021620348267,1.0594203082908806
0.2687766714451527,0.3199050843240593,0.8401763042093003
0.3678484376909162,0.34928247593860656,1.0531545755406664
0.3899796409614571,0.35180879047234415,1.1084988537036387
0.40489488151180436,0.35967555891856123,1.1257225337445902
0.3405605404987473,0.32825045478474096,1.0375021132021858
0.3184624395796897,0.32242872485104124,0.9876987223356607
0.3093688689168246,0.31930834229033905,0.9688718644109938
0.3343593959233504,0.32483205585063896,1.0293300488702144
0.4421172076933734,0.40368072740423855,1.095215049121345
0.3297598692199789,0.3383207889342693,0.9746958508188107
0.264611221774832,0.32335189768289574,0.8183382366734415
0.4478328251506122,0.39221090720269647,1.141816346578985
0.40735103653863636,0.35935082929610873,1.1335747779865981
0.37814710009883445,0.3512460110723653,1.076587600082174
0.4102613985029824,0.36210040726042875,1.133004521057927
0.32358441148940076,0.32008988358623847,1.0109173331690777
0.3651324660161269,0.33328627078350237,1.0955520764709548
0.48366456300812755,0.4202079977694586,1.1510122738632012
0.24792449187807836,0.3091362906202078,0.8019908998088751
0.2606392150719152,0.3056182268602799,0.8528261476730318
0.3141728994212241,0.3199747376967735,0.9818678239497535
0.4243696748242602,0.36987188970523266,1.1473423275352426
0.40939057477063767,0.3715712769314422,1.1017820810895818
0.3204297729144788,0.3185036903747666,1.0060472848444735
0.44468086294842446,0.38966184508508384,1.1411968314509393
0.3895063696020524,0.36302459715859287,1.0729475981813172
0.3782007654539711,0.35739593064049435,1.0582122879132734
0.30723923408747195,0.32412669764968416,0.9478985727350847
0.3088732673654751,0.31809023784702367,0.9710240385120489
0.40355058725330983,0.35878547933362975,1.124768449388816
0.3368382346656423,0.3226611952490596,1.0439378506784478
0.44612747802635705,0.3851811314069943,1.158227757410487
0.35542096354037533,0.3407760942245135,1.042975048907666
0.499997978537007,0.42423358926920424,1.1785912082028123
0.3372218971049302,0.3246801278713109,1.0386280777818049
0.2976118389574821,0.3149935226693323,0.9448189170223136
0.3465405642409708,0.33062845956482095,1.048126845151484
0.3405031616804053,0.32403061119357524,1.0508364022341994
0.37400409002776214,0.3446847821962209,1.0850612192529303
0.33039098434643555,0.32615310154206,1.012993538262671
0.35216967745252986,0.3273477336893316,1.0758274495547766
0.26341240897727913,0.31849306423699686,0.8270585408455515
0.34131558366739884,0.3373495650023902,1.0117564066370754
0.30865097869721037,0.3268401370805867,0.9443484556522153
0.36679842232512,0.33876806158829964,1.082742040691207
0.34016638301182583,0.33193460494745924,1.0247993970549396
0.4237671480619602,0.3632071648472273,1.1667367526744845
0.32743537295772657,0.3175319169661663,1.0311888520882628
0.3711180284429935,0.3418071646635546,1.0857526313361219
0.3565317119223355,0.3502090764576314,1.0180538880621188
0.34604330200833594,0.3292005924026084,1.0511624522993843
0.3896548479512189,0.3446827694400256,1.1304738225941937
0.267928413527,0.30343640356456253,0.8829804544858855
0.23259095232120244,0.31254310551343945,0.7441883958345739
0.379654658085408,0.3520127244672492,1.0785253818878089
0.2695250233807425,0.30530759891457376,0.8827982806158606
0.39710883555854565,0.368680793193262,1.0771074677339691
0.36628619166690074,0.34331885382956007,1.0668979800589184
0.28461181509314476,0.31001726842680577,0.918051489639329
0.306293717186426,0.3214825290373532,0.9527538498082352
0.3599725353063127,0.3346988125242301,1.075511838812553
0.388500418556212,0.3495296519239352,1.111494880098921
0.27663055350835547,0.31324349304726,0.883116679670723
0.3949537722541642,0.35148363193121684,1.1236761441325216
0.2845345062984974,0.3057320550610012,0.9306662536308979
0.4246350812562815,0.3781811036862012,1.1228352689155665
0.33085275395759195,0.3303048749210851,1.0016587070858027
0.3615349113307034,0.34914194749594546,1.0354954880776732
0.3981840530896267,0.3648752769509207,1.0912881147142954
0.27533902735019583,0.31083581852399206,0.8858021210607155
0.34370068955535144,0.3281645284222285,1.0473425973484056
0.37402558435635547,0.34849445608296503,1.0732612178694525
0.26668725995340725,0.3104946145103458,0.8589110647667002
0.37908379175873075,0.3439135306288163,1.1022648369362167
0.5989312367185404,0.5142920785992238,1.1645741041741264
0.3957519086118207,0.3510034072459618,1.1274873703277242
0.34632620831436695,0.3412836771861462,1.0147751898649122
0.43284985957783617,0.37080219312355023,1.1673336015939146
0.37762491802866915,0.34326975809308835,1.100082104891583
0.38059882542934864,0.3535824007225174,1.0764077189691155
0.40401211211602683,0.35570435044761695,1.1358087456833732
0.28826705308141143,0.3093011031028047,0.9319949078409785
0.34128056721374683,0.3441919192542926,0.9915414863694263
0.3015679233872463,0.32290454434909555,0.9339228222852696
0.28901376815243396,0.30878421667764067,0.9359732542746952
0.3608586169707503,0.3353756556786574,1.0759833364783924
0.2690364205439454,0.3040029532265777,0.8849796282848237
0.27450149715788347,0.30358277390474797,0.9042064331489736
0.29201762686251653,0.3106040673239201,0.9401603442558262
0.27303027143440817,0.3025579765039958,0.9024064564062232
0.3903994310830317,0.3456902059083966,1.129333213410398
0.38773333837005747,0.3556335238665983,1.0902609353428112
0.39192482080803154,0.35614616824294987,1.1004605854433194
0.3891057944034059,0.3539864368442914,1.0992110259144268
0.24229441224613557,0.3093474517231991,0.7832436016409733
0.39087503273797836,0.356366699973453,1.096833774780573
0.3574279131229231,0.33879585943332313,1.0549949273900936
0.2555647712255727,0.3107079217495899,0.8225241564054523
0.36950273603671074,0.3476185489507216,1.0629546011052806
0.4630115636625445,0.41375491648908325,1.1190478836878326
0.28644981440303985,0.3081065012662034,0.9297103865898232
0.306082825534858,0.31048070342505496,0.9858352617676978
0.36235823693644936,0.33983155048195407,1.0662878017728126
0.3880699788273825,0.3607331594631964,1.0757812766779349
0.3860257503729004,0.35846265030671215,1.0768925299263516
0.32897481969512804,0.3240621819924835,1.0151595526279538
0.3710779811884228,0.35098433490537007,1.0572494105426962
0.38561751560764385,0.3497417609625245,1.1025778407084863
0.34055488497207065,0.3370765784379559,1.0103190395198431
0.42023370694774015,0.365170452829463,1.1507878134488392
0.2567417043681604,0.31233858053068886,0.8219980507433158
0.2931452972786058,0.32184352786163956,0.9108317300220151
0.35407221202054395,0.3429461694251758,1.0324425335148573
0.32747584889853515,0.3230458332217744,1.013713272920377
0.42786051891696464,0.37222041236855025,1.14948161008785
0.3560554567350918,0.33282547987135336,1.0697962694223937
0.3028058658789101,0.331116166297448,0.9145003980472938
0.4234533357705731,0.3706169000179683,1.1425634819945965
0.3011381365265552,0.34099187119694285,0.8831240916961044
0.3737549392839776,0.3462543289792732,1.0794231522989872
0.45180514522416537,0.42519458785523606,1.062584421648352
0.2964642202302213,0.31543741722962976,0.9398511528339185
0.43003300379298326,0.3704436719462958,1.1608593596257362
0.40559653824636355,0.3897423743227985,1.0406785737658437
0.27357181359039556,0.3146792567894911,0.8693671657341084
0.29570016713717223,0.3221603518241654,0.9178664148546898
0.30677553839843075,0.31622504296020737,0.9701177855070583
0.31372837496445516,0.32439775046857183,0.967110205022367
0.2547621655833095,0.3208264014089738,0.7940810496407719
0.3858625562666165,0.3440891949677519,1.1214027115927878
0.32675809772645253,0.3219687249393525,1.0148752733297377
0.45207704953751027,0.4052623855941079,1.1155169233748967
0.28613857522508723,0.31434319037741865,0.9102744515684679
0.36352999225291804,0.32973358656452356,1.1024960970476723
0.3347131540753462,0.32375671830956315,1.0338415703710802
0.4136725363456638,0.36987247411883606,1.1184193615141937
0.4034458440372624,0.36471921875588664,1.1061820252123764
0.31603593410748143,0.31349949540489563,1.0080907265873265
0.33900409272182574,0.3334131547269667,1.0167687984579896
0.2500643744006325,0.3060155239022812,0.8171623818681978
0.3825486171186796,0.35122340394193896,1.089188854800573
0.2710441668220685,0.3089333734619126,0.8773547635360435
0.3173353448367202,0.32430143939675565,0.9785196927494577
0.37074946663351394,0.33738306385312156,1.0988976814642903
0.29033987081363954,0.3412064988782531,0.8509212801284789
0.4054721556638564,0.35644514257613497,1.137544343383076
0.3330895019949641,0.3239011373122481,1.0283678061737036
0.35725520633864993,0.33837091536076946,1.0558094390522488
0.31954216036941385,0.32883688034948877,0.971734557358054
0.25527393787832203,0.3068493322656123,0.8319194830684983
0.27789674562884353,0.3079373894280554,0.9024456112490674
0.3874704597259817,0.36126403128919043,1.0725409289800376
0.4409010510244516,0.38518228986743286,1.1446555634117948
0.3321315746784888,0.32402629731226124,1.0250142578965329
0.3310898875853455,0.32267992450866895,1.0260628642748137
0.41503431629584286,0.362187272794439,1.1459108242364922
0.3557464633219213,0.3327868363696408,1.068991992600267
0.3008170162246723,0.3217186183103756,0.9350314190845533
0.4187336731291118,0.37062766604434444,1.1297960500310078
0.4446447445000214,0.39939314935682774,1.1133008796371837
0.3307705187947081,0.3217868579427244,1.027918047708408
0.3643816683039857,0.3401407919052545,1.0712671839885746
0.41075671306596423,0.3706525007121911,1.1081989525949907
0.2995609662201651,0.3136296340913169,0.9551424153144421
0.2719648944766153,0.3065326497427818,0.8872297770068766
0.2578333195161694,0.30237429749643047,0.8526958860291791
0.37893692076900604,0.3445577013682959,1.0997778289795426
0.3528391829327243,0.3362743549244182,1.049259861079889
0.3646911328180768,0.3441907202999899,1.0595612005466595
0.35844168622719513,0.3409454519026163,1.0513168139564337
0.48504988207990013,0.4149442691160536,1.1689518766295794
0.3803416371139241,0.35602513229736604,1.0682999670827957
0.2971024682178427,0.3225685755320456,0.921052113423637
0.3135809272317342,0.31895102270212433,0.9831632599108943
0.36108170914995624,0.3358017552119774,1.0752823758232612
0.3557447558200959,0.3356355432780239,1.0599138349463022
0.35007590353851453,0.33890936466692906,1.0329484518156047
0.3959608753914814,0.3544134321471664,1.117228748900981
0.2959735152396842,0.3101648977608237,0.9542456847193493
0.4718998189542409,0.4115931521921863,1.1465200925740753
0.299644133621263,0.3169552790676713,0.9453830032510288
0.2843848287333468,0.30702939596291345,0.9262462567841487
0.38501373351278445,0.35921565273345113,1.0718178080020258
0.27531121011538756,0.30290227924195534,0.908910988733339
0.37553690349028285,0.35481044326475575,1.0584155867420768
0.35874254027289165,0.3287595465324173,1.0912003744278127
0.41869753633682516,0.374464121151517,1.1181245750575133
0.4063922450120789,0.3608541957110088,1.1261951498481104
0.40400518864669194,0.3537235814429988,1.142149434873897
0.370879159424277,0.34327984639759385,1.0803988737361443
0.30548207632532476,0.3189768526097862,0.9576935562124629
0.27118172908953,0.3146809805317675,0.8617671415389332
0.29399580864625874,0.3168908388060496,0.9277510506581619
0.553646163307475,0.47570102290096805,1.1638532116899265
0.31934876745476304,0.3189941692189639,1.0011116135340885
0.4288394824908211,0.3809245023210295,1.1257860281442609
0.39773874966971007,0.36516451886793067,1.0892042603228944
0.36228431956919194,0.33734809352084644,1.0739183843847766
0.3108911393085866,0.31812638290678175,0.9772567005223354
0.503075116852492,0.4389883286355841,1.145987453507239
0.41296154993636697,0.35643146884058663,1.1586001406656474
0.43199733829721615,0.3723955187472617,1.1600497765130338
0.38446020146898957,0.34458263626045066,1.1157271464439018
0.4060923065014548,0.36055593701199934,1.1262948819171434
0.27088121706853513,0.3035728042398947,0.89231055379544
0.46447500014593496,0.40141851495293435,1.157084147452426
0.39404551168175694,0.366439872394791,1.075334703908052
0.41346301201786934,0.37246313407011694,1.1100776807082176
0.32755258163631984,0.32267824356474795,1.0151058776622905
0.4155556722123958,0.35895891159544946,1.157669189393831
0.3687417907083337,0.33777758531440716,1.0916703971493689
0.2685193376426675,0.3040667350941032,0.8830934352604062
0.3869157119503658,0.35276395712201253,1.09681191669063
0.42792122296805724,0.3819433788873189,1.120378691246544
0.31853769845271723,0.31736422871059183,1.0036975488601632
0.406736903538499,0.36110170718054374,1.1263776809981643
0.250139789649873,0.3060030239213621,0.817442214931036
0.3777357885125829,0.3487578108858074,1.0830891143432015
0.35827439471734207,0.338872601645238,1.057253944337511
0.3001906716018392,0.3116276002995064,0.9632993717928863
0.325533095571301,0.32799331211997995,0.9924991868499471
0.24221700033139132,0.31561417972315037,0.7674465087210549
0.2630012730976302,0.3092887575957921,0.8503421693760536
0.34955948004910425,0.33226680371325973,1.0520445501704943
0.300873003608207,0.3170262450802347,0.9490476207484351
0.39939705049743546,0.35278458818556385,1.1321272636982473
0.38582369239584274,0.35340676247597747,1.0917269655304596
0.43497369138184294,0.39558486732878634,1.0995711092768343
0.31466749887992307,0.326061318335094,0.965056206257924
0.3310403582366747,0.32506832485171305,1.0183716250658563
0.2994964266731889,0.31217015739239745,0.9594012098239175
0.3349496417830424,0.33025030216528256,1.0142296300319746
0.36473803467997934,0.34538314453771385,1.0560388960734362
0.44110964728882623,0.3986081922098223,1.1066246402096818
0.30869869256048804,0.3143311216497983,0.9820812235843912
0.4175084286146201,0.3597950583852461,1.1604062337275853
0.37362231868093326,0.34407126385947817,1.0858864366933125
0.3274872541496831,0.32391102956427137,1.0110407619963497
0.35900685523143827,0.3435644154886931,1.0449477275484993
0.4155139109002507,0.38605484458112954,1.0763079824864892
0.4572652155194974,0.3971303870542874,1.1514233874452666
0.3470316964792102,0.34355742914821397,1.0101126246625203
0.33251717338389725,0.32264376618815377,1.0306015743381376
0.2621668426917765,0.3119626652638199,0.8403789038988618
0.2884197049580736,0.3075527505354858,0.9377893855798743
0.33611765172901176,0.3499045482583496,0.9605981214077892
0.46442848262578906,0.398136396561657,1.1665059678960192
0.3825865819043325,0.3630023528061704,1.0539506946629058
0.2456519404276704,0.30670858342487456,0.8009294610688343
0.3202925854971717,0.31580375213462125,1.0142139962942458
0.24964998087659243,0.3235948236771804,0.7714894139519498
0.35032517280895203,0.333958284687411,1.0490087800542534
0.38068143978504765,0.3465890933339242,1.0983653182019693
0.36874807169151563,0.3331659215653632,1.106800089153691
0.3407200711649645,0.3271460812173854,1.0414921367759233
0.339869121546273,0.3360528393410546,1.0113561968787455
0.3052031075547916,0.3111986666517033,0.9807339820526223
0.39042347191189714,0.3520851160797985,1.1088894533769766
0.352758920989492,0.3258020071698187,1.0827401711052764
0.2855295113724266,0.3121229440104205,0.9147982128570912
0.3095404041407104,0.3179754292975328,0.9734727139909616
0.342236209681442,0.331368059781575,1.0327978197628065
0.35881514302433243,0.35077056125055794,1.0229340277162775
0.3324659199620459,0.32640035270831114,1.0185832129267192
0.3203431814163008,0.3226261499767585,0.9929237956668356
0.3256198869363981,0.32038516628043856,1.016338835897844
0.4213384543615148,0.37248857458448775,1.1311446393530842
0.43807896809492575,0.38124409559992944,1.149077384150856
0.37911862418552233,0.3414048708391613,1.110466359936992
0.39379827262810024,0.3513070034088376,1.120951956001324
0.3649819247554018,0.33735752217176895,1.081884649868775
0.4109533565283055,0.3595889312414382,1.142842064436015
0.2851099988610137,0.3095889715168113,0.9209307342704603
0.26654145079960284,0.3116536221619982,0.8552490067356061
0.2752229165674298,0.3088967800427555,0.8909866801762557
0.35180762346253064,0.336018407994529,1.0469891383696417
0.3085775520400289,0.31878842874699165,0.9679697385908989
0.4095168612984404,0.38113681870902255,1.0744615612985018
0.35818206699037364,0.34716271058605314,1.031741186677908
0.25609281153820446,0.3070437927004152,0.8340595629238987
0.3778633311070732,0.3448092733119734,1.0958618585794049
0.3014543249002006,0.3151292438626768,0.9566053635808064
0.27117950916578903,0.30201616067200804,0.8978973461631815
0.272994893616583,0.3085364586621585,0.8848059474083326
0.35095388066183314,0.32816373839866075,1.0694474726987855
0.45193734978345945,0.3842927769571135,1.176023534353067
0.5065845326939001,0.4344245331250102,1.1661047985706763
0.40050188784197427,0.35509205485748857,1.1278818615153479
0.38548361912924073,0.3489727942509114,1.104623699840848
0.28223216647342075,0.31143120931536605,0.9062423997063912
0.26523276279455676,0.3072547967931584,0.8632339203905397
0.25646877828683695,0.3022611309393678,0.8485006904122364
0.31816378226406045,0.31944304375519195,0.9959953377726019
0.27268037350120966,0.30427468329044655,0.8961651707346339
0.3519857431650149,0.3392854281207296,1.0374325390708088
0.35016972268799496,0.3317436593774775,1.0555430760759505
0.3858139959088148,0.35709117954074615,1.0804355246326975
0.42691746792717855,0.37020016275044376,1.1532071319346464
0.2741584506901935,0.3025995740701746,0.9060106959258791
0.42692455949779834,0.3854048897581576,1.1077300025064405
0.3355033253415098,0.33052072782553993,1.0150749925693006
0.346619804200322,0.3465680122594494,1.0001494423577495
0.38511820342552533,0.3566799179390232,1.0797305484727733
0.36294628112250604,0.3297140303197446,1.1007911333664935
0.4345846147000269,0.37526868365717897,1.1580625659055397
0.36454548159102024,0.3455825072456795,1.0548724948391548
0.440650557939695,0.3780046093654592,1.1657280017812401
0.3550732448039875,0.34585920339013615,1.0266410184362154
0.35792637739777255,0.3440152229867717,1.0404376128771946
0.289648351995652,0.3180408248512982,0.9107269550413181
0.2709274483413118,0.31414637032536896,0.8624242516655715
0.3783124398715398,0.347025144675899,1.0901585826723341
0.3036918532295991,0.31723167289423204,0.9573188277793836
0.32389908179786026,0.3250953482562894,0.9963202596873639
0.35156149688467986,0.32918823685644283,1.0679649438324064
0.34555349232592786,0.3269775503423952,1.0568110623010076
0.37399230588809557,0.3480699954628537,1.074474418258233
0.24750445541703744,0.3147403526514163,0.7863766222920755
0.35216390669989794,0.3348939779104252,1.051568346786134
0.2996265874923429,0.30822947727786454,0.9720893346687726
0.4058763181158258,0.3526948742830173,1.1507859844601356
0.3634147980200346,0.33376969314833316,1.0888190434310243
0.32754063033031755,0.31612141757549383,1.0361228696315608
0.36440733189180696,0.3542714757502877,1.0286104212032685
0.4138102133373102,0.37058614166371684,1.1166370428196326
0.45459962138198484,0.3927817009471867,1.1573849298114582
0.30095419042600063,0.3096926158142045,0.971783552651942
0.4205661940364697,0.3709957624094182,1.1336145494091852
0.4112540418413101,0.37622747443869714,1.093099440584104
0.3766441190739067,0.35297918168061493,1.06704343661464
0.4404173677076035,0.3871467519379583,1.137597992241924
0.2649631426395317,0.31405122649769845,0.843694022769478
0.3971102899295334,0.3606218939880806,1.1011818654101428
0.36331244989300604,0.3430486733418387,1.0590696834760094
0.35267285982317836,0.32762086226466314,1.0764664294738269
0.2712148600677244,0.3088848525148664,0.8780451934096413
0.48219948074129904,0.423328245799344,1.1390675805976334
0.3729408937129541,0.35264465561328506,1.0575543618103946
0.4194205378337684,0.37291491315808556,1.1247084067564985
0.38685468455886896,0.3506547314973478,1.103235318990113
0.4175072248590263,0.37322265058016674,1.1186545731080901
0.5202195871860115,0.44272152377236024,1.1750492335527365
0.287852481053318,0.3110296239505194,0.9254825228451918
0.3732238909852585,0.37056136361766406,1.0071851186578145
0.4158794713943126,0.3610609486399238,1.1518262303383515
0.33877565730569714,0.34613126155433116,0.978749090112222
0.3541799274269541,0.33254322751040516,1.0650643228506944
0.38119540771682575,0.3422033145049364,1.1139442301086386
0.37953950172711676,0.35817149058217956,1.05965860406758
0.25780849316576454,0.3072255539015458,0.8391505520676266
0.35305170624799975,0.33652329684490595,1.0491152011110578
0.40541395505223016,0.3567741095947123,1.1363323294752854
0.2581608813256598,0.31332414426448263,0.8239418699496758
0.2735988838620349,0.30639983941770055,0.8929472168849617
0.3622924745355234,0.34503340191404536,1.0500214545192863
0.3777811972065751,0.3379006121520328,1.1180246013777526
0.37899777738274004,0.3580948269353012,1.058372668006219
0.4064639159012437,0.36122321528515067,1.1252430594206961
0.37103406607328737,0.3467995446371749,1.0698804880538897
0.34364809811579383,0.3262927071943017,1.0531896378277228
0.4207707131200522,0.3859522806205514,1.0902143457826396
0.32250486625288,0.31903784532540297,1.010867114915288
0.25517743340965865,0.3025812310320863,0.8433353005381856
0.3740773334534584,0.35008582185370357,1.0685303719891306
0.37745499989540887,0.3418120707787226,1.1042763909287459
0.3828490244316685,0.3604308122182689,1.0621983788661877
0.32153595618200664,0.3225517467168485,0.9968507672174116
0.23842206574927927,0.31164670435792097,0.765039586221504
0.4704740560793991,0.40308639222242837,1.167179208123169
0.26568165957330836,0.3089377312142187,0.8599844976173648
0.37626169175960916,0.3415187486628977,1.1017307050717884
0.31161103488476194,0.317915833292565,0.9801683409646319
0.26800756824038663,0.30513231621699566,0.8783322971592178
0.2912909457291282,0.3120349961275972,0.9335201158334614
0.3115189461958081,0.31528622574243326,0.9880512396703852
0.287318402064906,0.3104429182841072,0.9255112136330377
0.3133976565683501,0.3122669770242421,1.0036208745314117
0.40902853446760074,0.3660525581960552,1.117403840812739
0.31854886215458617,0.32173295842699245,0.9901032947075926
0.41679697355558054,0.36347802613347935,1.1466909787897908
0.5296525231572168,0.4536612502358993,1.1675066426365548
0.3953032059125679,0.3569140378242497,1.107558582795843
0.42788734319289246,0.37607870403384586,1.1377600980947435
0.3236106098131284,0.322473335199947,1.00352672450414
0.2707270451553113,0.31154944097111437,0.8689697670823684
0.26518557748865473,0.30284842475832896,0.875637962126668
0.33015073639982895,0.32798157691623775,1.0066136625843016
0.37219217550026995,0.35007964238609734,1.063164293026171
0.30880602234777466,0.31477782998247755,0.9810284998945595
0.36874846143983153,0.3414386689153034,1.0799844745508382
0.4306568024166693,0.3732735877639956,1.1537296410292885
0.3586885000591245,0.34551803268857456,1.0381180318377792
0.36459184326773575,0.35656439099496573,1.022513331323888
0.33942849837844363,0.3352867466247612,1.0123528645118731
0.39019525076254935,0.34671846359640746,1.1253950733259779
0.36789980071009,0.34053748788119653,1.0803503690566936
0.38871094072564766,0.3491312064820245,1.1133663605795747
0.5140192143788045,0.44362624867476325,1.1586762864332867
0.33984780085621163,0.33231919414622046,1.022654745324998
0.35295048651251193,0.34236868570225387,1.0309076187518524
0.3458236444884716,0.32756311601298715,1.0557465953363334
0.3906017862977911,0.35591004729054226,1.0974733342633867
0.31311857629649,0.3203285360764446,0.9774919841102323
0.28787248089310247,0.3068067957204069,0.938285868854876
0.3219061143791769,0.327847863808628,0.9818765040576276
0.38924515093311157,0.3494784802136447,1.1137886106611101
0.35010797720861087,0.3374354537352866,1.037555400101098
0.3740015393795791,0.34966998232297125,1.069584346059577
0.3015793009541219,0.31673459058518466,0.9521514539884559
0.396936087317679,0.34750418564295577,1.1422483633780232
0.3843915517649197,0.34318229032435305,1.1200798019082465
0.28323966406136375,0.30865535304690017,0.9176567367627202
0.4059284032154467,0.3668112778839337,1.1066410104868434
0.2753751206260254,0.31108479607959516,0.8852091908585821
0.29688477236691946,0.3100398822026435,0.9575696205847292
0.28604428831287215,0.3201819452688345,0.8933804436496277
0.4021595514241884,0.37237454355001615,1.0799866918673287
0.3132936366238617,0.31378123365092236,0.9984460605837152
0.42754349318859913,0.37150136589651245,1.1508530854438315
0.38760713982694744,0.35318825981234525,1.0974519369157103
0.3815767316040084,0.3480395250525413,1.0963603388046348
0.27794229486893934,0.3128530876773047,0.888411544640485
0.4328029118695556,0.3827180707348619,1.1308661517824992
0.27998073764200904,0.3391551550979043,0.8255240512596269
0.2778648673760079,0.31348726626270673,0.886367317845546
0.40438924485427813,0.3724504393574901,1.0857531690709918
0.3981878685970862,0.3651977417138454,1.0903349695658595
0.3537284973201414,0.34040626345940017,1.0391362771217931
0.42357301861022356,0.36641281348319127,1.1559994711529227
0.3857121065683488,0.35519144075350856,1.0859273684920256
0.42834982680605604,0.3780948670793618,1.132916270762665
0.3936919400895402,0.3609456627054195,1.0907235652554332
0.34341275159841167,0.3239102090943096,1.0602097184853587
0.32756416683542566,0.31650322268544073,1.0349473349943672
0.4043552593553023,0.35452278770984064,1.1405621115849034
0.27378795400350003,0.3088738623705998,0.8864070009102867
0.4547434092223045,0.392962102881161,1.1572195025631449
0.27882331838687024,0.3067345944625515,0.9090051250183034
0.4951127309358205,0.4149691187794165,1.193131509140095
0.3468373753989878,0.32617644761547143,1.0633427947804297
0.2922968858228563,0.307542515287746,0.9504275711258151
0.3656406687454648,0.33990514844115277,1.0757138290559538
0.37378483930342,0.34618796611912134,1.0797164427570043
0.4115236380340892,0.3723945019827715,1.1050744193133333
0.4208268416965991,0.3771811100549763,1.1157155819263092
0.3421877288795693,0.32272474404776114,1.060308312860348
0.26176644064572313,0.30192688694076775,0.8669861876099715
0.3844436899396132,0.35197798916642736,1.0922378721751118
0.34607924695748565,0.3339102946910524,1.0364437768463908
0.3912204884618449,0.36213060109767936,1.0803298237596854
0.3324057871040725,0.3185178095792144,1.043601886950074
0.4279799176950098,0.37453740898006477,1.1426893747689422
0.26115000318953074,0.31312168237108345,0.8340208228698753
0.45676635413531486,0.41085749104128505,1.1117391409310258
0.3726986455303762,0.338691142580596,1.1004085984967489
0.23845738037075165,0.31596919746213487,0.754685527216076
0.26434572690122304,0.33157288718987893,0.7972477157031314
0.3538845115401858,0.3252025065645841,1.088197367476027
0.2945059229937943,0.3140337627466198,0.9378161138406583
0.35049270253995984,0.33292292419545144,1.0527743122134587
0.3316781485802917,0.33629493609164074,0.9862716115651204
0.3495403727031481,0.3351013056234713,1.0430886625547824
0.32248504113729703,0.3196178345799095,1.0089707339427916
0.36591220315787854,0.3361202276074884,1.088634878544651
0.33753692821415704,0.33574848704826893,1.0053267288904595
0.2980257930871961,0.32376193025993805,0.9205090692655582
0.3718246145231357,0.34514287900409074,1.077306348014582
0.32375897318996477,0.31496857569038766,1.0279088079828573
0.384583294102214,0.34181882541063985,1.12510858241994
0.3645351017360516,0.3441310839218849,1.0592914118121286
0.322275795558823,0.32269474163645084,0.9987017263575376
0.35559678324192034,0.33898827043950414,1.0489943583619663
0.3443939794650088,0.32579674357226085,1.0570823258969229
0.40106760876463426,0.361527425162367,1.1093698039215398
0.29027896444300977,0.3225720654194029,0.8998887242935739
0.40211436071229495,0.37608906240920154,1.0691998276588452
0.3525731777003522,0.3314287214671521,1.0637978994083521
0.32838949497391734,0.3216522349676406,1.0209457895013678
0.3722580758959251,0.3501073362429703,1.0632684247369852
0.3732408650910256,0.3361952310145094,1.1101908375223724
0.33123648570455677,0.3188116707264863,1.038972271465965
0.34045028052585036,0.32369172060160223,1.051773211539366
0.37749243555273576,0.35001205191727935,1.0785126783061487
0.3946935091316197,0.3511648467924238,1.1239550676464094
0.28720162891955764,0.3161323547819076,0.9084854004193635
0.4592485352906583,0.3945364791584443,1.164020463380842
0.42136205533462806,0.38360579559198726,1.0984246332471976
0.3792938896098627,0.3435957696472579,1.10389569114676
0.2636634981776916,0.3059628260719502,0.8617501072358656
0.3906788339327533,0.3556323273466903,1.09854702143514
0.3995006478932521,0.36210145874368116,1.1032837295915026
0.3863880064373514,0.3512625009207825,1.0999978802875132
0.29425696774668725,0.3126073389046207,0.9412989751864644
0.40660419538246695,0.35274814194949883,1.152675654463627
0.3634621131722743,0.3436271254236743,1.0577224156100729
0.27003679758510546,0.3064135790874521,0.8812820841338611
0.2585988722112136,0.3169010570653274,0.8160240126870415
0.33241387241983694,0.32491965891186103,1.0230648201868537
0.2750911734327042,0.3057699747344296,0.8996670574723014
0.35113747896432035,0.33415366095015225,1.0508263712145942
0.33444701754494566,0.32546866467269997,1.0275859210018714
0.38714332268412127,0.3559051942216859,1.0877709259926613
0.34245490478771734,0.333498195662886,1.0268568443287325
0.3695213177330134,0.33364973716621826,1.1075126894193372
0.27095210004972525,0.3122311629560641,0.8677932640818832
0.3436726256724098,0.3371074297033998,1.0194750853601366
0.37529986799540566,0.3519434394621794,1.066364153765498
0.28087428175848883,0.3082627763898305,0.9111521184876825
0.3181193649818799,0.31450766153023335,1.0114836739876985
0.33775701378181533,0.32224545974593016,1.0481358342429867
0.24810467941535663,0.30997574159380675,0.8004003091973366
0.3827662060160878,0.35630784009266314,1.0742570410927352
0.3559373288878252,0.3372632628198471,1.0553694046361435
0.3079008677574951,0.3305409101227051,0.9315060808757214
0.45833502455217817,0.40124048970503046,1.1422950482617555
0.27433667273881107,0.3130677297064242,0.8762853744014666
0.40111730108660676,0.3597659202839554,1.1149396829194207
0.4234170537282358,0.3668039708713921,1.1543415212282235
0.37836660765446406,0.3538635258365322,1.0692444403813777
0.2817413454631562,0.3173258682893776,0.8878612606717239
0.46603019921489114,0.3998925085348018,1.165388671376757
0.3592082470809069,0.3405615410006881,1.0547528238961694
0.43421426292563287,0.37241237802514693,1.1659501363198856
0.2885339038243858,0.32116181600126315,0.8984066269672949
0.25022360571436486,0.3030650269233519,0.8256432893447941
0.33362897565322835,0.33780050471729867,0.987650909321283
0.4752697864416082,0.41774166371885024,1.1377121980379619
0.3664311368885687,0.3457863743104403,1.0597038059099284
0.3044630432932563,0.3135670268051447,0.9709663876184732
0.3138478816819301,0.31941062855260877,0.982584340114523
0.2474325362009549,0.30798732602082374,0.8033854489980715
0.3987972273365323,0.35962714691901265,1.1089185862443822
0.44354880601837754,0.3812279321043732,1.1634740496846439
0.33958501283148035,0.3391240831312705,1.0013591771364447
0.36738319942023523,0.33944400875949016,1.0823086869697591
0.342812086018964,0.32292090329466533,1.0615976931854052
0.31215458656557077,0.330979202136146,0.943124475951719
0.4445771003343661,0.38909170507771096,1.1426023596302917
0.3335254457032936,0.32270946568436903,1.0335161535965087
0.44069409767510553,0.3768143694995785,1.1695257223347435
0.3877595483168323,0.3442546660169471,1.126374125304502
0.35091758623368585,0.33578676435969634,1.0450608048915868
0.33555255785219107,0.3245257411652487,1.0339782497602479
0.3207908200201382,0.31900817184441216,1.0055880956447583
0.33590542338491375,0.3227423860436593,1.0407849663089304
0.45022987243500723,0.4010114974703025,1.1227355706137818
0.3360174289600231,0.3207820513456127,1.047494482782005
0.37109241315158964,0.3401130015293178,1.09108564354486
0.36723359763411334,0.33460662155670584,1.0975084591142146
0.4057035848151931,0.36019845467321243,1.1263334963034888
0.32164096790726643,0.3152561327950055,1.0202528498197772
0.3802493739952467,0.35776083611344484,1.0628591383173949
0.3529371578587806,0.3325829667078382,1.0612003415340954
0.29301279910833494,0.3068850586458621,0.9547965625998905
0.35022406523509864,0.3426149373527927,1.0222089788060547
0.2908173998342001,0.3215259968647304,0.9044910914514643
0.3742922295824615,0.3503022668097876,1.0684836070036061
0.283580136264666,0.3050791523306924,0.9295297108904957
0.3529504222299581,0.34591526414049767,1.0203378076042433
0.40367809843250124,0.36083663724572335,1.1187281355734495
0.4190620680036867,0.3618585409537199,1.1580825670141717
0.3296116237429721,0.3252773792627807,1.0133247645133352
0.2688669320893882,0.31393561714523993,0.8564397201385371
0.409859738067385,0.37709244437519795,1.0868945909178291
0.5148283269400028,0.44194092222377357,1.1649256745663468
0.3490664520771215,0.3336188649113201,1.0463030985070572
0.43248356988723663,0.37796985897715435,1.1442276668769433
0.4538917426641213,0.38954221752696283,1.1651926857779014
0.3296300770304468,0.3180760787113918,1.036324637696312
0.38553828149539654,0.34867821337808796,1.1057137116775906
0.34501943718342354,0.3344071358919225,1.0317346735535298
0.3852447358864072,0.3567378344636546,1.0799099469379578
0.36238561235732203,0.33687039354835163,1.0757419449664642
0.27668526439659075,0.3065735923385078,0.9025084720639754
0.424042231060909,0.36803599981390767,1.1521759590782426
0.4628644892834313,0.4062900457905062,1.1392464424838418
0.3874572845240427,0.35968875753984575,1.0772015427285653
0.3474205124447083,0.350341706269014,0.9916618724746901
0.4199943545195714,0.36810410606367333,1.140966231023031
0.2636085553667003,0.31215243691836964,0.8444866167603748
0.2652745303455235,0.3126176448641805,0.8485590455419572
0.3594319031920105,0.3507184259142709,1.0248446521023948
0.4100742416558837,0.38035221007719894,1.0781434438691764
0.2967428209563416,0.311437319896281,0.9528171545245985
0.547507839380874,0.4647835179479354,1.177984627764286
0.46344552769922626,0.3939834269665239,1.1763071641554212
0.2692814548951275,0.31294583415139,0.8604730452007248
0.33385252162301104,0.32054037139228064,1.041530338824119
0.4015171844646781,0.3525483824305141,1.1388995226600296
0.41714210281243924,0.3622080168388288,1.1516644674324101
0.4344611238362387,0.3772750787986752,1.1515765240038014
0.42099304704565677,0.3805321007918495,1.1063272879465675
0.2972025731236277,0.3299259532635816,0.9008159866895623
0.2921235334680911,0.31156980596358663,0.9375861456300159
0.3083230452492021,0.32356634352329816,0.9528897285542356
0.3226595426593735,0.3178247625670517,1.0152120937754239
0.3399275047741334,0.32616492218538773,1.0421951646318461
0.2909449416941334,0.3108623909001932,0.9359284050142477
0.41536658321718506,0.3734449180758798,1.1122566223616068
0.43600105119358457,0.3921600554397792,1.1117936290187456
0.3791342360882426,0.33993706737932883,1.1153071332029068
0.37617789092687104,0.3512482090116754,1.0709745452805055
0.2576599685070128,0.3021278021653881,0.8528178031294414
0.3985443440849226,0.3546678199393232,1.123711601895841
0.28184167884798633,0.3056062227094932,0.9222380236540626
0.3818957162281929,0.34934977554962,1.093161475851443
0.34359404061047943,0.3301050103589747,1.0408628461495812
0.36315437751815,0.3390339738075598,1.0711445034245484
0.38213415751841556,0.33942523880220116,1.1258271743931891
0.3576737579569015,0.3369956629706186,1.0613601219790347
0.37196995798853727,0.3459298063588621,1.0752758251847818
0.560343615022099,0.47750378245108244,1.1734851861189246
0.4053703033579313,0.3525341003622163,1.149875438833939
0.3404507393365881,0.3321693985246411,1.024931076880439
0.2701056562869236,0.30588478665660557,0.8830306967510334
0.35801221169851255,0.33100534416879857,1.0815904274824688
0.31315952152219534,0.32604529357349216,0.9604785828678362
0.44943304998980466,0.38935059476333406,1.1543145330572606
0.26225182763748933,0.30234565343352593,0.8673907650375676
0.38010875333541233,0.3406376016154264,1.1158743237176387
0.4377476737882305,0.4003342400405902,1.0934554929497085
0.3984660005092354,0.366373546233127,1.0875949003580287
0.3746154036785571,0.3387129147814305,1.1059968112532534
0.33775155474126056,0.32755520921560205,1.0311286318727024
0.28306210278450444,0.3188204752670116,0.8878416687241947
0.381974120136219,0.3530112017383239,1.0820453239310077
0.27309809640597354,0.30818153755189936,0.8861598218224945
0.2783635611009175,0.3035876001979451,0.9169134738026814
0.3368491801693296,0.32592920141579823,1.033504143556626
0.37282726764076946,0.3428813455818093,1.087336107504324
0.29300787131792244,0.31004076320742807,0.9450624114284287
0.39794529177019644,0.3514186089490333,1.1323967531494923
0.4071475519119798,0.36191874483225417,1.124969506900475
0.36848050978477515,0.34185413209903365,1.0778881259157282
0.35576206877088307,0.34658486680367445,1.026478945984699
0.3373951843402804,0.32449975411187804,1.0397394144833663
0.3360916548946009,0.3262751113384858,1.0300867066318498
0.3543817675978976,0.3275063542606895,1.082060738631702
0.24959742000658972,0.3161838402434654,0.7894059981509386
0.32466463477675633,0.3231461650161627,1.0046990183544888
0.41834588832034636,0.3794030144374096,1.102642499930272
0.2774576176583622,0.319539612628493,0.8683042937181729
0.2542932384741669,0.3055816552741513,0.8321613358826425
0.3209542359004395,0.314540674050215,1.020390246411186
0.36601877468995964,0.34312646294647536,1.0667168353816396
0.25609287163552313,0.30917665325384897,0.8283059828106054
0.4127793391211153,0.361445748183505,1.1420229486599145
0.30949904094957004,0.3148907519603724,0.9828775187037538
0.40250736007432636,0.3627305324597324,1.1096594415277399
0.37312973824724566,0.34368261861833216,1.0856811431060913
0.285015881668095,0.30997008827978545,0.9194947914162406
0.3885223628569579,0.3519110557627793,1.1040356831496025
0.47663372418876704,0.4100213446942111,1.1624607605348807
0.4302134233790317,0.3842836789453766,1.1195204140849908
0.3982527397457402,0.36807167361802706,1.0819977963287501
0.3435070197303948,0.3346621721488288,1.0264291823744949
0.3423935815491094,0.33922031381251655,1.009354592302944
0.348769838505242,0.3297846183883354,1.0575685434017141
0.40460851864280134,0.3698099840496715,1.0940984183608624
0.40509236714471003,0.3734367072764124,1.0847684741523456
0.3329560313882485,0.3340165342624231,0.9968249988686445
0.35789192514102164,0.3350686649215977,1.0681151734220338
0.33386735727215294,0.3220056924944433,1.0368368170320914
0.29052674499419356,0.3101521699098252,0.9367232383983075
0.41148355706688383,0.39516263476509256,1.0413017853054183
0.3433208657396282,0.33247541202089165,1.0326203181547005
0.3560399864916668,0.3290336555354947,1.0820777160689532
0.4029502032888334,0.3691185153962188,1.0916553531764697
0.4136525911761623,0.3697527526848601,1.118727550160304
0.39584052633432276,0.34878977227062413,1.134897172464083
0.3256385253877699,0.32916506005554824,0.9892864246673592
0.42107646351902694,0.39025523678129287,1.078977099684653
0.46651768552398654,0.3950627714542333,1.1808697736988134
0.3318677241341903,0.319716842463237,1.038005134722768
0.34074488368762224,0.32488754160768135,1.0488087108587545
0.3792641920259449,0.343961760867507,1.1026347552978026
0.3432210576615139,0.32528971050782807,1.0551242371782747
0.32473126569947675,0.3157522802253889,1.0284368032676707
0.38540247256301374,0.3522528852929036,1.0941073548412408
0.2785472342466697,0.3133379816518984,0.8889673469465335
0.4338110474149163,0.3990277961748512,1.0871699956080838
0.5072388241068922,0.4258486265788238,1.1911247153288713
0.4117079157862371,0.36149416660183936,1.1389061119752582
0.3668888881249149,0.3409192822216588,1.0761752334277508
0.2910753056614183,0.30938302681162316,0.9408250629038158
0.4731405924851193,0.4112860081164678,1.1503931160992364
0.45325617229480847,0.3889112757364826,1.1654487811814551
0.25989369551170605,0.30418557983053984,0.8543919000252788
0.40688493780544555,0.3704704434461386,1.098292576380931
0.2512580645191841,0.3116515939126898,0.8062145980539244
0.2655120114343977,0.3094496019769858,0.8580137435566784
0.2682061357470357,0.30490384016400984,0.8796417113105752
0.37075730604102625,0.3394521149604582,1.09222270152659
0.40132672452452056,0.36398895708969004,1.10257939618105
0.37870283468090554,0.34488664018583626,1.0980501723025513
0.24496866111425658,0.30736544183179193,0.7969948074003633
0.4556261698649942,0.4235730957714666,1.0756730642562373
0.2745159861006339,0.31085109980978876,0.8831108729182927
0.2920416973796807,0.3081377976487847,0.9477633046256458
0.30234028861017453,0.319061737907179,0.9475918065052693
0.3386249011178913,0.3399870078186233,0.9959936507295636
0.31570249509113757,0.32309291959200886,0.9771260091053569
0.3133419466318661,0.3158185298273122,0.99215820807981
0.26801926434125223,0.3017561165374121,0.8881982821648053
0.2900255999107034,0.31651598826128063,0.9163063183755834
0.35071709700420783,0.3315065252027692,1.0579493021734288
0.33018595334454304,0.32120449599671447,1.0279618045817156
0.24081486447055656,0.3128905913173786,0.7696455922712214
0.31762994656605226,0.3471478669140855,0.9149701808326579
0.3531338969668162,0.32850464067310114,1.0749738458587679
0.3825453174737241,0.34173092709762326,1.1194342892015778
0.3898836168138315,0.36266806889496905,1.0750425809522928
0.4199170397594812,0.3722251074245491,1.1281265862609746
0.4431636877124809,0.38106349933715095,1.1629654597812475
0.340102134767215,0.3276627623115518,1.03796394917722
0.4916038444098963,0.43380059032158386,1.1332484449720595
0.36580999804416564,0.35020064198783185,1.044572608341695
0.3048115580625725,0.32325759166368273,0.9429370443980122
0.3337368886711921,0.33798262084979735,0.9874380162863697
0.28932362386601823,0.317785253521337,0.9104375381175206
0.33235417688577024,0.3217669176000383,1.0329035047005426
0.3770612144088718,0.35145836079686865,1.0728474734644333
0.318087755332783,0.31597052065426645,1.006700734847455
0.408303773038583,0.37332661597634986,1.0936904993252583
0.39018138085743115,0.3644625268879542,1.070566524874541
0.43271968613536965,0.3811705163021796,1.1352391321691933
0.38328121799239373,0.3478393107231931,1.1018916096501956
0.36168485575368664,0.3486919984136814,1.0372617020152861
0.39286648214345105,0.3615823404615641,1.0865201039463164
0.2607490723715597,0.30945788241379346,0.8425995496954171
0.4144082124724702,0.3747065410172316,1.1059540389859723
0.26708696497028195,0.30713501571121143,0.8696076686398229
0.3068668942722341,0.3241970346928518,0.9465444203182287
0.33984081892581747,0.33391328303021967,1.0177517223687724
0.3260129396620181,0.32734813528816464,0.9959211754025384
0.46902283567480924,0.4097618585503545,1.1446229703616309
0.39579245755029535,0.36130229577317835,1.0954606770579989
0.438325737843924,0.382495208593587,1.1459639964004324
0.3744127406822844,0.3430685121024852,1.0913643411565435
0.40133327721641787,0.36684867596972826,1.094002250806911
0.30630004076558154,0.3326058934652411,0.920909841898491
0.40648635328140914,0.36142585586353626,1.1246742497440094
0.4000537376150568,0.36255390035781976,1.1034324474794697
0.4118914897462528,0.3871885744693012,1.063800734075923
0.38117378774692295,0.36058295260478135,1.0571042945691065
0.2754596356050132,0.30504188221106804,0.9030223443691382
0.3381114422888093,0.3295501890960417,1.025978601973348
0.42485176098562455,0.3867548209468975,1.0985041115853547
0.3822711268707598,0.35071699773407977,1.0899703445813738
0.44154201689368733,0.37602170048788414,1.1742461042030055
0.30700078807815373,0.31918184146946454,0.9618366341417447
0.39375339433237494,0.3630561565304322,1.0845523130506936
0.4321595512559714,0.373647297451518,1.1565975565822086
0.29511089043025357,0.3265754094988338,0.9036531283330058
0.2576056687676429,0.30939578523764394,0.832608849437876
0.3444310304204127,0.35052517478469447,0.9826142462719688
0.42473374432027133,0.36915330498561516,1.1505619442763
0.32839083225725757,0.3216902134482248,1.0208294145389387
0.4121190235323867,0.3646652330160132,1.130129736042837
0.23738157531149484,0.309525107944614,0.7669218723088905
0.4339631558638215,0.38219199647050345,1.1354585126622703
0.3191162425076895,0.3149011070666421,1.013385584700899
0.3973381708455408,0.35868794431160766,1.1077544621916704
0.4185572134890861,0.3897584096102396,1.0738888582484865
0.3362772851873568,0.33149229767746213,1.014434686849196
0.38256096212381363,0.35106495026739803,1.089715626217957
0.3013825252068314,0.31584467857044113,0.9542111856084847
0.2560721889917965,0.31504111616781566,0.8128214885303807
0.3645460938066083,0.33487324906582383,1.0886091822012092
0.31288145426467734,0.3275770280478028,0.9551385703976135
0.3551382320746186,0.334673460609709,1.0611484741802557
0.3025358912198818,0.3264281181034338,0.9268070807675294
0.41586233166792363,0.37489670012532444,1.109271784811402
0.44179744961276707,0.3788547524479759,1.1661393891935787
0.48109946616110566,0.4104766438279543,1.1720507692582673
0.25345894370436217,0.3136305456916548,0.8081449564977953
0.2726691795629329,0.3033463363315372,0.8988708512534128
0.2567473859659227,0.3040115515888881,0.8445316785630559
0.34390451580027626,0.32344443511376086,1.0632568641328433
0.31293147305870983,0.3203571053574339,0.9768207660309609
0.42614825084106006,0.37419721013077895,1.1388333191798106
0.32899863296169707,0.32667420019416593,1.0071154464177139
0.3586216668713861,0.3308947961845398,1.0837936135791721
0.316904058514456,0.3323662968508092,0.9534783205070465
0.2783173615034901,0.3197734442919405,0.8703579564580647
0.3560760722267828,0.3328823061122376,1.0696755750866642
0.37572152128288105,0.3443877707534848,1.0909839233281753
0.3244300757612621,0.3342933825010713,0.9704950583645561
0.5101936854984085,0.4403742952891661,1.158545562164105
0.39940140966445764,0.37547766049562487,1.0637155061029564
0.3545765105574358,0.33465573082449285,1.0595261873563737
0.23100200925859837,0.316970488867847,0.7287808088497126
0.4123395501158235,0.3608625428726951,1.1426499044022103
0.3850853000411238,0.35095359907388196,1.097254169945288
0.4568562448626845,0.39526173926253116,1.1558321979634931
0.26260608093494253,0.30611792876589206,0.85785919823002
0.40783976971578306,0.3765514449841531,1.0830917664728301
0.45000245655252297,0.39891435313769363,1.1280678496850054
0.4431062334245058,0.39152310356196457,1.1317499003079325
0.43697169099765676,0.37350042764379493,1.1699362534984672
0.45811990839834704,0.3883852829264157,1.179550123389056
0.41366703218289425,0.3624243411821285,1.1413886573777747
0.403311269968222,0.3600029168495006,1.1203000061714123
0.3439893964714349,0.3273159036321264,1.0509400632669776
0.3511704719433326,0.33827430939085384,1.0381233874239564
0.2806216463946695,0.32244469971614476,0.8702938725359946
0.3419598473509174,0.3240724767030644,1.0551955872026817
0.4183616820650478,0.3609248664118747,1.1591378732758975
0.356984541509183,0.3285138836830702,1.0866650063824381
0.38643873570500503,0.35246451417659713,1.0963904738262122
0.3657527151932187,0.3561520794687503,1.0269565623168313
0.34191373330726527,0.3377503674589365,1.0123267544596675
0.311295469789544,0.3198306170585217,0.9733135390617841
0.30982197067044576,0.321169501764287,0.9646680926068459
0.3850461191678202,0.35284335861600347,1.0912664494469422
0.39242227911667116,0.3552068151536016,1.10477125543601
0.3197284806017304,0.32301130367999953,0.9898368167278712
0.4174082681145801,0.36405057813624386,1.1465666948024114
0.40160517892077396,0.38006736354160026,1.0566684157736588
0.26556620057911695,0.3102762984048243,0.855902310116601
0.3568766297959963,0.34701076570989414,1.028431002899634
0.2862902012604721,0.3076653302211148,0.9305247395106863
0.4012538508441473,0.3607293811267302,1.1123403632685527
0.28938794291881537,0.3104269723120552,0.9322255110870635
0.28824639366171395,0.31566671127214757,0.9131352257577975
0.3666600990723618,0.34351296887549637,1.0673835700370746
0.38353767467186867,0.3609760947846762,1.062501590030915
0.30792099129689576,0.32499514090464293,0.9474633695746334
0.3943366299409386,0.3554189702852833,1.109497981000894
0.38023261917506773,0.34604565608225435,1.0987932155538667
0.42501662799248047,0.36431778996669456,1.1666095911246468
0.2698975879852385,0.31096288881049755,0.8679414737162271
0.40757428611959673,0.36754282391386633,1.1089164570796022
0.33078200848946454,0.31893861733427303,1.0371337633999294
0.3675474922557219,0.35086579881884333,1.0475443702208536
0.37023720946037464,0.34317544871360367,1.078856925366346
0.41904851244349844,0.36108489484233797,1.1605262873886468
0.4142345067271541,0.3736572560044539,1.1085948421197436
0.34476697521917793,0.32909844822286677,1.047610455415154
0.3634467678711817,0.3466402577494869,1.0484840111497973
0.2864317996609884,0.3283887441927847,0.8722339140005209
0.29866075378165446,0.30982542931918866,0.9639646249758533
0.4022107382427489,0.35575248458587166,1.1305915086185803
0.32919025358353604,0.3201918699604997,1.0281030983833113
0.38855916131786805,0.35775174661103687,1.0861139463291742
0.4841238489732479,0.41371112875451505,1.1701977909821077
0.27748180225156627,0.31075080328864524,0.8929399355206925
0.3151514978760682,0.31557531471381794,0.9986570025664584
0.4556854595858581,0.39169483704991337,1.1633685626746988
0.3736890265786874,0.3565436634447176,1.0480876955386649
0.29176212806710367,0.32451748121288954,0.8990644416955222
0.2599314889201394,0.3126781543663243,0.8313068415250127
0.2379194961738651,0.3059535636888529,0.7776327012024061
0.3547930206020992,0.33366795256105425,1.063311648238617
0.3848494664222786,0.3560645570385852,1.0808418271762277
0.4168844164083778,0.36756114009608215,1.1341906717870185
0.3061719219547056,0.3199955063078664,0.9568006922576557
0.3938119230716241,0.3542236527028233,1.1117606632609975
0.2941886874881729,0.3154110420516753,0.9327152453970668
0.2728155314678217,0.31707881574427016,0.8604028964453192
0.35356363454930706,0.3348233863522576,1.0559705473420349
0.43170534646914355,0.3847039632177711,1.1221754589119377
0.3565893330440374,0.336167532596473,1.0607488780663368
0.42281268369343955,0.3750422253236023,1.1273735466149681
0.3343132947027546,0.34423526903490326,0.9711767641939599
0.40353291501691263,0.3529271728612706,1.1433886253228063
0.39814749457777976,0.35076707856466227,1.1350765761912378
0.29544947826405255,0.3175198232807433,0.9304914421132797
0.40578829057625954,0.3576318968479393,1.1346535198698895
0.32197050069256206,0.3265234872826209,0.9860561743109217
0.36426599440917545,0.3334599171307394,1.0923831492057796
0.4181787817838035,0.3838366526077713,1.0894706874466342
0.345604521652102,0.3404527103754132,1.015132237516946
0.26204505366796627,0.3200634363689124,0.8187284890796686
0.3906774616347546,0.35538654313628293,1.099302911660722
0.387693577010095,0.3499084914508311,1.1079856204763565
0.33031250654430105,0.3385684546861837,0.975615128853233
0.32348156810703077,0.32258411964793976,1.0027820602578654
0.4015117694572192,0.3727303095491778,1.077217921834296
0.3571536207856341,0.32908607676273083,1.085289369574696
0.3661303250077149,0.33543607392426755,1.091505516160964
0.36474912674217047,0.33776857548402434,1.0798788082031694
0.35179964596797186,0.34145464657345154,1.030296847614563
0.3297927120917098,0.3233396802467537,1.0199574386911978
0.3582981417966872,0.3436393499039195,1.0426574893034406
0.36334113251590794,0.3363376987138382,1.080286669931237
0.3369570364386223,0.32344788457445034,1.041766085074093
0.2663916033598018,0.3083693612645266,0.8638718265245707
0.35892541309723186,0.36029479959369276,0.9961992609995893
0.3648216644224227,0.3539583665907203,1.0306908915201984
0.42968191060562516,0.3757100879604864,1.1436528439737157
0.295949924853937,0.30941098548634793,0.9564945613962215
0.4074911118365498,0.3723422814942865,1.094399245235335
0.3616940267026695,0.333712387196318,1.0838495680110618
0.40107728780041735,0.35791087204860195,1.1206066066245501
0.47733693605078853,0.40376482528976326,1.1822152553983027
0.4193614983380751,0.3927664251911302,1.0677121857704692
0.46773790893076356,0.40105108432410713,1.1662801254335067
0.37057486152299973,0.3346366581419103,1.1073946996143174
0.39444326603677743,0.35679019703282394,1.1055328013972578
0.31500185682223064,0.32122433460402067,0.9806288717526317
0.32422552623432443,0.31949903997665763,1.014793428668869
0.2898619869404122,0.30760212579325347,0.942327645470289
0.3795325947115906,0.33874185429933845,1.120418365473687
0.35369731239411634,0.3354031932101568,1.0545436643249153
0.38721218286337356,0.3611604683310684,1.0721333501772516
0.2795926303485273,0.30891704738520237,0.9050734904891502
0.2952131956969681,0.3147552350140321,0.9379135367956857
0.3542298768784196,0.33771272565389265,1.0489088801511575
0.33221996746423754,0.33389391873508206,0.9949865775417951
0.36091395140456745,0.33093338249987264,1.0905939699350407
0.34060583820367457,0.33580971657045816,1.0142822598529846
0.26207412873838054,0.31707894895123767,0.8265264206444809
0.30915062525052034,0.3127860742534395,0.9883772031360529
0.38765848694040034,0.3502118868285005,1.106925554272341
0.2564648822055565,0.30692503189902093,0.8355945444356395
0.4139779285110471,0.3728257438094091,1.1103791392760562
0.27840292671809846,0.3070678510436675,0.9066495426722719
0.37703505009991445,0.3464447503821067,1.0882977723982499
0.3101154099564101,0.3194027368551514,0.970922832439745
0.32992805960571764,0.32244026709167317,1.0232222624723097
0.2928967335826113,0.3249349936634372,0.9014010164937464
0.33479772867878926,0.3338864975529793,1.0027291643492273
0.33923272284882605,0.34675453492126357,0.978307963371999
0.3039287235132513,0.30865007594684235,0.9847032195955001
0.3807677549659545,0.35732928605176434,1.0655934731047898
0.4132256231348253,0.36568711414692623,1.1299977689911136
0.29088091469497124,0.32383264994692706,0.8982445554598764
0.24701971656235172,0.30955779623859375,0.7979760793101125
0.30716140164580574,0.3395442433612716,0.9046285061560863
0.4192807590908632,0.37278416990961566,1.1247279067470086
0.42534000905116437,0.38764217977456555,1.0972490385296103
0.3746921526771638,0.343388302105729,1.0911616685235723
0.2631670434100819,0.30940319692860463,0.8505634266953234
0.3741561278196865,0.35229005792720575,1.0620683706521146
0.22495249115265606,0.3195280388759083,0.7040148712583513
0.3352889637865518,0.3347040235019085,1.0017476344578213
0.35317579898518453,0.34583979859777825,1.0212121346853382
0.39539595776562697,0.3475405667126106,1.1376972809409875
0.3720012439894483,0.3501079891385987,1.0625328628024613
0.4105107465495648,0.3682462894855815,1.114772255066098
0.28019350206638216,0.30445497356853135,0.9203117912058413
0.31337769484982353,0.32009810833940266,0.9790051446275545
0.37784427240204993,0.34877701963107727,1.083340504491147
0.3572744490493599,0.3334645397854943,1.0714016227308056
0.3412234254698421,0.3348030645931416,1.0191765295950999
0.34647980009165114,0.33382101751242377,1.037920867516247
0.34255236906082337,0.32311623369721054,1.0601521475452276
0.3880594517832747,0.3523251117155312,1.1014243347394312
0.4080945412699001,0.3599119876019645,1.1338731560150805
0.45105274673492796,0.38208815545496644,1.1804939260622795
0.3910400202655848,0.35941161744781713,1.0880005021606176
0.5041740604973327,0.4458974538985874,1.130695087153378
0.35428044752561355,0.32792276226740713,1.0803777239370558
0.36422031462769755,0.33875300214361065,1.0751795919827458
0.29032369592238355,0.3058393060223582,0.9492687506332479
0.3470658482258731,0.330559120512665,1.0499357805877743
0.3051255002701155,0.33265429058962037,0.9172450465896265
0.266098793468793,0.3035678777042859,0.8765709846547315
0.45276829387090156,0.39290502908684705,1.1523606478725485
0.47567239139886364,0.428162052547715,1.1109634507972983
0.30822623870987137,0.32966939241466,0.9349555821736181
0.45975234642947777,0.39893038779137435,1.152462586204165
0.40031644920340537,0.36596060164714317,1.0938785415742318
0.26987936747828534,0.3025871850605811,0.8919061374798563
0.3776466286352573,0.3407856837691993,1.1081645932374977
0.3219090894499384,0.317961718897552,1.01241460942554
0.27900438854572257,0.31375791117176305,0.8892345933326441
0.2916251895693708,0.3322123451550645,0.8778276720368441
0.4417939622844299,0.3827132574246903,1.1543732904820143
0.4056344924918184,0.36720339871347757,1.1046588727473297
0.4269996092839664,0.373683851093588,1.1426761098569005
0.3953648721133517,0.3670878602529726,1.0770306374089638
0.4097838724197006,0.35505092265369725,1.1541552106298503
0.36626925762962054,0.3476636153227814,1.0535162193764944
0.3046841156173523,0.31415142798152007,0.9698638569781556
0.27762190076779475,0.32299789529293715,0.85951612940391
0.3431620996249794,0.32449993339446503,1.0575105394793054
0.3820788208319917,0.3692783191862759,1.0346635612779065
0.27870862087902354,0.30479420647826133,0.9144157433284471
0.3999341311739014,0.36947198520514596,1.0824477827509482
0.35012830564057296,0.34445017310568715,1.0164846267420617
0.3129989809616926,0.32799929243957504,0.9542672444006999
0.3702504997202064,0.3448178688735215,1.0737567079390933
0.29942270143302246,0.3122335218872153,0.9589703873666058
0.30066399692586376,0.3112534875179383,0.9659779214796292
0.2752737221554797,0.3031362995235695,0.9080856452629373
0.2743233045314866,0.30611996972082484,0.896130052481267
0.3099325898308516,0.3170543438776336,0.9775377496498499
0.4015320972182529,0.37707067298626207,1.0648722533584096
0.35412350117603225,0.33009775932478064,1.072783716861322
0.37377447545735254,0.34825877809534633,1.073266487356194
0.300139750879793,0.31084372595331083,0.9655647703980823
0.3729825241584038,0.35724112778840533,1.0440637853414296
0.28401795633847826,0.3056772872888524,0.9291431458893216
0.38438312238700895,0.34630589597948835,1.109952579062575
0.278538699880193,0.3117884430009371,0.8933580000569675
0.35720745868795317,0.334270681012313,1.0686173780068833
0.32808770939667453,0.31853377724731813,1.0299934664132604
0.40548769869559903,0.3596250104763927,1.127529195365062
0.38923659165941055,0.348138410583335,1.1180512687675346
0.2975781458356218,0.33361796778631264,0.8919727789548347
0.32790010252780727,0.32330685560165007,1.0142070817447082
0.3100919808010976,0.3167874000640979,0.9788646288910305
0.2993549304800978,0.3103123916979233,0.9646889344061641
0.38685035195188505,0.3628379912833534,1.0661792900561493
0.2614012318478627,0.3061303487368438,0.8538886553602327
0.42316206744303714,0.36848042061446795,1.1483976997675576
0.3105313454463109,0.3359009377409788,0.9244729935400449
0.29448377740604076,0.3106794064305765,0.9478702846429096
0.3860005332023245,0.35854099098376047,1.0765868977581081
0.385880767669223,0.3591033607638022,1.0745674082483272
0.28856449825489155,0.31327808096764775,0.9211129529508694
0.595508881426796,0.5139353645971193,1.158723299560487
0.2814630033788138,0.3165023154500923,0.889292082993296
0.29090678558219807,0.30678523115041606,0.9482424707712451
0.24653094395085826,0.30488085821271055,0.8086140448307763
0.38801266194341894,0.348595772720286,1.1130733425581758
0.4360047582887187,0.38265203677117887,1.1394288188499675
0.4742690186709659,0.40621132139331295,1.1675425909947899
0.33590358887937405,0.33766102997499586,0.9947952504446487
0.3795495732113751,0.3526503247919333,1.0762773958461902
0.4725630476873769,0.40719523077926056,1.1605318824167468
0.2772233486248356,0.3051246131039843,0.908557804644753
0.3472068905026096,0.3265902223057733,1.0631270221480598
0.3461393703880734,0.3335135696871728,1.037856932516249
0.27421789686517006,0.3053266946077141,0.8981130759545514
0.2820330844076182,0.31444630893562575,0.8969196851515809
0.42548708674846814,0.3637179904600645,1.169826893110985
0.36688302073031603,0.34168960701325407,1.073731870094851
0.3617828091627934,0.339750522913372,1.064848424839773
0.4177764969081921,0.3783198404899424,1.1042944413572162
0.2969500594893178,0.3122595000193948,0.9509720584029434
0.5045743557304732,0.4355000487579176,1.1586091830978233
0.35785814994572623,0.3368870525121094,1.062249639091912
0.41581297465671624,0.38810817621746513,1.0713842174345936
0.2977138859096175,0.3117466100040279,0.9549867628256515
0.398219050559999,0.37658181973968313,1.0574569182210465
0.39281034955460997,0.35612379394971994,1.103016300028719
0.3606179503887884,0.33885457394098495,1.064226302731253
0.2791567701968425,0.30497136209684705,0.9153540459585616
0.3610433483173788,0.3358198734499207,1.0751101315366898
0.32558715661837895,0.3203646644462498,1.0163017109928658
0.3955355115503669,0.3479583120084149,1.1367324702414392
0.41332356174642065,0.3793134142426009,1.0896623905899294
0.47912982870220683,0.40655153934462623,1.178521742838753
0.33424900760931225,0.3315329885373898,1.0081923041321006
0.3483377129074816,0.33657138611322474,1.0349593794354777
0.26275806894137094,0.301355146889166,0.8719216235520594
0.3990200320238863,0.3697067227422945,1.0792880071646
0.47493781283248887,0.4119047705306409,1.1530281919790464
0.45622498929171024,0.3917948394161247,1.1644486945555563
0.3616626400914353,0.34020426595642816,1.0630749707816873
0.3935052792517902,0.36284760704093244,1.0844918682553122
0.3217760345597883,0.31551135083815424,1.019855652435299
0.4144247626220785,0.3608328201905195,1.1485229154134662
0.3304428322693194,0.3307364814159311,0.9991121356030803
0.2486011646767983,0.3063266156255895,0.8115558753166043
0.4325038242560222,0.4062075558564999,1.0647360395452907
0.40088398147111415,0.36128888697648875,1.1095940005959888
0.4326639706345052,0.41002779974379255,1.0552064296734438
0.34686403260375304,0.3276974739573004,1.058488576109531
0.43611266739340554,0.39677899124224647,1.0991324566555607
0.4302061230591428,0.3775618018512602,1.1394323285611974
0.30827892044568234,0.3251640265009823,0.948072035406263
0.3932736537300383,0.357302093454954,1.1006754814315671
0.2570989373298698,0.30441045704330943,0.844579847312182
0.3644379486039627,0.33345935189378206,1.0929006685050129
0.32556455883076607,0.3223031802730447,1.0101189772777248
0.48694162200365254,0.4159608135390904,1.1706430176935203
0.4309206537498661,0.3683408365039299,1.169896495430445
0.3573966002212843,0.32916241173141925,1.0857758586144484
0.45719935651012256,0.38831080344729435,1.1774057081370348
0.2796672660191697,0.31636432979346996,0.8840037882960542
0.2928761713207537,0.309117219174958,0.9474599056708907
0.371762689588077,0.33885509511039535,1.0971140612979737
0.3278876270552628,0.3254636847079638,1.0074476584061107
0.47037836325074406,0.4218216716702055,1.1151118940576903
0.3436976277979773,0.3318243629495857,1.035781775463532
0.2587316187548697,0.30102249664303016,0.8595092447913905
0.3267703812600963,0.3277874330385098,0.9968972215652512
0.2865092846324312,0.306594036739111,0.9344907281292935
0.42249234283328263,0.3627413492854022,1.1647206574756075
0.3424774148680455,0.3397243611110689,1.0081037866933438
0.3308248209403484,0.32179172312907706,1.028071255914957
0.37327621913058323,0.34799695597524444,1.0726421962068458
0.42987353232613856,0.38727232091621816,1.1100032434776992
0.2978736850836926,0.31986910629636495,0.9312361813638447
0.3999351949753633,0.37143407536067913,1.0767326465322502
0.28421631582342877,0.319780537281567,0.8887855347280753
0.24789818153087625,0.31114052142946985,0.7967402651122395
0.47582543984905007,0.4085899761039659,1.1645548537098132
0.28223187123193477,0.3040326478771107,0.9282946196818055
0.38771475910046593,0.3517506156947626,1.1022432990903754
0.28046129054451396,0.30807701502404145,0.9103609710144315
0.4430212237302714,0.37743374943851576,1.1737721504484588
0.32033890910815915,0.3239204151015596,0.988943253260905
0.42755453966598506,0.3862871684303087,1.1068308103615447
0.32209173777916683,0.32201883188219244,1.00022640258816
0.28775393715901443,0.31362334656598045,0.917514401621489
0.40075283594314187,0.3703125497887113,1.08220160556751
0.31631875379096897,0.31852991359254945,0.9930582350127125
0.3998607805230976,0.34982177132851316,1.1430414379429616
0.2608240961263816,0.3046249915563059,0.8562137163922471
0.37254945549041885,0.3431631661700127,1.085633576727892
0.28438211537283015,0.3056937127973423,0.9302844758255118
0.35433197850816567,0.3336163708469435,1.062094098106253
0.3179910737628662,0.32730270549859125,0.9715503979059986
0.45333417816155863,0.38970373755594845,1.1632790103699608
0.3551047791433379,0.333237043028878,1.065622164678027
0.3315460553735403,0.32787175609423647,1.011206513556013
0.39151299682278345,0.35079678430951966,1.1160678043084298
0.30798529782644396,0.31644292148716247,0.9732728303070555
0.2839315699236414,0.3270428164780783,0.868178585853982
0.3406739866837019,0.3225343698247456,1.0562408802163092
0.3237277293873217,0.3143048824010242,1.0299799574041448
0.3982514134569414,0.36931548112219414,1.0783501743463966
0.44088119196029857,0.3892402186254347,1.1326712165490738
0.3969325825490692,0.35135936925890876,1.12970541638404
0.24711607011145312,0.3090455622611597,0.7996104791261396
0.34909913186372343,0.33187716771232323,1.0518925850492027
0.3574122267144124,0.3319956144643502,1.076557072270578
0.28304870576628627,0.3062221338296465,0.9243247776587835
0.31885983276826246,0.32158670081761825,0.9915205820314619
0.37743770068348953,0.34901002774545903,1.0814523098997129
0.2726900639558898,0.32219128254311485,0.8463607761311763
0.3338781292509764,0.3230054111796497,1.0336611019351607
0.23034733379253092,0.32512041628805133,0.7084985200943117
0.38528317399063394,0.345367529165829,1.1155743996003729
0.2899513924067065,0.33207065580874645,0.8731617423422736
0.29658201145683516,0.32143970672227334,0.9226676270989899
0.41504930245906346,0.3655298302390817,1.1354731354964727
0.4139167023036272,0.36898898608204533,1.121758962777258
0.3994074394647233,0.3496110137953568,1.1424338012947
0.35811210815381433,0.3435166695502885,1.0424882979409218
0.33361445793828226,0.33503069742007224,0.9957728068123434
0.3552646906091454,0.35541074373063314,0.9995890582261113
0.375360203909389,0.3572293719413681,1.0507540347801991
0.3429542516726636,0.34507137771810675,0.9938646721166985
0.3684548243300441,0.35075767169526945,1.050454071465469
0.3905183074746986,0.3692433102506508,1.0576178271438577
0.3801378654151948,0.3431772156086975,1.107701351154504
0.4638381821477772,0.39234835954496955,1.1822100713909414
0.2919946294784394,0.3077085080287403,0.9489325834668401
0.3640289003636627,0.3430855242692219,1.0610441846506073
0.27355676855705724,0.310660896199957,0.8805638942758419
0.3563660345658071,0.3270266715551301,1.0897155050722858
0.4901079958847601,0.4141557192087453,1.1833906261662246
0.3746019054435894,0.3427314858269278,1.0929894711592254
0.35921651147113876,0.34274284056910365,1.0480642305312098
0.3930589621473219,0.3516983629603757,1.1176024785523557
0.33862275772282213,0.347715206799949,0.9738508730728075
0.6321656168680093,0.5384778927017061,1.1739862034005586
0.29209899301877185,0.31903119313329686,0.9155812952018385
0.3418164411079347,0.3278992613595904,1.0424434617224771
0.4085427516094692,0.3589401632123204,1.1381918032053935
0.35180884698800036,0.3285143819108122,1.0709085092156247
0.401034757801807,0.3727212872601924,1.0759641896220682
0.27493538868740874,0.3115255957697185,0.8825451019782097
0.42371834495806604,0.3669842471100654,1.1545954582377076
0.42892184050194615,0.37178602284127626,1.1536793051659784
0.3372809384718688,0.3232374604598024,1.0434463195945471
0.3963090614729229,0.36347208377274487,1.0903425026740399
0.39874169791998504,0.3547430667476441,1.1240295732224712
0.36982641205616856,0.3376244259356083,1.0953781292076947
0.2746847076764373,0.3039657131700009,0.9036700383467678
0.34882635978096066,0.33916131633563523,1.0284968921271695
0.3014983108645028,0.3165295039699756,0.9525125054159294
0.30992890331784967,0.315370188152433,0.9827463563805425
0.4235629817794679,0.3895057930824263,1.0874369246925026
0.2903532385089423,0.3142915234978807,0.9238341374195546
0.2897216375468072,0.32782308465516263,0.8837743621733216
0.29176228252942005,0.3126199093669524,0.9332811947909251
0.34894414397391915,0.3316585506754071,1.0521186420893136
0.3623237149021522,0.34720804146166595,1.0435349175003343
0.2461700228306477,0.31354860378392646,0.785109612544437
0.41421260616869204,0.36234833706920844,1.1431337301530862
0.37939553203421034,0.36151732601003184,1.0494532481236665
0.35172669149653396,0.33232539501598196,1.0583804210316787
0.4416413160006928,0.38721271027047,1.1405651319973567
0.29677736193887005,0.3089063557742522,0.9607356934920239
0.3620984981569809,0.3485058216927791,1.0390027242534394
0.49462458746931526,0.41596322613055936,1.189106527686335
0.4024724523818466,0.358449597939259,1.1228146291575627
0.32471288963340156,0.3288996851812094,0.9872702962743759
0.3479431533433269,0.33470899403827414,1.0395392999315085
0.2837626178195378,0.3089550894038138,0.9184591144528821
0.24889229180141118,0.30846363800300236,0.806877249496061
0.34741492590787926,0.35944427441018045,0.9665334813802768
0.285892121509985,0.30962041881524544,0.9233632672029314
0.3612207737324289,0.3410955919402039,1.0590015886096618
0.42174058563137423,0.39457912604964634,1.068836534394651
0.37513538243358396,0.3448429200711848,1.0878442345754002
0.5051090739130465,0.43118644959907343,1.171440044979864
0.4372050258109824,0.37523535193263635,1.1651488154279
0.3583652798266765,0.3430414750900169,1.0446704140735124
0.2948461403577905,0.3122585544726787,0.9442371910537628
0.41758189555135133,0.3830893764857835,1.0900377853909187
0.3099919188219586,0.3208415652242,0.9661837879557164
0.34234638444315646,0.3224184558272541,1.0618076547906408
0.3818975657050992,0.35682700464719924,1.0702597077334088
0.3103558317674795,0.32001160576984844,0.9698268005651228
0.2817697305619068,0.3141632820387591,0.8968894414820385
0.4465936566488607,0.3861700982347135,1.1564687651642616
0.4370303957049591,0.39345120430253033,1.110761362338899
0.2958858107940058,0.3249932418963407,0.9104368111395406
0.4138988265557591,0.3656947021392024,1.1318152112529312
0.3683919805911019,0.3442012091237616,1.0702809020599409
0.35840947481138763,0.34939729631740585,1.025793498086473
0.40417282605310434,0.36808667455855587,1.0980371037278824
0.32151384101938274,0.3230741518481322,0.9951704250562177
0.32556719968396375,0.33295767885665256,0.9778035478921313
0.35873794742537685,0.3352919225093623,1.069927198784098
0.43364223200171353,0.3841094996517979,1.1289547183675954
0.31770407767001024,0.31715700270128155,1.0017249342252232
0.37781950460715885,0.35083620749357136,1.0769113806877584
0.31396360110880106,0.31263513314235875,1.0042492600018738
0.32035344166938057,0.33021259269614334,0.9701430192402293
0.5183182557760784,0.442652821909522,1.1709362961703256
0.28192040110127176,0.3082197831119047,0.914673283638369
0.303923362708583,0.33633879197787986,0.9036226862840467
0.3902783466184425,0.3598275908648849,1.084625961228726
0.360570910602766,0.3437203350654367,1.0490240867888172
0.3544989479094339,0.34056542209571894,1.0409129198377598
0.45729296254095336,0.39258173547437925,1.164835042538033
0.3776541886722446,0.35381783332315175,1.0673690049063254
0.423180290229508,0.3648041168154574,1.1600205993387438
0.4134948811988538,0.37047686834869964,1.1161152463901332
0.43708117927914186,0.3870753142723743,1.1291889799295747
0.2682999724675078,0.31766670095823235,0.8445958347481456
0.2927312278544112,0.30707377382262185,0.9532928332183279
0.4279453948003951,0.37292559908627615,1.1475355831000225
0.4196723616498087,0.3707101945897984,1.1320766673659686
0.4597350303184246,0.39775593859728353,1.155821914161018
0.44132347910200714,0.3812478067033371,1.157576440683414
0.3950703688576012,0.35955697586320895,1.098769862298272
0.30883681345973046,0.32861062159854826,0.9398260225350392
0.30503146862555947,0.31063176358950056,0.9819712739636572
0.27574645551200205,0.30479731478863886,0.9046879422255342
0.3108677414406613,0.31613390371937505,0.9833419882627066
0.27349047106310487,0.310317751189696,0.8813239655630309
0.4070167478877473,0.3673839173957117,1.1078785124100758
0.2476413235943879,0.31007329732186667,0.798654143176114
0.2753492099820663,0.31298748860346365,0.8797451016673615
0.25769081577185465,0.31367194673807797,0.8215296855572213
0.4128675719310262,0.37043516539737875,1.1145474579556418
0.3351093081969167,0.3302574812062818,1.0146910434032057
0.3767615400784569,0.3551631801594913,1.0608124972562374
0.3252261589522854,0.33583781499865567,0.9684024384019627
0.33800381442270483,0.341132031129532,0.990829894523627
0.27674525838440134,0.30565856831993526,0.9054065125854083
0.3012896754918601,0.31850576753794013,0.9459473146148624
0.35186873132713603,0.3385100477233887,1.0394631819456752
0.3592898225102636,0.33158602823933453,1.083549341382179
0.449260435362787,0.38789070018073823,1.1582139895425527
0.2992449579177455,0.3106698670735372,0.9632249201912867
0.3879817553587342,0.3542456650155192,1.0952336010709887
0.3482013504927185,0.3262118848603584,1.06740853614752
0.361649417541232,0.3375761051211686,1.07131225242208
0.259210367061762,0.3179144658160913,0.8153462485463346
0.4113127965551942,0.35820689076004025,1.1482548414478413
0.5918593758039014,0.5092988073544216,1.1621063455426979
0.4329297326708786,0.3806030810192145,1.1374835209203744
0.31949461153586023,0.32181083176175357,0.9928025411288576
0.24783984639069997,0.3056848374256588,0.810769184621313
0.4064781823888621,0.3601685681624743,1.1285776114852344
0.4228699704354063,0.3681034408271497,1.148780270798863
0.37110137603335597,0.3413512271402396,1.0871540704345966
0.5092784430749906,0.43287678359483867,1.1764974754378648
0.4138094347561749,0.40141764611155684,1.0308700645441338
0.3849504352165919,0.35545745284090324,1.0829719060325602
0.47298702807574483,0.39900728761700044,1.1854094969056208
0.3164172852384819,0.32839272663581265,0.9635331710296632
0.3766609031657815,0.3556769120307616,1.058997338385588
0.3475225798883098,0.33707046066938834,1.031008707194824
0.31774793741376534,0.31350976102473194,1.0135184830455695
0.2543070437611693,0.3115262421977009,0.8163262329591511
0.3595248454319763,0.3397235542476151,1.0582864830441772
0.3258206912267286,0.32935470113028315,0.9892698968879857
0.5267900172087782,0.44660472680920504,1.1795442044970321
0.38953412377182056,0.3539987388196691,1.1003828009970782
0.39300352388555077,0.34946758251090787,1.1245779109519665
0.49148635962501064,0.41493284024041,1.1844961689227729
0.3153006898241462,0.3193989446263514,0.9871688530248605
0.3646732579388536,0.3352909595767229,1.087632241558864
0.3929750160003676,0.37151177215931214,1.0577727152932628
0.44785494441734136,0.412811004433819,1.084891002437268
0.356847201690994,0.32999783316604775,1.081362257040749
0.2753882178518685,0.3057557989920745,0.9006802773968217
0.4517508209978062,0.4010007136593997,1.1265586459317687
0.34862989092369095,0.3376023037149669,1.0326644311587236
0.41233878828581166,0.367546464310667,1.1218684665057317
0.3057300817827132,0.3118736986352728,0.9803009459295753
0.39595332541595385,0.3591896241900836,1.1023517906698075
0.28399779100599437,0.33228785404293626,0.8546740049345826
0.29053491498603273,0.31159587323354704,0.9324093800442321
0.31354927406732175,0.3261194808075917,0.9614552104978781
0.3373743138412067,0.33940277875205266,0.9940234286875776
0.4868820093149105,0.43941414211758373,1.1080253515933147
0.2309792958766881,0.32297776154438995,0.7151554174262936
0.36875636375472076,0.34871144087802286,1.0574828368872173
0.4580960443657798,0.39573226185020427,1.157590847468438
0.401222450912869,0.3554053956614679,1.1289149118463102
0.43130452367116384,0.3686635114332401,1.1699137839662963
0.33477322066350623,0.3301533881011319,1.0139929884983014
0.3392956866829598,0.3204028911497226,1.058965746112474
0.4225674122503748,0.367915444650572,1.1485449126815226
0.41985159071121236,0.3775909782547565,1.1119216689227758
0.3307905140757282,0.3170568225360907,1.0433161836095617
0.39144221463223794,0.3600197368620492,1.0872798753870239
0.3448909555075583,0.34613318206109916,0.9964111312699239
0.378704203003308,0.36055968002360755,1.0503232168902314
0.3299294123251081,0.3176906452525365,1.0385241657425666
0.3089111219072656,0.322823240924135,0.9569048406272
0.43557517350666264,0.3972483643173813,1.096480722469785
0.2647569945788862,0.3023270035053123,0.8757305550254431
0.36397636043146636,0.33455968508995165,1.0879265394263076
0.2555038656911286,0.30430996717824726,0.8396171445198479
0.3576541323383659,0.3279952004254056,1.0904248960792506
0.3274362278034935,0.32307721764084024,1.013492162011557
0.3629685498604826,0.3335579218146653,1.0881724765696277
0.26773448983576087,0.30344326999378557,0.882321396817415
0.31517959330133716,0.3239674157601148,0.972874363188165
0.44297330787291594,0.3882973470314329,1.1408095143051724
0.2776325002547747,0.31216011063122356,0.8893913437350145
0.26535316891388927,0.30774050451082,0.8622627344284463
0.37018624156968316,0.3384401301172005,1.0938012624019768
0.37651682205040815,0.35232789986910346,1.0686545748727005
0.3481528475876177,0.34368138119742775,1.0130104993602238
0.29056031841097757,0.3080420917892508,0.9432487512445751
0.3093832374615824,0.33277673866577984,0.9297021141021146
0.31144185262482943,0.3184056352174141,0.9781292105969492
0.31515556683005863,0.32950111049059644,0.9564628366830733
0.28117117036844314,0.3151365244678732,0.8922201920047744
0.2914662189500125,0.3097704957659836,0.9409101994342319
0.2862436128835366,0.319428859880246,0.8961106801397014
0.47196223870134824,0.4062784627692803,1.1616718136727047
0.35094334955915135,0.3343838934458752,1.0495222899124372
0.4272994049801305,0.37256126660328154,1.1469238573185774
0.38009241753170975,0.3565759259815509,1.0659508672253313
0.3883076110055455,0.37445256137074207,1.0370008141594356
0.37997527651734125,0.34578505055394393,1.0988771085060645
0.3744376279021892,0.3561757652039809,1.0512720529644957
0.3713341907457407,0.3573968835583328,1.0389967227711796
0.4045969256327217,0.3651250091674159,1.1081052118432326
0.3517137134240232,0.3251842395305566,1.0815829018397851
0.327202319939927,0.3220179647485478,1.0160995837466007
0.29499447907412496,0.33501399188704845,0.8805437570308519
0.41587215254574533,0.36039570512950597,1.1539320436582456
0.3911733673714258,0.3633639855031542,1.0765331265005904
0.32346940943623925,0.32677835250901666,0.9898740444482591
0.3114644152153582,0.3125367772787334,0.996568845200516
0.46380735154648095,0.403666918265625,1.1489852909900378
0.3610340765161923,0.34510482266123177,1.0461577260269044
0.3805074149700824,0.3399871091279235,1.1191818888254164
0.26616212473962164,0.3067477324497739,0.8676906023525451
0.39374892446767945,0.3529632088079933,1.115552314354307
0.30196797274501774,0.3127697533489325,0.9654641138145349
0.30368007202641034,0.31505382238604085,0.9638990243841763
0.3759157328073842,0.33776504480652597,1.1129503736027841
0.36099924085721874,0.33634037402828065,1.073315214981787
0.4975395803313527,0.43107267797668847,1.1541895502787087
0.40870496846254367,0.3594772109687588,1.1369426377853564
0.6169950446964999,0.5245444644803912,1.1762492724190492
0.2827225779778538,0.31109810028524104,0.9087891495275279
0.44018815367237185,0.37669913418124396,1.1685403913367662
0.3143806809980174,0.31978781933003886,0.9830914812723339
0.3818170562778401,0.34246224658089525,1.1149172210655593
0.32754338487895374,0.3225534287257386,1.0154701693078514
0.2449250185388036,0.30477685424516965,0.8036207970759491
0.3588076912510483,0.3513620761581445,1.0211907191985983
0.3250820174579771,0.3249751936923011,1.0003287135995282
0.4742523272835654,0.39815067713438157,1.1911378141986644
0.36027213110505707,0.33934180808416575,1.0616791757521962
0.4155597111397569,0.38654373880003484,1.075065172261741
0.31312361752072415,0.3212739173846926,0.9746313054906064
0.35680328876808765,0.3377516410524143,1.0564072691292026
0.374795468857334,0.3513564396354948,1.0667101170713005
0.3374563617052628,0.32562985599689687,1.0363188617092858
0.31516787679678243,0.31792837011520814,0.9913172476006926
0.41175514617590664,0.369981075867717,1.1129086675858133
0.37353760188623686,0.35087892718430697,1.0645769037307502
0.5248470983968109,0.4471545558879906,1.1737487441104855
0.27317891478752815,0.3190095592611648,0.8563345732341635
0.4418706535520894,0.40529644508927737,1.0902406347402223
0.35895607712591315,0.3450491479886715,1.0403041978753076
0.47079471278887425,0.4098428168172972,1.148720176298097
0.3315144604820754,0.3230381966596389,1.0262391999153193
0.2949533281759667,0.3094250321604655,0.9532303385946037
0.45443492007961384,0.3877811960524242,1.171884879168248
0.4607529495107315,0.39497537044524517,1.1665359006849896
0.3443688149718845,0.34173832171413193,1.0076973903440452
0.385702693689667,0.3489548506788661,1.105308302605081
0.3384141065481662,0.32725604235333555,1.034095823302732
0.4104057806375802,0.36072427416901587,1.1377270952530527
0.4076408465453425,0.3636701354025305,1.120908226610752
0.3880603845732047,0.3583038586160537,1.0830482989272998
0.36399277294569515,0.347953310603807,1.0460965935747377
0.40441686195818355,0.3519675170823099,1.1490175721630813
0.2687256393221685,0.30382371922183465,0.8844788024135812
0.24228562015611305,0.3080402324820196,0.7865388822879015
0.4230625730642729,0.37056068180280743,1.1416823042478215
0.30021050093889007,0.30906296334089645,0.9713570907807477
0.34720740194522187,0.32787529766936174,1.0589617589775095
0.4148775978737491,0.36319080095111317,1.1423130673664645
0.416899014418047,0.37290645697907726,1.1179720989423307
0.3162321982766517,0.345622107224718,0.914965193679126
0.37531035745082214,0.3527378166572039,1.063992403784578
0.28975353164237605,0.30657057086918893,0.9451446393594362
0.3286327186219087,0.3206103856157188,1.0250220621854882
0.3766488551632082,0.3386124539932004,1.1123301896355282
0.27232326965662756,0.31057512924278147,0.8768354063655502
0.29365275137332675,0.31084040556474724,0.9447058558548935
0.2617879429468805,0.311336001357177,0.8408534246142225
0.5083433051543276,0.4258022494925832,1.1938483316142794
0.3402053694519592,0.3313000177961037,1.026880021664642
0.3431916449440784,0.332526827634629,1.0320720508035748
0.408082777634299,0.3652535059880814,1.1172590295344493
0.26900190362588106,0.3036344277138423,0.8859400617093383
0.40870815998527593,0.3609190865656827,1.1324093825968835
0.36737303464112414,0.33414741862382297,1.0994340047699305
0.3425964667215086,0.3452574486672428,0.9922927602112394
0.264611108265141,0.31899709347154653,0.8295094647586293
0.3727087187219824,0.3371186310828341,1.1055714053086654
0.3946687166596904,0.360497117293747,1.0947902153073226
0.40267717996724056,0.3615156522556174,1.1138582173546363
0.3294042322885611,0.32166317082715884,1.0240657375897155
0.359457835810325,0.34342720031263824,1.0466784095234545
0.26275679816381065,0.30209835383974476,0.8697723599751762
0.29632587758723367,0.3095589564840268,0.9572518300000279
0.29204283705242573,0.3072584216118139,0.9504795198791611
0.31296988590302716,0.3300377304809526,0.9482851716588493
0.3113859798846422,0.3112510981279231,1.0004333535127437
0.427829390825925,0.3758642487192942,1.1382550808801182
0.41517747710634934,0.3833956394248998,1.082895668112248
0.33911818601659177,0.32966916020428055,1.0286621466395465
0.4024405272222651,0.3662052909572694,1.0989478774877226
0.4105830687101542,0.36358677815737883,1.129257424571234
0.455182943744885,0.38819151885283154,1.1725731285681458
0.28045965946367174,0.3088021013056136,0.9082181056342876
0.4128777036747028,0.36970269563631,1.116783049049947
0.24297938341041753,0.3085524537499207,0.7874816111731537
0.26842464340948724,0.31482093177853687,0.8526264181134962
0.32993150491309076,0.3330312611587493,0.9906922964682857
0.406383910548531,0.3627491353182778,1.1202891226521268
0.2556849847187699,0.3044129821320132,0.8399279916645878
0.41519195856414903,0.36662499468337884,1.1324704114151114
0.3959274690694516,0.37416484884318285,1.0581631874120536
0.3448843411378012,0.32837983099326606,1.050260425844709
0.43146421783916306,0.36956906155307706,1.167479269032905
0.45371276308525893,0.39311098989546284,1.154159447961278
0.31161423827638246,0.31727033141814337,0.9821726377109414
0.29607148034874153,0.32024590768674616,0.9245129234823783
0.3838893461547548,0.3526580635033577,1.0885596726220885
0.2937581154085173,0.3110759481529965,0.9443292454871447
0.4440965346194348,0.3892156904986521,1.1410036785785047
0.2780642917154681,0.31532858385519336,0.8818239320897152
0.3265539765728127,0.33148248117021367,0.9851319304115194
0.40818864324941145,0.3615064783403318,1.129132305244975
0.371484562214785,0.3384742959804762,1.0975266560158912
0.4038810241853742,0.3657442397973291,1.1042717293625128
0.40723955820532415,0.3735677734803223,1.0901356784909486
0.35280856486009654,0.33721189614154423,1.0462518342235638
0.3928495083208463,0.354391063291164,1.1085197935651252
0.27855197276257804,0.30727646966064776,0.9065190480423292
0.4388818926921402,0.38735556866207327,1.1330207390797011
0.3880513296738524,0.3462396767861276,1.1207592765676935
0.34860908516168826,0.3302836017035355,1.0554840850821345
0.39287076202870763,0.3449912729165562,1.1387846385428195
0.30569964489212115,0.31110653111525566,0.9826204670028884
0.2891186212830693,0.3376936569589408,0.8561565055343116
0.3886371935210015,0.34977818659583104,1.111096141538615
0.3352809862111434,0.32443001325869214,1.0334462673273048
0.3047141087172685,0.3118185494210199,0.9772161062356848
0.3324223485548874,0.33238054209507967,1.000125778902532
0.3444441461877125,0.33241693887810586,1.0361810903806468
0.26242491003238205,0.3035358393505901,0.8645598839130029
0.3869332726852698,0.35029910224832694,1.1045796869070275
0.36796790314879685,0.3427578655463332,1.0735505735580437
0.45081389872042765,0.3886324577455526,1.1600006374546996
0.27855009269448755,0.31139782218975337,0.8945152240812727
0.34735698780804236,0.33298559675800643,1.0431591972444387
0.4488762878732795,0.38284154717288704,1.1724858265463332
0.2918912163560402,0.3110181412741077,0.9385022209967795
0.35539268723463635,0.3367724196224324,1.055290357901279
0.35232699637044984,0.34351381057764147,1.0256559868087645
0.33527967645362416,0.33652231975923186,0.996307397065084
0.41754584191105465,0.3814479996507784,1.0946337175534395
0.389002243921835,0.3516751931943499,1.1061406987181397
0.287514830635502,0.31246101858247377,0.9201622395646538
0.46686821516069377,0.40443108666400485,1.1543826143823626
0.4779821322070312,0.4111457268731502,1.1625613522538247
0.49337443403011005,0.4171530613612416,1.182717999048467
0.3236789024687526,0.3146678716865639,1.0286366407027547
0.39900010991843476,0.35370799365941813,1.1280494562490095
0.40897769521093313,0.3932046590763362,1.0401140621569662
0.4367788687456333,0.37632672790108346,1.160637383323035
0.42122697983527263,0.36247317830329867,1.1620914457919196
0.265751968580319,0.3115544670013565,0.8529871875634571
0.34982807568469887,0.334345658791407,1.0463066185732985
0.3340011257191724,0.31787574486196657,1.050728566485021
0.3119314824615127,0.3241773358530994,0.9622248317904127
0.360533793605056,0.3438182022188858,1.048617528910027
0.3790431668455848,0.3582062151317438,1.058170268503514
0.30763154488615874,0.3108324379602807,0.989702191009643
0.3203220203347158,0.33696832757840267,0.9505997867416374
0.34153827883848165,0.33633106205085406,1.0154824141305159
0.25946041860890406,0.30956121491897004,0.838155447467215
0.4041529041574995,0.3617410493434092,1.1172436882434864
0.35747410343279107,0.34217230789998604,1.044719561400853
0.2768710620875513,0.3117421408658227,0.8881412738059039
0.5244601549876289,0.44695795527930554,1.173399307010638
0.4509986878126936,0.3937218717667842,1.1454753219293758
0.3863695679730876,0.36089125082244256,1.0705983231585192
0.4255687741276357,0.3847224209391154,1.1061709714989147
0.42192956390152364,0.3736456972050059,1.129223665782042
0.35185295006442613,0.3357524951873933,1.0479533439298692
0.30425678126793987,0.30966502749525887,0.9825351726959164
0.328771899673483,0.32253273430385315,1.0193442857299317
0.2446656506001689,0.3099075703032324,0.7894794256260766
0.389193057160705,0.3538489649154681,1.0998846845678365
0.31850330453222864,0.3167148614523881,1.0056468555710936
0.3326644034533582,0.3224513170587987,1.0316732661777193
0.3260891922899951,0.3287520033340179,0.9919002439011229
0.2683355204810094,0.30182233227612565,0.8890512456696529
0.3911253488218566,0.356383560581685,1.0974842615733074
0.3988417379867628,0.35741690185341946,1.1159006077175728
0.2943394925560552,0.3153414126040715,0.9333994229473901
0.42726681082210444,0.3741599636235985,1.1419362100749266
0.4569997745289637,0.394042924059597,1.1597715543798086
0.3026201731152172,0.322820116842447,0.9374266265534859
0.2737692918258495,0.3189811218104535,0.8582617374721317
0.33187822092060243,0.3192413852265973,1.0395839520776278
0.3521611676294205,0.33628821981844886,1.0472004277150742
0.49088284247588004,0.4198420364991056,1.1692084160251204
0.3917652882971428,0.3716829025023082,1.0540309647272783
0.48992641427735845,0.4210032296948213,1.163711771599706
0.410342393830406,0.383211940561529,1.0707975154143738
0.5160986146361484,0.4345345310173682,1.1877044925010116
0.38178554645644996,0.3528949631228037,1.0818673723138197
0.37006927821329266,0.34588904776529306,1.0699074764125154
0.38428858405794225,0.3730183094327696,1.0302137303724066
0.4378667720567772,0.3840149170155264,1.140233758260681
0.3557777828049292,0.33651149340878467,1.0572529906808872
0.29564370254452566,0.3161507717001771,0.9351351602105232
0.3701464916199022,0.342813996718988,1.0797298102251036
0.37024578864995245,0.3391821009613874,1.091584100695518
0.38041059099434255,0.3580172501379311,1.0625482175727121
0.3245526420676548,0.32596020835085904,0.9956817849321989
0.4440580605128106,0.3796160259694608,1.169755832564703
0.4038513864415722,0.3671480439798237,1.0999687811594756
0.4073826964484574,0.35777320018195613,1.138661856844702
0.27902520977396317,0.3071681065815393,0.9083794957726008
0.363693336042193,0.33327405209284183,1.0912740843708921
0.39266304222282006,0.3574779458198277,1.098425921974851
0.3433659054667948,0.3348483683450567,1.0254369975396174
0.395809447955024,0.35686140748385087,1.1091405224952369
0.4865524809352706,0.40925511903655926,1.1888732927291894
0.4020920609215791,0.36141433024159886,1.1125515157431305
0.2640540425324343,0.3073840826805685,0.8590361616311718
0.39765766695354826,0.35683910374682054,1.114389266137404
0.38527071401340074,0.3465445001063672,1.1117496133834097
0.2892641728963832,0.3080499615633101,0.9390170718684991
0.3817659540552593,0.34627227033915514,1.1025022410294074
0.36933616592038676,0.3359225472119158,1.0994682226179717
0.44371799671001944,0.3822997837396437,1.1606545846549658
0.36859561592926404,0.34480950879298206,1.0689833271116742
0.37496453815788483,0.3473240302989398,1.0795813288103187
0.35850452943914973,0.32898653623305407,1.0897240158946355
0.3610212813902222,0.3502744407928906,1.0306812012118405
0.4810561113804123,0.4073676338859633,1.1808893769775461
0.2837647556670868,0.31783688475520994,0.8927999526726905
0.4285135631007586,0.3710725435655741,1.1547972775976452
0.4214321916846356,0.3735356965517492,1.128224679930291
0.27511403786322824,0.31729796952545647,0.8670526265096573
0.4418125018494277,0.39520896450143866,1.117921255674906
0.36530450007302406,0.3561981749991454,1.0255653333257546
0.3620729937050188,0.33951758484331096,1.0664336984846228
0.3139255373342879,0.3231332173043206,0.9715050032712635
0.30507457326575765,0.3108076184190341,0.9815543609180548
0.38826646356143635,0.36367479730892666,1.0676199352676619
0.2718563005418892,0.3056742605328432,0.8893660201156505
0.34768008854488464,0.3406476421097608,1.0206443420291103
0.43863488497770003,0.38013849042761383,1.1538817984053238
0.28242663627118214,0.3136974574626564,0.9003153501963054
0.35821193775610255,0.34977523885820505,1.0241203434681025
0.3889112231819522,0.35881135762375843,1.0838877168145715
0.34768119039504686,0.3338191214379192,1.0415256888144007
0.338985360695485,0.32292556377841825,1.049732194407769
0.34849112536091126,0.32928023282840563,1.058342076496638
0.32002288719677346,0.3218448406412396,0.9943390316873308
0.3827631193063136,0.3546524431063395,1.0792626041252038
0.4612420034696422,0.390657137512817,1.1806823917418108
0.2990822138152096,0.3078289505822038,0.9715857239858329
0.39213394931012646,0.348925613540939,1.1238325135569847
0.2458506217403815,0.30451850005493303,0.8073421539119355
0.25062333860574343,0.3099813633712029,0.8085109887900641
0.3616797845294471,0.34182702440816776,1.0580783808876786
0.40351498940999037,0.357032336999696,1.1301917154084953
0.3466584696341545,0.33036071124781546,1.049333222236931
0.28264712709030876,0.30863521989677734,0.9157967363052076
0.3832666757171587,0.3577252531197048,1.0713995514007144
0.3258502236238081,0.33015455746542194,0.9869626702273688
0.4020423962138646,0.353694826740245,1.1366928940386405
0.4458791212098437,0.3853367854290923,1.1571153808047017
0.3160838637056167,0.3369553849403632,0.9380585022006979
0.32996502285402624,0.32458258119947236,1.0165826571304704
0.35822968487963414,0.3388690306423399,1.057133147282876
0.2953807763481793,0.3078501977812784,0.9594951651063793
0.45260992107756676,0.392828136580397,1.1521830513913167
0.3914746531334799,0.36788149875179593,1.0641324841334354
0.2992802544847758,0.31873866338737344,0.9389518400566635
0.2961306121440673,0.3242453043338834,0.91329190642383
0.25877200330406186,0.30420235969784815,0.8506574490779414
0.38400773323793974,0.3528597724335799,1.0882729152987336
0.4079521238229485,0.357442332737072,1.1413089230341125
0.42361030916708114,0.36538972447247636,1.1593383195946725
0.3744355889128932,0.339924261702455,1.1015265195770194
0.28465707189665007,0.3094549231544364,0.919866030874517
0.2744880171239059,0.314780013132758,0.8719995097278969
0.34294241486166477,0.33838122425573547,1.0134794435357977
0.33873916407644333,0.32766526498656173,1.0337963778075034
0.37860264224491924,0.3583490378826598,1.0565192095447773
0.3007369913943972,0.31278392332637245,0.9614848109715506
0.382749704293833,0.34193007609309245,1.119380045964799
0.3788052724953355,0.3518709206608931,1.076546114648672
0.3584796615936211,0.33380846841635425,1.0739082303523075
0.40608436316843927,0.3591920039803316,1.130549563098502
0.3223415150412549,0.31703499666009005,1.0167379577556677
0.32308909503980665,0.32201127985814854,1.0033471348647567
0.3129571028824644,0.3235269375000208,0.9673293522349875
0.2920467994717633,0.3097104118742626,0.9429673277833797
0.3986716370752662,0.3646842036706422,1.0931968894252386
0.3201907854646044,0.3191064950120728,1.0033978952778464
0.4491342828504431,0.39633152051788817,1.1332287733853652
0.484220590201699,0.41161322865794014,1.1763970555088676
0.4302682821910222,0.38915992531094484,1.105633581996479
0.40452371772662027,0.36835321165428175,1.098195169549075
0.33540297550784776,0.33096235441133204,1.01341729969384
0.39271203731007887,0.3586644284129675,1.0949288699962987
0.27979737988502706,0.31199528610990773,0.8968000234031158
0.34703565920225543,0.3298818515480254,1.0519998525949001
0.3591845120289062,0.333455236190263,1.0771596095853855
0.38268691014543804,0.3398872436958307,1.1259231325783716
0.2982201278486672,0.3165156067508505,0.9421972297353892
0.31180763639371273,0.3174634168457793,0.9821844655101974
0.3552021473264198,0.359397638460957,0.9883263252577187
0.2885012230256682,0.30833283285673085,0.9356811610125297
0.35870460950816313,0.3360088085836387,1.067545255793123
0.4945598029797277,0.41859661128262854,1.1814711100129052
0.23957598646721295,0.3238709998241239,0.7397265781663477
0.30034374971302785,0.30971450409435686,0.9697438955636571
0.24751280142779208,0.3036037462636307,0.815249496996876
0.34991582988603875,0.334104403361325,1.0473248073525512
0.3434627981124187,0.3374304740723879,1.0178772354708445
0.27034129525053996,0.3153329377224379,0.8573201937074507
0.243024700381945,0.31203955397171346,0.77882658556798
0.326308969539105,0.32716146163448884,0.9973942771525569
0.39172804284972385,0.3508644990523358,1.116465313269818
0.40821359671128243,0.3577567274185284,1.1410368147563195
0.3674224744181623,0.35313869578853163,1.0404480698376486
0.29968006364584215,0.3157071173992936,0.9492344237105651
0.3090929127056031,0.3152951442959276,0.9803288071429883
0.35775218295654726,0.33829541117857237,1.057514146320195
0.3199989008567598,0.32080996832866265,0.9974718133724825
0.3900718622508468,0.3451747100835381,1.1300708043078904
0.3134554968193345,0.3179680151075729,0.9858082634924404
0.4484899865599421,0.38200886532205414,1.1740303099558718
0.37971565604942686,0.34178625144868036,1.1109740501263015
0.2995290757082435,0.33114536713971543,0.9045244337719135
0.41861999673690947,0.36731639163367447,1.1396714284245726
0.33839516741773,0.3265003682234107,1.0364311968744249
0.4671757562715385,0.40950168882173443,1.1408396327149481
0.4056752581038602,0.3574722028464193,1.134844205713389
0.2873269810324279,0.30495625613434163,0.9421908068869144
0.32943832914160054,0.3188045179726982,1.0333552712380725
0.3105768043753612,0.31542003067332103,0.9846451530436382
0.4437560729689216,0.38649939174421005,1.1481417110808927
0.39696327092110884,0.35835027623581645,1.1077520996799306
0.28619711267618586,0.30956968375089744,0.9244998063391799
0.3324631776229199,0.3247599766781025,1.0237196745227404
0.45074750823193194,0.3912172118996795,1.1521668641397043
0.3832317367998571,0.35154922624895396,1.0901225438296565
0.33731589735632195,0.32196761262781615,1.047670275290229
0.4128267475721821,0.3892889247321883,1.0604636334213378
0.39104260007652253,0.36095624555215755,1.0833518048104187
0.3543071655946547,0.33441356988054577,1.059488003794867
0.37473450847461987,0.3411245689091566,1.0985268802916794
0.3094186965268703,0.32974029652277737,0.9383708930627976
0.2647051715071672,0.3032668502211708,0.8728457176052024
0.3956370691512663,0.3610658423481032,1.0957477078926592
0.38981895368880043,0.35817834010142463,1.0883375962332513
0.31514152001669454,0.31711542883972194,0.9937754248342642
0.38009900436725697,0.35513257288662115,1.0703017221926487
0.2904193219897784,0.3245952711857531,0.8947121161958729
0.3546015267739571,0.33625471292192405,1.0545622504220278
0.3217512861390171,0.3149689847087212,1.0215332358408815
0.37780049594196496,0.3456707343478401,1.0929490361824887
0.3233617135943306,0.3187164717263771,1.0145748409010422
0.2884705477234102,0.3078802941346086,0.9369568407560626
0.3186996967123121,0.3223183571202541,0.9887730241607309
0.25574420339438575,0.30863889696879093,0.8286194835003127
0.3586537935767881,0.345936476088135,1.0367620021816175
0.446475332472157,0.385606362406899,1.1578526082539788
0.3576204715227303,0.34321374180541914,1.0419759699641598
0.3425694287038354,0.3367147504189612,1.0173876501626062
0.2601541470204457,0.3090381461170164,0.8418188831677079
0.31682315877462347,0.3318089418849043,0.9548361083183858
0.3016729831474299,0.33033332061625936,0.913238127430313
0.33646130731050505,0.3250597919925282,1.0350751326335645
0.4389113254813028,0.388652250855509,1.129316309155968
0.3952005825470191,0.361695241993968,1.092634175579257
0.4181766085219112,0.377922907342777,1.1065129961614737
0.4219129476913131,0.3634500087818767,1.1608555165685048
0.4160011977334667,0.3670634006769879,1.1333224640926367
0.3294844139041868,0.3685366795814095,0.8940342499379466
0.2645521702895673,0.3029222767790983,0.8733334936687016
0.2827975795472168,0.3163181848052984,0.8940288390984719
0.3120122017803102,0.3250260332040571,0.9599606490118391
0.2778625712399944,0.3047728544373736,0.9117038056192472
0.2570919355263731,0.3072784963569902,0.8366740223425484
0.28329271776118015,0.31144779173514653,0.9095993783834264
0.2727912939602636,0.30688687334630266,0.8888985409696415
0.3733843033584118,0.3478289685152454,1.0734709790051493
0.40602149652924885,0.35745689142846554,1.135861431868637
0.35272384901013626,0.3357658737743946,1.0505053567389517
0.3880935047654451,0.36228741380420404,1.0712309894794958
0.3743381215261677,0.345555258733177,1.0832945297910097
0.30801392579439246,0.3145062972992838,0.9793569427364655
0.31722964472155263,0.32107094103602585,0.9880359888625293
0.2987429755330768,0.31805584561289074,0.9392783677891592
0.3416268916544676,0.3557972418289563,0.9601729622701772
0.363245497018963,0.3393261392657128,1.0704907609092853
0.35132947460584024,0.3358932417704672,1.045955770809826
0.39166860164003015,0.35681785464012455,1.0976709728694911
0.2792785147983645,0.3077176224324826,0.9075805038095991
0.38983664639850074,0.3522961298332734,1.1065595485905384
0.3972744027436363,0.35898621745992854,1.1066564213930625
0.4386953047180611,0.3775195458617626,1.162046600042
0.27686102173650856,0.3091300053538849,0.8956135507440128
0.33918536524181714,0.3468739395016329,0.9778346731067135
0.32918589125913233,0.32613737143403687,1.009347348976571
0.30283998587615457,0.31920461492283836,0.9487331063473514
0.2466200995064937,0.30449952095857863,0.8099194991510075
0.30223069056820673,0.34008512523391454,0.8886912956287897
0.462530516074721,0.39478782122723627,1.1715926662501899
0.39783817038128366,0.3525834786610016,1.1283517080611514
0.33313533821125324,0.33492844343417266,0.9946463035371559
0.2917255519186468,0.30821662248827203,0.9464951940732764
0.3296765447333175,0.33010880576390017,0.9986905498337665
0.2756082020379801,0.30754360743574694,0.8961597489733585
0.3973271448677036,0.3575815052709143,1.1111512732367879
0.4044659096741636,0.3582200810779066,1.1290989283936859
0.2609449282377024,0.3020599274140601,0.8638846286948954
0.38911937427180515,0.3560650418201524,1.0928322878389967
0.2075266231292783,0.33421878170935204,0.6209304637755232
0.3139955391496453,0.3258543857240749,0.9636069143335964
0.4191145581025923,0.36973579368613346,1.1335514853029787
0.31228225462629255,0.3225673355464759,0.9681149335757792
0.3675331893953004,0.3445364182921665,1.066746996492059
0.2836327995252064,0.30984680614419496,0.9153968796864436
0.28436231878100476,0.3065442645148933,0.927638686148666
0.4228585227704583,0.37319670587802245,1.133071423488576
0.3329577421943622,0.3295223651029507,1.0104253229984503
0.3696982498647714,0.35569799587918904,1.0393599462121723
0.3145873803690323,0.31511939355019625,0.9983117091741952
0.4667710481865642,0.4189737843185055,1.1140817532194878
0.3548259089798073,0.3519509923793099,1.0081685139770795
0.4491245150671205,0.389392944636567,1.1533966427827882
0.4005405530478684,0.36273966489030895,1.10420941467482
0.39786554654462647,0.3521629409959503,1.1297768737943432
0.3378318497237727,0.3456419180612996,0.9774041632990192
0.33592543309881573,0.3246169950972215,1.0348362475544677
0.3353973236831266,0.3276844974101895,1.0235373547845392
0.4665260148989986,0.40824111967622073,1.1427707607430728
0.2491544023737698,0.30822330409044824,0.8083567954376848
0.4251311241942122,0.3831274860321865,1.10963358070973
0.4274595642864845,0.3739159249920795,1.1431970015600144
0.41355132311666787,0.368278774365832,1.122930105947035
0.3358339183295014,0.33126950376481823,1.013778553452127
0.37025018107174085,0.3425487543228892,1.0808685665887432
0.40073239788493836,0.36192472193400693,1.1072258223852627
0.4114754288894818,0.36825102768655793,1.1173775439934819
0.3838237167192483,0.352982613006154,1.0873728693049156
0.25205664381176657,0.3042646492107762,0.8284125167533246
0.49936880184661997,0.43053485654542767,1.1598800753404952
0.39002758835309526,0.34474659953629083,1.1313457156001268
0.3601797004264465,0.3281484226528495,1.097612164381735
0.4644725239262156,0.39794715187947927,1.1671713737176939
0.2535353825084551,0.3065316852295424,0.8271098706112496
0.36870542017790625,0.3384240259244798,1.089477672782558
0.34168965637516596,0.33551581427592303,1.0184010464978133
0.37143311777992444,0.35097849184075086,1.0582788587183696
0.36493809866497096,0.3338653159022403,1.0930698137324009
0.3152196663063995,0.3230669240069375,0.9757101172623619
0.35188652865513,0.33775420659500743,1.0418420312291425
0.2527992680579802,0.3060586433784139,0.8259831033277395
0.38981195964843834,0.3431729398969143,1.1359052953462296
0.31726242323119025,0.3229272967315355,0.9824577434063907
0.3891354781696872,0.35027317919729406,1.1109485432525898
0.44462043384697936,0.3835570922897588,1.1592027439583625
0.2735980605639624,0.31424052101870176,0.8706644823430632
0.27270741840577684,0.3037573908221,0.8977803557889129
0.4125610711039747,0.3595356154229855,1.147483179430238
0.3584567631198782,0.3349312400406183,1.0702398590122761
0.28315811081419695,0.3166703320239945,0.8941731579475581
0.37284773851300507,0.3404587300466368,1.0951334350038007
0.3180444373438977,0.32470067366131045,0.9795003926466881
0.36052229064678715,0.33197758828923046,1.085983823500421
0.2390058910329155,0.3099537389132424,0.7711018162610854
0.4226718028292226,0.3868921228838363,1.0924797322796078
0.26734828764485263,0.30207816413875804,0.885030165642981
0.24618676620803343,0.3134396669074924,0.7854358978778911
0.3346284898780884,0.3275660506425968,1.0215603516348444
0.4235072628716246,0.3707757802598765,1.1422193288212856
0.2684245623108294,0.3072598291322654,0.8736077315049254
0.2953303029414389,0.3181681650419041,0.9282207819331726
0.4118184952512164,0.36501045848590324,1.128237522178069
0.26019071208569156,0.3067498600234613,0.8482178673717774
0.38868176584621883,0.34925641247546335,1.1128836922171765
0.30737630542747085,0.31119536718842783,0.98772776794378
0.45857302036737974,0.4116574665102538,1.1139674551632537
0.3017277834257359,0.3092939097051895,0.9755374223609337
0.4178444644516232,0.36789081982407973,1.1357838846085657
0.41754221283763054,0.378434401629679,1.103341057365659
0.326518699306724,0.3208270509866504,1.0177405499398193
0.4006477351486858,0.3686869874187131,1.0866880275697806
0.3354966087835664,0.33326625004870447,1.0066924230537475
0.39623996255195604,0.36418266372433833,1.0880253291021094
0.3375253720615622,0.335829576678787,1.0050495712722682
0.34602040981214083,0.3339010365263084,1.0362963032757089
0.45322731247111975,0.389509873641479,1.1635836294314041
0.37443268799337825,0.33776899338287303,1.108546655639719
0.27941126531772664,0.3064195868893045,0.9118583709162994
0.28168819575127085,0.3057390794429429,0.9213352649079314
0.3481077103106055,0.35244260335271005,0.9877004283793512
0.415853808691911,0.36506783058835346,1.1391138135116137
0.29572927725872633,0.31434691829330413,0.9407735850071021
0.29266386477416834,0.30787622632458894,0.9505893594577762
0.38456426672346505,0.36278404163470024,1.0600363372948363
0.2865748794640196,0.3130270661889635,0.9154955287189906
0.3584814334139412,0.3397298584500969,1.0551955458062827
0.4084827116635327,0.3766174497582525,1.084609095849739
0.2554968150509557,0.30483779773349207,0.8381402075156267
0.30351411635294406,0.3095702721494148,0.9804368948141515
0.38465873840056874,0.3455085701864481,1.1133117137817852
0.3034477813247144,0.3173483964041164,0.9561976199126567
0.38779143874015143,0.3598070315487722,1.0777761542650284
0.30056910547267185,0.316748006012744,0.948921855124729
0.39038569427572967,0.3518241461550706,1.109604609410926
0.3819852653167592,0.3475173369282161,1.0991833348321924
0.41501345871533585,0.3762173197303861,1.1031216186770796
0.301290028396608,0.3226269198491109,0.9338651236465887
0.35218544749722286,0.3264388761193393,1.0788710330214197
0.2519721155844306,0.3126086072864327,0.8060306393085238
0.3657852075459621,0.34126784126530824,1.0718420059439284
0.3590072675294057,0.33812861341031136,1.0617476702385982
0.3785805656050229,0.3472858082089532,1.090112399229514
0.4327081842599101,0.3975242591031361,1.0885076177140818
0.32555565024794836,0.3189262188147384,1.020786724458866
0.3348018358080565,0.321955853942114,1.0398998238691821
0.30971871289795966,0.3140714720044214,0.9861408644386508
0.42185990404997076,0.36570066510717847,1.1535661383780456
0.2559448624955404,0.3023400537591333,0.8465463285901418
0.2634592558999796,0.3064421536540524,0.8597356883133092
0.44994519874582556,0.3837003326001235,1.1726474035005325
0.2907027038396851,0.305936926279238,0.9502046953768236
0.3148271015325414,0.3142673627724843,1.0017810909638183
0.31599606375862505,0.32049472842441246,0.9859633739128774
0.38226150417505683,0.34305742697114033,1.1142784680397388
0.34801474535968296,0.34276742240243424,1.0153086980100692
0.4086910064375615,0.37637064258807074,1.0858737642958638
0.35362258608370595,0.3364464942865876,1.0510514809599638
0.4265680584066102,0.3759365876636142,1.1346808807774271
0.3771548773417641,0.3466652257965737,1.0879512834756666
0.303616384878597,0.3168421951706465,0.9582574212221757
0.35151567337766093,0.33060526143335395,1.063248878295672
0.39039170578538646,0.35818033322175813,1.0899306008062857
0.3641824480720333,0.33864300173612705,1.0754170208891745
0.3522679284867101,0.3295853516880411,1.068821556184143
0.3498882851220759,0.33646606751022934,1.0398917421633862
0.36244443970608625,0.3517382861830575,1.030437839563069
0.3036022275119115,0.3157357089883914,0.9615707658935532
0.30775745120162457,0.31032221176597136,0.991735169230229
0.30952621041760037,0.32044263080001,0.9659333080771558
0.31660300242137823,0.31839679861439957,0.9943661613407309
0.29324826926790004,0.32347944256959443,0.9065437572738788
0.32672068163700824,0.3229425075988181,1.011699215647646
0.33092549885255973,0.324649081168195,1.0193329291485442
0.36458280553378747,0.33102105105103813,1.101388580503222
0.2978068062434306,0.3102081650664025,0.9600224616256723
0.3082191686462923,0.3372247510947388,0.9139873856996404
0.33235795844339,0.32741535753438394,1.015095812689504
0.34946519559155037,0.3277201368360611,1.0663525255586201
0.4640781567289507,0.3953627867477871,1.1738033327476496
0.3237723999569938,0.32189809557607296,1.0058226637767662
0.3006856162809078,0.32422641086476156,0.9273939636161445
0.3612307113624241,0.3331274189699193,1.0843619912146663
0.28405435447728705,0.30520539072744474,0.9306990082981659
0.31765678419655036,0.3203646036253657,0.9915476947260321
0.3341561626949266,0.3190573462515035,1.0473232057522384
0.33532161445036557,0.32797786648561217,1.0223909864511407
0.4190529200501401,0.3625441158590905,1.155867387496127
0.38606841188770263,0.3592338994632488,1.0746992766121148
0.36687757183286795,0.33898710645571645,1.0822758885102168
0.4624902192506244,0.39803353537353764,1.1619378221902756
0.37906116985767574,0.34593450844871854,1.095759921603392
0.3236322680205343,0.32072910722755343,1.0090517534191903
0.4051911324816501,0.3831262443745217,1.0575916905487661
0.3905690675852552,0.35654145374214724,1.0954380296763948
0.32020246170286654,0.31640401657666045,1.0120050471144566
0.42867777100044707,0.3728859517032036,1.1496216712976375
0.3341369134125325,0.3259685330174982,1.0250588003676901
0.43771332460925283,0.38136911802339557,1.1477419222560143
0.45341237247210175,0.38334558295475046,1.182777088436211
0.31994217199931224,0.3135264735291437,1.0204630199100944
0.429076005144559,0.37985784489566043,1.129569945468463
0.29378905128233107,0.31009544253877785,0.9474149277301692
0.2971495935209076,0.3376569845466178,0.880033901623268
0.30946661236642353,0.3109837323795963,0.9951215454211575
0.43428948266138,0.37402867144584184,1.1611128125087162
0.33586082471700995,0.32082528043233266,1.046865210448553
0.2797074981560397,0.3037072593328128,0.9209773212879533
0.3583206332763819,0.3459643858904022,1.0357153738647944
0.26329785552096435,0.3051471118526733,0.8628554729631064
0.294877551389985,0.3211192884487096,0.918280408550058
0.42759560485962556,0.39520604911080326,1.0819561234492676
0.34142790139997187,0.33376237977148,1.0229670031527829
0.36670372667097345,0.34592474256368166,1.060067932560408
0.3351236347435947,0.3181500873649689,1.0533507550452261
0.38290373908376857,0.3504842074626223,1.092499265104844
0.4320558531340132,0.3768823806259332,1.1463944067017589
0.26094775695503764,0.3115170304892213,0.8376677080711534
0.2816412384126532,0.3181783623041418,0.8851677919676909
0.3958075504963822,0.37217402349846945,1.063501280330517
0.4185698263400949,0.37485496994749795,1.116618052039485
0.43472732413653326,0.3753262250534611,1.1582652506485822
0.4149925541518685,0.36210013226551485,1.1460712581225172
0.2798864815420862,0.3065238404276574,0.913098573838801
0.3191179536171733,0.3265801317772988,0.9771505445860557
0.3694087554632459,0.34266638359863133,1.078042005707622
0.34572729369560806,0.32553046289932946,1.0620428288535457
0.36023690336660813,0.33677125162797167,1.0696783102037426
0.3354504424699439,0.32239688778649017,1.0404890840388588
0.2642509299907274,0.30700393692534644,0.860741176928245
0.2791968780325602,0.30548425183973976,0.9139485140433027
0.34593778061526426,0.3346305390905799,1.0337902259471412
0.36844852951054513,0.3456571282212684,1.0659364422963298
0.2956256858883848,0.31326624630892536,0.943688282320897
0.3105602954385025,0.312485361669084,0.9938394994879147
0.42695028981779204,0.37251677903089936,1.1461236482514994
0.3595491843166541,0.35044941084408904,1.0259660116153355
0.3325823303501779,0.3206570003554975,1.0371902998576652
0.37992466858949864,0.3448123062731367,1.101830363004934
0.37183032610860894,0.34845613233237394,1.0670793009719215
0.4447459158256269,0.39082387647674116,1.1379701768351267
0.3700338980886132,0.3432170421810681,1.07813381217066
0.3138322855480161,0.31431575319403465,0.998461840868281
0.3043575031629495,0.3161332443093634,0.9627507028811867
0.35707826107799795,0.33844575394108745,1.0550531567317398
0.3123611418018446,0.3119968545488467,1.0011675991205895
0.26399376360677745,0.3034498335325027,0.8699749824660916
0.34311235817857905,0.3368774521677082,1.0185079350688242
0.3726756665602339,0.3792390293849354,0.9826933350310851
0.31551997748021166,0.3261864882017834,0.9672993483562896
0.32575948899118823,0.32311324386583734,1.0081898380075367
0.2476006933341831,0.30540720760506707,0.8107231498425027
0.38441922852787835,0.35191288927151615,1.0923704139500334
0.3876770810960009,0.34871651852266183,1.1117256008932286
0.2720100718571001,0.3065673815025817,0.8872766258559356
0.3452054647200108,0.3258482215267589,1.0594057046024485
0.38403074266021964,0.3427688234155579,1.1203782737108432
0.4580251854503069,0.3954467805683593,1.1582473494714163
0.3865371619012178,0.35179227847428907,1.0987653383912122
0.35592847897552055,0.33580157055590887,1.0599369097240736
0.350469391607749,0.3378081258317492,1.0374806430272372
0.2879412154863938,0.3118360791485046,0.9233736399990733
0.43527327723620973,0.3723476810660225,1.168996879448887
0.3298246650538225,0.32289672022829696,1.021455606054553
0.27317280321039406,0.3099059427950422,0.8814700381239808
0.447493292892118,0.387228441642955,1.1556312625009357
0.2659556814435984,0.3019195871884572,0.8808825022590858
0.3594439359291243,0.3418908996433857,1.051341045649497
0.2945297434797217,0.3076842038472907,0.9572468777952026
0.35420749242802485,0.33343449538053654,1.062300083930371
0.3593708785183977,0.3304194592871021,1.087620200377302
0.3315040383649622,0.33764586641362676,0.9818098526900352
0.42257821945300145,0.37313723475574123,1.1325008069206084
0.37560604713920315,0.34844597421209056,1.0779462956589676
0.31741107781225947,0.31848593905243355,0.9966250904408149
0.3789275299602849,0.34625422303663006,1.094362190407706
0.38620227121702494,0.35258078795314207,1.0953582396223789
0.4725958568012994,0.4237363055584659,1.115306502185218
0.32638701129423237,0.32537178728109606,1.0031201968112227
0.3329349582022165,0.32678024588282195,1.018834407516792
0.31773903643030155,0.3271176872002998,0.9713294293247569
0.3141002333059127,0.3132176600324854,1.002817763447105
0.3117861228178005,0.31704040221675023,0.9834270983691298
0.35711631036260627,0.3488146985608821,1.0237994896315277
0.37271299875746694,0.3527414920004434,1.0566179687106343
0.28257878898613314,0.31282670201150364,0.9033077648714969
0.39578154719376885,0.37387421136905974,1.0585954718419557
0.2537387193656626,0.30348481703830205,0.8360837350675072
0.4437739421447894,0.38851271539735527,1.142237884520498
0.36858502974768076,0.3447094852116645,1.0692628011711247
0.3212342258744197,0.3232834315569139,0.9936612721764757
0.3486705113593988,0.34100703445124375,1.0224730757255118
0.38424267758760616,0.36718090169879736,1.0464669480625786
0.4523449902660269,0.39339439158354017,1.149851141611835
0.42002872983704853,0.3653852986495022,1.149550163593099
0.34309729018418317,0.342817302268536,1.0008167263256387
0.47252229558119685,0.411036243086056,1.1495879098969575
0.384677627682793,0.35421043714179223,1.086014378308126
0.36958969656498375,0.33943550566046304,1.0888362896681878
0.3983430703407352,0.3517360167547275,1.1325057752573224
0.26119035350525593,0.3109123578726375,0.8400771049835538
0.36342716974322714,0.340839791563345,1.0662697805214574
0.5262288938311561,0.44751952345092316,1.1758791879587451
0.4070201660933146,0.38529597113157094,1.05638313553589
0.3672886058825306,0.3580013947274354,1.025941829534396
0.4419951089083097,0.37954097059285535,1.1645517695175278
0.2682280975621523,0.30417392667458715,0.8818247523533121
0.39596742965005244,0.36264868778340686,1.091876085558995
0.3706714141753887,0.3578803585372562,1.0357411501721208
0.40208192371842516,0.35634088019505167,1.1283631659054556
0.35530432335128276,0.33919828118131656,1.0474826762502278
0.39868269337656237,0.35496908057687065,1.1231476632518287
0.4303067689573525,0.37626622619452194,1.1436231556294205
0.49808357333731107,0.42647754001413873,1.1679010653662991
0.409959448537281,0.3647114796868995,1.1240651072711678
0.33105671417459087,0.3234951417427578,1.0233746089387827
0.5790574122598173,0.5029151010976203,1.1514019185266364
0.44059663844371105,0.39211713787065056,1.1236352505180547
0.3422254996580911,0.3347461391720682,1.0223433808811708
0.41429619725412836,0.3678355982208191,1.126308055169304
0.36948572983454125,0.33860553875919647,1.0911981274390954
0.475319387468111,0.40499750703091514,1.1736353414931708
0.42938197005504886,0.39200809577910095,1.0953395470102951
0.39003599721852816,0.3491077868739227,1.117236601082709
0.25715134702093834,0.30187251307268004,0.851854130087775
0.25988251473469964,0.303318664813495,0.8567969758619918
0.542554835030075,0.4594396534719908,1.1809055464193867
0.3849369754057991,0.34876711008941724,1.1037077874318728
0.3333239538964885,0.32933849215776634,1.0121014149078358
0.38722312351798616,0.35479768516145016,1.091391346991965
0.5720806045462377,0.4871783491967684,1.174273457532444
0.26275769787252584,0.3042069906973524,0.8637464157881125
0.35673612015909373,0.3514673862130595,1.0149906766679067
0.3019853017485004,0.32218099602512407,0.9373156873751524
0.36344923022901665,0.34520481643394196,1.0528509827398829
0.3615909996578287,0.34087471505745204,1.060773896347475
0.3247379557354731,0.33181770724380516,0.9786637320619838
0.43302788035023804,0.3794896426927379,1.1410795753939682
0.29925886442134664,0.33228320579066845,0.9006138715595321
0.2987851741256846,0.3151602784530085,0.94804197912344
0.529350448711704,0.46185622051926933,1.1461368824188407
0.27935111898121956,0.30610661212844115,0.9125942005591337
0.3606356512074411,0.33320553845052636,1.0823218992231354
0.337768092006381,0.34165546605933805,0.9886219468466462
0.4639861089246008,0.40971096803367785,1.1324717791945018
0.28622984161573295,0.30839934319731344,0.928114303513946
0.35380654943483747,0.34280941727126674,1.0320794342556483
0.3602740777789146,0.32982996495928163,1.0923024468786255
0.26271958079402535,0.30607183078758043,0.8583592293286135
0.43740209409161507,0.3772946159419455,1.159311783444369
0.37655383579747453,0.3420750684610241,1.100792985269486
0.29705189826375267,0.31151977112727003,0.953557127975654
0.2732859215573318,0.3150029671370785,0.8675661821255389
0.3252779815769517,0.32640034741650775,0.9965613828280524
0.26622667951390083,0.30149044482260917,0.8830352141692025
0.3440497159765328,0.32899767540483366,1.0457512064581536
0.3237508450338347,0.3275512146615837,0.9883976323162916
0.39122981984627053,0.3575563507285397,1.0941766774639001
0.3925129663237112,0.35639032918029956,1.1013569510331382
0.3691527206694065,0.3456982679234714,1.0678466018554866
0.3581685030869961,0.3410673087934211,1.0501402328885554
0.38435294017070637,0.3434985789997749,1.1189360412782328
0.3749041775937294,0.3485599404000858,1.0755802206168759
0.27394435316583315,0.3216769914081919,0.8516131413894368
0.4074961525840927,0.3628242922423318,1.1231225728180416
0.32816325052795564,0.31907826657929356,1.028472587763681
0.2947399641366387,0.3101041230040774,0.9504548384632839
0.3504359048215501,0.32833656514923326,1.0673069710108969
0.3065126428833005,0.3268104915224525,0.9378910739842099
0.31374242877285996,0.3333187606038251,0.9412684368695553
0.2541955231081279,0.30632254166819173,0.829829635533229
0.2652316078081718,0.32579014727967615,0.8141179529916306
0.29570663237954714,0.3114749650857942,0.9493752806043216
0.31494751603013404,0.3136726621593789,1.0040642810947529
0.3252963878452486,0.32614261686732315,0.9974053405525387
0.3323154547998249,0.31892524353386376,1.0419854230339072
0.368259715320422,0.3513374738363427,1.0481652050927022
0.3138314822426048,0.32010862925888645,0.9803905723166088
0.3854337177407757,0.345444718362633,1.1157609228118635
0.3836897743924768,0.3533090537745003,1.085989080362959
0.3471712954309056,0.3472939755556208,0.9996467542389155
0.41703694185845736,0.3610492216442669,1.155069494290044
0.37330956441305135,0.3488170477919211,1.0702159392041548
0.2892307966869102,0.3113084234929445,0.9290811775720078
0.23814125518472073,0.31390903351107063,0.7586314179019069
0.40363183786256296,0.3619603063282208,1.1151273518277858
0.26529012130241103,0.3164581537643089,0.8383102730858795
0.42043877620131004,0.36280545315578266,1.158854621793076
0.3502945649406582,0.33042386386084893,1.0601370035675675
0.41697811690323944,0.3595837407979137,1.1596133795648491
0.4240029193402199,0.3639821480617525,1.1649003161228786
0.39800690850252235,0.3477242484656812,1.144604985872315
0.4174907429350583,0.35944158164993756,1.1614981800899573
0.3554121115904051,0.33563341053242546,1.0589294761406622
0.2762627818844576,0.3115551802332021,0.8867218374532312
0.3854415852334582,0.3509069092069325,1.0984154917455908
0.3188708693490616,0.3177315155039419,1.0035859012704882
0.3421399141080651,0.32376267043900225,1.056761465564095
0.23927831218509957,0.346227294045864,0.6911018175054763
0.2952760676467918,0.30658170602413415,0.9631235714486749
0.35757057671943027,0.3400873100456777,1.0514081712469787
0.4313669052635333,0.3770366660390849,1.1440980257840925
0.3819321141635611,0.3468711602699384,1.1010777427167422
0.2594050214724106,0.30752355958728855,0.8435289374919589
0.3959686023767864,0.368233438655361,1.0753195142263638
0.3386480636843875,0.33297506446100833,1.0170373094831053
0.3668126405168781,0.3434174457405978,1.0681246543134328
0.26065220561816405,0.3062369287706906,0.8511455710599153
0.328367595563567,0.32361159221481894,1.0146966408594873
0.39789121197717964,0.3725426070754919,1.0680421632861743
0.36155358423382866,0.337477733982572,1.0713405591744904
0.3238979814242354,0.327872111016259,0.9878790252098432
0.5175861232985701,0.43437266268362174,1.1915715876336295
0.37003418728970056,0.3595670539463524,1.0291103793533594
0.3377557998595893,0.3261881306075668,1.035463182643943
0.25386754723023036,0.31613494088944727,0.8030353953155975
0.3448384774875262,0.3267967814980579,1.0552076917855922
0.4031179503256114,0.3567131745247014,1.1300898848570466
0.37203976036488123,0.3534376134628348,1.052632052145753
0.2792552269485199,0.31323102577348805,0.8915311829628983
0.3344717638325216,0.31964511484334923,1.0463847194925489
0.5052084417522501,0.42249650053469756,1.1957695297188853
0.27061275969352216,0.31344495580643106,0.8633501821628928
0.3412172519414863,0.32975692439787346,1.0347538647279024
0.3188460279373728,0.33209788547087893,0.9600965314346509
0.33046059198971506,0.33341089136363566,0.9911511607738607
0.3414881585016298,0.3272200299818366,1.043604080473268
0.3834230631059553,0.3600575943155062,1.0648936980064772
0.2583082949389754,0.3085136092513419,0.8372671000342649
0.25460318127886583,0.30955796594617735,0.8224733629472598
0.2902587401749422,0.3071088537360942,0.9451330909019259
0.3522811255803378,0.3323369396074475,1.0600119444935858
0.40085206307843235,0.36509234638196936,1.0979470455922684
0.26718916231614026,0.3146537090994791,0.8491530676082616
0.44213092479136223,0.4042197831636829,1.0937884369017332
0.4229524592629284,0.37616101078843867,1.1243920744906928
0.30900646857671343,0.3116277417740677,0.9915884472209322
0.46488741131368605,0.4054248861620834,1.1466671809777123
0.3220029934034873,0.31816011340950867,1.012078446769449
0.3349119582767738,0.34547481120576895,0.9694251141143144
0.40632635106289616,0.3677040475104091,1.105036384053928
0.38155072284262675,0.35399174979463666,1.0778520207433593
0.4533104152767088,0.3897666214694923,1.1630303630609635
0.3651932362275914,0.3330629481137281,1.0964691158107809
0.4088121510063838,0.3588471813268481,1.1392374589506005
0.29900424530252195,0.30836306310993966,0.9696500037552129
0.33192811176055753,0.3193382593896096,1.0394248167914877
0.2970585611701154,0.3140375528062409,0.945933244338452
0.28913995479604343,0.3102652681712567,0.9319120909029599
0.3116007717374199,0.31462833176100946,0.9903773445746479
0.2819639179594913,0.30958487474559315,0.9107806645631512
0.36376592296410987,0.33915497139105993,1.0725655044126494
0.32457399397491415,0.3177969194362589,1.021325173795508
0.2842785740217961,0.31671325413606144,0.8975897607987974
0.2719557021040085,0.3040352176034084,0.8944875013089921
0.27636112255787176,0.3227816779451141,0.8561859034788967
0.3697791650966297,0.3481939392744017,1.0619919630629107
0.3553755113565846,0.339667628415018,1.0462448629999386
0.3023156205416089,0.310552290931517,0.97347734783987
0.39260484870690804,0.36722435618438776,1.0691144040287361
0.30328160292436346,0.31731360657418645,0.9557787521269046
0.29150071222215634,0.32234807644022717,0.9043041777735229
0.33271165564204713,0.3269794174577401,1.0175308838362827
0.39163978225210616,0.35188659714389964,1.1129715807048768
0.2601491542158041,0.30662047766973355,0.8484402483255389
0.355761966646385,0.33846219498158875,1.0511128625923414
0.3750946236170254,0.3366475073721633,1.1142058545003835
0.3794690644694922,0.34009698695149043,1.1157672047345057
0.2716173376236154,0.3046200627089127,0.8916593845073367
0.3368351265936705,0.31960085254514836,1.053924368196382
0.44464197213935946,0.379837828332284,1.1706100313694519
0.45588289644254654,0.4063037147234914,1.1220249284523427
0.383552399169526,0.3653104191868912,1.0499355589781365
0.3648439378428843,0.34339607703684594,1.0624580833628365
0.3125351785054825,0.3262027525492488,0.9581009849335873
0.34264396227284,0.3211844766103638,1.0668135829257688
0.3774467726237901,0.35813178761575376,1.0539326183152438
0.2781203905515313,0.3112505635857415,0.8935578697351221
0.3502306494565234,0.335993463863515,1.042373400450408
0.42268712612796205,0.3772174870000388,1.1205395844438106
0.378122973357504,0.34338830039806534,1.1011527559884051
0.33792081970267934,0.33761535904982803,1.0009047593501403
0.35589941194651686,0.32718824141337677,1.0877512297175307
0.33376537726922106,0.32687788893012715,1.0210705238021351
0.3815522909158614,0.34264575283929044,1.1135474108585233
0.3688678829088048,0.3397582143584366,1.08567760048226
0.3531567046540776,0.33384010420740795,1.057861833264552
0.32456172148842294,0.31508206371094566,1.0300863135966187
0.49641171604536716,0.4195805129350704,1.1831143266708057
0.3662159079655785,0.34819153936624425,1.0517656707918321
0.26950788440444623,0.3082773848028407,0.8742382597309576
0.44073909666133704,0.37714756510083225,1.1686118046221596
0.4329779884589998,0.3798468130481092,1.1398752696765717
0.3313925748577983,0.33707433239824713,0.9831439033045806
0.5040313405935867,0.4575280091792231,1.1016404033881722
0.4483105425461879,0.3903145529822995,1.1485878226183344
0.3745714588591116,0.3368358164704248,1.1120297799209844
0.3479325868556048,0.3354772551273771,1.037127201733836
0.32049469342302067,0.3280143520635688,0.9770752145653344
0.3966412502972639,0.35695515526373334,1.1111794981759229
0.33495509980681365,0.3342648905764323,1.0020648570934
0.3041820188689172,0.3264112582641311,0.9318980616249883
0.2688763823276944,0.30209587030785995,0.8900366034586563
0.40271296689501584,0.3723901031322159,1.08142768432284
0.3110914078467969,0.3275725893666259,0.9496869333551503
0.38688440435328003,0.3469725981958058,1.1150286978424473
0.30262339152394885,0.31190771571930415,0.9702337463055561
0.39666513089626365,0.36500524559093245,1.086738165239447
0.33014221886015827,0.3205667165470773,1.0298705443167078
0.36662493367808063,0.3581917014971386,1.0235439072030244
0.4139763491470199,0.3757524664552223,1.101726232304992
0.3807348191836342,0.3408127536178134,1.1171378275667152
0.3378280405704627,0.32506697241935556,1.0392567354847868
0.3073210947755795,0.31586284881421745,0.9729573956839034
0.263044201945355,0.31257551327691335,0.8415380948677251
0.39247756133106587,0.36653419225619416,1.070780215387759
0.30257596088894423,0.32170660467572226,0.940533879290226
0.31194770623244744,0.3234782633927829,0.9643544606694809
0.3570616991775187,0.3392097220167113,1.0526281412415648
0.39085900604466106,0.3448563457155138,1.1333965893354816
0.3609409621536971,0.3407238150634361,1.0593358790799434
0.2506920237248729,0.3106397604912388,0.8070184683648807
0.4142800159657438,0.37559114177311276,1.1030079517051077
0.3020331474912447,0.30981868570958526,0.9748706628184509
0.3605912506500842,0.3351848841519563,1.0757980675721937
0.420130263319765,0.36761344763810094,1.1428587991518866
0.28091833042654285,0.3327945520466875,0.8441193784540469
0.2524198655586783,0.31231230532236565,0.8082290106953456
0.32317271085952487,0.31583202786327014,1.023242364132344
0.28704963776450193,0.30479464779043414,0.9417804408490367
0.3658869676037217,0.3491506423244859,1.04793439636202
0.34390930941026215,0.3254557407290541,1.0567007011149048
0.43794849904263505,0.3865194481438857,1.1330568258485259
0.4622371815644078,0.4100951129515994,1.1271462813529367
0.415230983827814,0.36578189250524656,1.1351873680347864
0.31696016987855813,0.3189569801496455,0.9937395624007019
0.35403786733464293,0.3420183224782132,1.035142985233475
0.30421248044902427,0.31462595334207905,0.9669020537484628
0.2679389225095007,0.3140783389918922,0.8530958338913573
0.26538508933131366,0.30529380797508276,0.8692776676065885
0.3795730664186693,0.3578346831329752,1.0607497939980735
0.32690723655299114,0.3166422907954807,1.0324181136124377
0.2839124255808794,0.30931206382899606,0.9178834542251838
0.2959672915385024,0.31953641004684874,0.9262396466653338
0.316142931610804,0.31661839578563405,0.998498305274871
0.28981649140361765,0.31657037246627456,0.9154883609156852
0.3472648011304598,0.3320756043539408,1.045740176566327
0.3336771080034234,0.33282915403673674,1.0025477154161593
0.31439616959148325,0.32196053531734947,0.9765053014388544
0.24710999034981967,0.30332411001373366,0.8146730912311297
0.34832863469758996,0.32830381128069475,1.060994794238847
0.3201801807431397,0.3199410653694991,1.000747373186885
0.2725515763973784,0.317546829576083,0.8583035666305594
0.38139545169148936,0.3430951936548713,1.1116315784800685
0.3277563827033392,0.32751254576663796,1.0007445117442155
0.29763766940145703,0.3156853868878553,0.9428300509430626
0.3491757197675311,0.3348733324164483,1.0427098426974661
0.3887902320034978,0.37055870552360276,1.0492001030015845
0.35108211341748424,0.32923928889799475,1.066343310947488
0.2617094264421565,0.3059121540623147,0.8555051604417324
0.3707110861573362,0.34320264573064296,1.0801521805524856
0.2820276698658225,0.31358744217332996,0.8993589408785594
0.4335214618812273,0.41107074174777336,1.054615222766765
0.30955022005933114,0.3168535985869905,0.9769503058818684
0.30014678142879325,0.31073431122604106,0.965927387434386
0.3259215757191238,0.31726156815512874,1.027296112839487
0.36424081928933444,0.3348165464319686,1.0878817763665827
0.4222815543729587,0.38475499943050523,1.0975336382840988
0.37908583251358874,0.34202747631347374,1.1083490618927656
0.361983729854279,0.32936982747093574,1.0990190954458972
0.34700673637379836,0.33367856702792154,1.039943138885398
0.3123326784145571,0.3116867888896014,1.0020722390167922
0.3015034078468561,0.32633881586904817,0.9238968617445804
0.4798263051220148,0.40475482185271644,1.1854739689713087
0.3506037630740774,0.35525806841216045,0.9868988046946108
0.3361874740053639,0.32033171318056386,1.0494979428273545
0.27562189925653,0.30747590437879657,0.8964016214973911
0.26914607722506384,0.31848272281513956,0.8450884708784886
0.3978192035679246,0.3650207488680229,1.089853672158676
0.36343127935420577,0.34989486766446065,1.038687082723163
0.4200834467321025,0.3756022788829354,1.1184262459254957
0.31045713119246043,0.3101447958946794,1.0010070628361827
0.2886926979709135,0.30698736406028554,0.9404058009183096
0.35498224665987477,0.3365892300839173,1.0546452914472986
0.3172238947374692,0.31756850292870287,0.9989148539982536
0.36410642219000716,0.34236641070378604,1.06349925345051
0.32259176574015186,0.32372601235067894,0.9964962759640754
0.45800853316279516,0.39226487513837077,1.1676001655800392
0.241396278587533,0.3138182155771655,0.7692232847081991
0.27529584346889946,0.31534637093887147,0.87299512167928
0.3778120458856043,0.3428474099944102,1.1019830830624158
0.2923916144263557,0.31131910967648213,0.9392022697553144
0.4285359524803877,0.39158046585315515,1.094375204714862
0.4279859436565867,0.36933010406189093,1.158816838783514
0.40229893265958294,0.37953712747031676,1.0599725390266237
0.2692091219976204,0.3124972110200915,0.861476878845847
0.3445243032568852,0.3330359914499504,1.034495706475801
0.38892619748342444,0.35939599661018296,1.0821661931456383
0.2596294962458582,0.3058535232014951,0.8488687445160319
0.3869989695732789,0.35173930539493536,1.1002437419916826
0.2565655543272859,0.30424906766907905,0.8432747429364128
0.27040940503037936,0.30736726184139473,0.8797599438873028
0.38249829991509815,0.3474812271669153,1.1007739987385337
0.27776473304702837,0.3082932603910999,0.9009756901420968
0.29938802247783314,0.3182675321497473,0.940680378094517
0.29339523201120105,0.31491551382726873,0.931663316441528
0.3207836946664193,0.3148972783322467,1.0186931318217425
0.3735259600047578,0.3424268226672459,1.0908198052222462
0.363002831306344,0.3471670786529888,1.0456142117933476
0.3171841224323597,0.3213090331018803,0.9871621702331267
0.43246323815316506,0.3729778084018781,1.1594878526584946
0.4840779313751752,0.40875068354620775,1.1842865366620285
0.28938392129018675,0.3191017951898245,0.9068702390660026
0.249038843276572,0.3160618114142034,0.7879434790374061
0.3821169263554304,0.34620765150262617,1.1037217828576265
0.3768616938351848,0.34180461275270296,1.1025646810326863
0.4130831258856692,0.36611576486073527,1.128285546629765
0.26832912411583576,0.30335964354994305,0.8845247870673342
0.36371294825599054,0.3452996272725269,1.0533256323758815
0.3369122670378057,0.3394804565160942,0.9924349416026935
0.3746505946809414,0.33790159260843516,1.108756522243124
0.3744313411737582,0.34675059395280494,1.0798289828588463
0.4342587452521274,0.3856276211394618,1.1261090270685723
0.4377710049209671,0.37481706768752404,1.1679590996798637
0.3500657484138899,0.33091931219870674,1.0578583222839721
0.400970209985764,0.35803185656266806,1.1199288628540802
0.2687961521628127,0.3038066856411018,0.884760490361136
0.3973279012415594,0.3572136561257658,1.1122976247628966
0.38295391340118035,0.3635217625800949,1.0534552613388695
0.33557980999466325,0.3203182157273407,1.047645102644782
0.40255460432480555,0.36095468488421517,1.1152497008147562
0.3512006327474992,0.3344653147199534,1.0500360345034827
0.4604718711281207,0.4025929300390341,1.1437654185419373
0.28075975796707653,0.3102981418273776,0.9048064429701497
0.44897834374424017,0.39159390450258913,1.1465406855976013
0.35590759314364184,0.3328808867809658,1.0691740117173731
0.3289087307421017,0.32294576106298534,1.0184643070077435
0.2662426308608335,0.30928001383385356,0.8608465434299291
0.2667554406709322,0.31668397957681943,0.8423395494378779
0.334586080371557,0.3239989849439151,1.0326763228269822
0.39837845118584425,0.36268147635634246,1.0984251392933801
0.3571882391495083,0.3304837633042286,1.080804199208712
0.374848620023296,0.35165515127965835,1.0659551514011314
0.35930825753247464,0.3286608750349246,1.0932492572907966
0.3436917754718081,0.33187201195925137,1.0356154272931217
0.4057400944588427,0.3559873015392372,1.1397600215077384
0.3861714033570337,0.35145641214147133,1.0987746702472698
0.33575145510729726,0.33573086874305735,1.0000613180560876
0.5020505352638365,0.4368441557921955,1.1492669150017412
0.3232335738251781,0.3223626526580846,1.0027016813514598
0.3196905384682199,0.3238357955940807,0.9871995091887347
0.3665022086921917,0.3390692059645048,1.0809067949702242
0.3695583922217207,0.3389607289212,1.0902690509248756
0.3338640070428668,0.34074493251494914,0.9798062280154952
0.3442953554011988,0.335646648298975,1.0257672976806254
0.2910271213702809,0.3088928378999284,0.942162088797166
0.33960320616725304,0.3212643261838242,1.0570834620864051
0.42465303315222386,0.391735937297032,1.0840287875611285
0.30726370356555677,0.3113352953517357,0.9869221644735815
0.49614897216866477,0.41936822920309236,1.1830866947443195
0.3548936803943143,0.33052025297168036,1.0737426139653907
0.3765158513531489,0.3451280402020981,1.0909454100938043
0.33122139676797585,0.3311778248232619,1.0001315666130037
0.39873751406529756,0.35344094564964157,1.1281588026888019
0.35261638514261545,0.35130905946841623,1.0037212979254717
0.3758807180439304,0.34288216083397227,1.0962387694060773
0.323606616951593,0.3169108523741423,1.0211282274724556
0.2737511795539502,0.3054473071396803,0.8962304566291835
0.4355119997558345,0.37133261482075414,1.1728353028350618
0.4095622652914058,0.3791004539070526,1.0803528749976696
0.3038218423136754,0.31774543160138585,0.9561800488600646
0.39449124170624295,0.3526328793875594,1.1187023807631942
0.36025986983599917,0.33688970019037257,1.0693703892770257
0.2525301217715637,0.30943817846213045,0.8160923226300233
0.5049498096668881,0.4296112301996878,1.175364548622675
0.41109752153121004,0.36421532148253216,1.1287211088700078
0.2720149153453416,0.30225631285565496,0.8999478382284264
0.42404739869352936,0.3750198165071911,1.1307333106899917
0.5555706538338503,0.47422050555775674,1.1715449823925543
0.29892344597221426,0.3144998773694169,0.9504723768813864
0.3417390610830632,0.33743361070997546,1.012759399883221
0.3795220847430205,0.35647438276607524,1.0646545813421595
0.3480554117176237,0.32899970384934607,1.0579201368430518
0.29638207989784066,0.3140017443070069,0.9438867307949121
0.35900712355811937,0.3413705145016274,1.0516641253631407
0.25668909048894634,0.3043870994791591,0.8432981914416562
0.2840201773599204,0.3253768295335937,0.8728961363568656
0.40215192471195305,0.3650833903179061,1.1015344312480733
0.35047359600879024,0.33160677598341126,1.056895158337545
0.39540741879796704,0.35101295570650276,1.1264752835179805
0.44689165448023593,0.3967048463743668,1.126509188290854
0.30807992271954393,0.31847826750862,0.967349907827558
0.4268718990190576,0.3766762994972566,1.1332592456408757
0.305125712740148,0.3139298805686017,0.9719549862137772
0.3782618067778987,0.34583412362873855,1.0937665803735783
0.3392939254555905,0.32101125299059724,1.0569533693746518
0.37499002168767315,0.3524408729961122,1.0639799478984087
0.2739371046823593,0.3038776473994857,0.9014717174055065
0.36563929513914084,0.34240525610236866,1.0678553807883893
0.3727863238376352,0.3400792392716977,1.0961748933453919
0.3038278744805376,0.31943692659197104,0.9511357303679188
0.27099678694018436,0.31548057627623793,0.8589967412221818
0.29694341110813094,0.31641268211968554,0.9384687399976269
0.29384524919883465,0.3288718170104977,0.8934947721271446
0.3828706314282829,0.36019099925095416,1.0629655716675122
0.2827301194189493,0.3046233427942798,0.9281301847241707
0.32524695527756226,0.32793901915690377,0.9917909619713369
0.6073213515229382,0.5245589372115188,1.1577752440009366
0.34111829165080243,0.3392096374111144,1.0056267689039
0.32729384864185107,0.32262046088556234,1.0144857140909809
0.25009534273296413,0.3093016713378602,0.8085806379616259
0.3784384492577401,0.3549411930402856,1.0662004204589113
0.4063282847082165,0.3571823081129146,1.1375935355111866
0.35106230001469263,0.3381069548573049,1.0383172986277536
0.35232061427679245,0.33841720142696874,1.041083647022665
0.39496418959349133,0.3541635980337,1.1152026684456402
0.3187556392162979,0.3156524360108116,1.0098310763721778
0.3330996018597873,0.32682254784810916,1.0192063064589882
0.4486770423750431,0.3890662664926103,1.1532149688016322
0.23340578139482757,0.31264747410988136,0.7465461925107255
0.37572644285443624,0.3466100514028617,1.084003309580116
0.39025765393411443,0.35225073762084685,1.1078973363405054
0.4725293753272872,0.4114397642825589,1.1484776541986705
0.3464263811997617,0.34342711936373543,1.008733328461605
0.43464806648970866,0.3793184311962967,1.1458659288421946
0.3018202915703062,0.32282999101791476,0.9349202365574434
0.2975126464890195,0.30730566028776507,0.9681326605257603
0.4212664555127504,0.36569182298936076,1.151971220108486
0.3890381405106275,0.3510904071818279,1.1080853607861372
0.3686731397138434,0.3354534543204625,1.0990291945589739
0.26129873099865497,0.30132580232447836,0.8671634788091568
0.28290594305400996,0.304080720255451,0.9303646177118607
0.35638590158475725,0.33236721239213546,1.072265519272352
0.3167754715520364,0.32125230564779156,0.9860644296801923
0.3676402396490969,0.33474555509884546,1.098267726185455
0.26679973697054565,0.30515804908207655,0.874300179114024
0.34316102291669476,0.3246539766626164,1.0570054506780646
0.33925884009094553,0.3295526254163851,1.0294527001940792
0.3014284863377665,0.3188625705739423,0.9453241432357676
0.44796723921147186,0.39589279713851605,1.1315367252179025
0.3519445167412148,0.33051697683768494,1.064830376062809
0.3411685863048452,0.3228314150964716,1.0568010743405931
0.31179251716860185,0.3201643391617126,0.9738514850997124
0.2346370698560808,0.3093502720774173,0.7584834766117842
0.28492968431291327,0.33583750090859654,0.8484153304560867
0.28708165883335773,0.3123657179429209,0.9190562291019934
0.32846717190955466,0.33359055639451807,0.9846416980734183
0.30994472087585406,0.32813527085423644,0.9445638686416525
0.2961526254911367,0.3092519936039585,0.9576417666377361
0.38032323339892904,0.3467950639568768,1.0966800653374391
0.37106512977444045,0.34828656141347486,1.0654018009438027
0.34214746210496016,0.3347848871118353,1.0219919574525638
0.40096213700918365,0.36043724841496577,1.1124325767451266
0.3881358866046206,0.3481658672958082,1.1148016593908476
0.41682521242308007,0.3791653809994649,1.0993229691074258
0.3107906525065191,0.31071952915746487,1.0002288988698171
0.30489740822464145,0.32124631023667777,0.9491078916984563
0.29467376489346586,0.309142929651208,0.9531958735913286
0.2845222996366091,0.31168999056620184,0.9128374610931805
0.36111352606454905,0.3388075758778348,1.065836633460514
0.428274291747033,0.3709349329789867,1.1545806384627963
0.33613820752081985,0.33443775495581424,1.0050845113621525
0.3708409629965016,0.33640066934326074,1.102378790507394
0.41062465193712133,0.358858905791446,1.1442509724859926
0.3073354102527426,0.32075859166361326,0.9581517634765404
0.43664940631126464,0.401593526694698,1.0872919439341886
0.3089239294533716,0.31262696730467926,0.9881550914073937
0.31093231634355695,0.3139817047364386,0.9902880061262125
0.27260155718782336,0.3093218129866711,0.8812878553753012
0.24191089311895758,0.30751435672599753,0.786665363186623
0.3595461353398165,0.33326411243748416,1.078862445494375
0.42854115774792595,0.37029315829439985,1.1573023917639231
0.4321142295290568,0.37203397666210136,1.1614913062672314
0.3833763155090671,0.34736324966363824,1.103675520885705
0.3925551956201525,0.35262107405972876,1.1132493900624314
0.38488934286330695,0.3938312848643483,0.9772949931996354
0.416539571558426,0.3634765228477267,1.1459875545605165
0.333245426507613,0.3284908775729611,1.0144739146784858
0.4373601140459173,0.37627651985830635,1.162336980820948
0.28371269415817135,0.3177139013528213,0.8929816824197075
0.2796720816907363,0.30846843906585164,0.9066473138635492
0.3860486335611144,0.34167269127933675,1.1298785165288432
0.26011350874181344,0.3044721104337759,0.8543098031909537
0.35721998066448746,0.33522956378635604,1.0655980833842746
0.23429298169470777,0.3105190024873685,0.7545205923564645
0.40150531518716426,0.35729791459687554,1.123727004228855
0.40943778127322106,0.36788979108912667,1.1129359693866274
0.4424493600691712,0.3912591798895767,1.1308344514601336
0.3682692991974187,0.34172756479638666,1.0776692814255313
0.37798955482243346,0.33819672452698246,1.1176617850190804
0.25254988956725116,0.30638468477857755,0.824290188492181
0.3945944582143256,0.35037045755146934,1.1262206893010087
0.3021427327806152,0.3174817432944877,0.9516853777017206
0.3341560943756083,0.33568424989166046,0.995447640106602
0.38815029930906614,0.3450667382205421,1.1248557346057158
0.3999358020357616,0.3627096839316173,1.1026333725105688
0.34282889167590336,0.32346163669818384,1.0598749674781085
0.3044819829133014,0.3231480474776186,0.9422368022644172
0.4454908263574633,0.3857496893161044,1.1548702142761902
0.3401677628519143,0.34191420856420995,0.9948921522751878
0.3442266817475264,0.33205243435012355,1.0366636294091012
0.27021466350382206,0.30278374230716687,0.8924345192539953
0.26758117247384866,0.322149327878231,0.830612232644457
0.3399772209289773,0.3367761216785414,1.0095051253470144
0.2750673509789087,0.3225395025432806,0.8528175581904057
0.34220903821564497,0.3295074006374118,1.0385473514514776
0.38771580060249766,0.3628035907345934,1.068665830504772
0.43134361593468346,0.3746556707008346,1.1513067855820995
0.2739931297089753,0.31047621278827015,0.8824931457658094
0.28780389909555026,0.3077495135779257,0.9351888025736068
0.31932004731195074,0.31940954487526796,0.9997198031030908
0.36467707919507303,0.34410693854481295,1.0597783373309726
0.4488805795470449,0.38228588291234716,1.1742012970172038
0.42668946899379107,0.36919989505903245,1.1557139498253823
0.25595689669521127,0.30408579188850043,0.8417259323614282
0.40172745605277593,0.3648960571258728,1.1009366865101475
0.2630956151082588,0.304120986661956,0.8651018070012421
0.2576066254774015,0.31066560937824605,0.8292086980369835
0.389599594850049,0.35766454246005347,1.0892877224293551
0.3740411580427601,0.34879904677510104,1.072368636041413
0.27823645005697606,0.3130612495256109,0.8887604278031674
0.44139456339024824,0.41682961370575783,1.058932832209544
0.38901480087343737,0.35680391888394075,1.09027614408006
0.4891459988492508,0.4201287160133715,1.1642765186126498
0.29619819415518617,0.3192311724248269,0.9278485929344367
0.3429456680355078,0.32296700851025095,1.0618597534695955
0.32527424310391606,0.33362094276516063,0.9749814876965925
0.43433244036097834,0.37212074471391027,1.167181476794305
0.46936570632094454,0.41769055427935137,1.1237163529607443
0.3870072772371434,0.3551208460189012,1.0897903673515834
0.36503717556420623,0.3445744901255701,1.0593853753688471
